name,treatment,diagnosis,test,cure
Lung Cancer,Lung Cancer Treatment,Lung Cancer Diagnosis,Lung Cancer Test,Lung Cancer Cure
Breast Cancer,Breast Cancer Treatment,Breast Cancer Diagnosis,Breast Cancer Test,Breast Cancer Cure
Neck Cancer,Neck Cancer Treatment,Neck Cancer Diagnosis,Neck Cancer Test,Neck Cancer Cure
Head Cancer,Head Cancer Treatment,Head Cancer Diagnosis,Head Cancer Test,Head Cancer Cure
Esophageal Cancer,Esophageal Cancer Treatment,Esophageal Cancer Diagnosis,Esophageal Cancer Test,Esophageal Cancer Cure
Stomach Cancer,Stomach Cancer Treatment,Stomach Cancer Diagnosis,Stomach Cancer Test,Stomach Cancer Cure
Pancreatic Cancer,Pancreatic Cancer Treatment,Pancreatic Cancer Diagnosis,Pancreatic Cancer Test,Pancreatic Cancer Cure
Liver Cancer,Liver Cancer Treatment,Liver Cancer Diagnosis,Liver Cancer Test,Liver Cancer Cure
Gallbladder Cancer,Gallbladder Cancer Treatment,Gallbladder Cancer Diagnosis,Gallbladder Cancer Test,Gallbladder Cancer Cure
Bile Duct Cancer,Bile Duct Cancer Treatment,Bile Duct Cancer Diagnosis,Bile Duct Cancer Test,Bile Duct Cancer Cure
Colorectal Cancer,Colorectal Cancer Treatment,Colorectal Cancer Diagnosis,Colorectal Cancer Test,Colorectal Cancer Cure
Ovarian Cancer,Ovarian Cancer Treatment,Ovarian Cancer Diagnosis,Ovarian Cancer Test,Ovarian Cancer Cure
Cervical Cancer,Cervical Cancer Treatment,Cervical Cancer Diagnosis,Cervical Cancer Test,Cervical Cancer Cure
Endometrial Cancer,Endometrial Cancer Treatment,Endometrial Cancer Diagnosis,Endometrial Cancer Test,Endometrial Cancer Cure
Uterine Cancer,Uterine Cancer Treatment,Uterine Cancer Diagnosis,Uterine Cancer Test,Uterine Cancer Cure
Sarcomas Cancer,Sarcomas Cancer Treatment,Sarcomas Cancer Diagnosis,Sarcomas Cancer Test,Sarcomas Cancer Cure
Prostate Cancer,Prostate Cancer Treatment,Prostate Cancer Diagnosis,Prostate Cancer Test,Prostate Cancer Cure
Bladder Cancer,Bladder Cancer Treatment,Bladder Cancer Diagnosis,Bladder Cancer Test,Bladder Cancer Cure
Testicular Cancer,Testicular Cancer Treatment,Testicular Cancer Diagnosis,Testicular Cancer Test,Testicular Cancer Cure
Skin Cancer,Skin Cancer Treatment,Skin Cancer Diagnosis,Skin Cancer Test,Skin Cancer Cure
Lymphoma Cancer,Lymphoma Cancer Treatment,Lymphoma Cancer Diagnosis,Lymphoma Cancer Test,Lymphoma Cancer Cure
ER Cancer,ER Cancer Treatment,ER Cancer Diagnosis,ER Cancer Test,ER Cancer Cure
ALL Cancer,ALL Cancer Treatment,ALL Cancer Diagnosis,ALL Cancer Test,ALL Cancer Cure
AML Cancer,AML Cancer Treatment,AML Cancer Diagnosis,AML Cancer Test,AML Cancer Cure
ARM Cancer,ARM Cancer Treatment,ARM Cancer Diagnosis,ARM Cancer Test,ARM Cancer Cure
BCC Cancer,BCC Cancer Treatment,BCC Cancer Diagnosis,BCC Cancer Test,BCC Cancer Cure
CLL Cancer,CLL Cancer Treatment,CLL Cancer Diagnosis,CLL Cancer Test,CLL Cancer Cure
CML Cancer,CML Cancer Treatment,CML Cancer Diagnosis,CML Cancer Test,CML Cancer Cure
Ear Cancer,Ear Cancer Treatment,Ear Cancer Diagnosis,Ear Cancer Test,Ear Cancer Cure
Eye Cancer,Eye Cancer Treatment,Eye Cancer Diagnosis,Eye Cancer Test,Eye Cancer Cure
GBM Cancer,GBM Cancer Treatment,GBM Cancer Diagnosis,GBM Cancer Test,GBM Cancer Cure
Gum Cancer,Gum Cancer Treatment,Gum Cancer Diagnosis,Gum Cancer Test,Gum Cancer Cure
HCC Cancer,HCC Cancer Treatment,HCC Cancer Diagnosis,HCC Cancer Test,HCC Cancer Cure
Hip Cancer,Hip Cancer Treatment,Hip Cancer Diagnosis,Hip Cancer Test,Hip Cancer Cure
HLH Cancer,HLH Cancer Treatment,HLH Cancer Diagnosis,HLH Cancer Test,HLH Cancer Cure
HPV Cancer,HPV Cancer Treatment,HPV Cancer Diagnosis,HPV Cancer Test,HPV Cancer Cure
Jaw Cancer,Jaw Cancer Treatment,Jaw Cancer Diagnosis,Jaw Cancer Test,Jaw Cancer Cure
LCH Cancer,LCH Cancer Treatment,LCH Cancer Diagnosis,LCH Cancer Test,LCH Cancer Cure
Leg Cancer,Leg Cancer Treatment,Leg Cancer Diagnosis,Leg Cancer Test,Leg Cancer Cure
Lip Cancer,Lip Cancer Treatment,Lip Cancer Diagnosis,Lip Cancer Test,Lip Cancer Cure
MDS Cancer,MDS Cancer Treatment,MDS Cancer Diagnosis,MDS Cancer Test,MDS Cancer Cure
Men Cancer,Men Cancer Treatment,Men Cancer Diagnosis,Men Cancer Test,Men Cancer Cure
NHL Cancer,NHL Cancer Treatment,NHL Cancer Diagnosis,NHL Cancer Test,NHL Cancer Cure
PSA Cancer,PSA Cancer Treatment,PSA Cancer Diagnosis,PSA Cancer Test,PSA Cancer Cure
Anal Cancer,Anal Cancer Treatment,Anal Cancer Diagnosis,Anal Cancer Test,Anal Cancer Cure
ATRT Cancer,ATRT Cancer Treatment,ATRT Cancer Diagnosis,ATRT Cancer Test,ATRT Cancer Cure
Back Cancer,Back Cancer Treatment,Back Cancer Diagnosis,Back Cancer Test,Back Cancer Cure
Ball Cancer,Ball Cancer Treatment,Ball Cancer Diagnosis,Ball Cancer Test,Ball Cancer Cure
Body Cancer,Body Cancer Treatment,Body Cancer Diagnosis,Body Cancer Test,Body Cancer Cure
Bone Cancer,Bone Cancer Treatment,Bone Cancer Diagnosis,Bone Cancer Test,Bone Cancer Cure
Cell Cancer,Cell Cancer Treatment,Cell Cancer Diagnosis,Cell Cancer Test,Cell Cancer Cure
DCIS Cancer,DCIS Cancer Treatment,DCIS Cancer Diagnosis,DCIS Cancer Test,DCIS Cancer Cure
DIPG Cancer,DIPG Cancer Treatment,DIPG Cancer Diagnosis,DIPG Cancer Test,DIPG Cancer Cure
EGFR Cancer,EGFR Cancer Treatment,EGFR Cancer Diagnosis,EGFR Cancer Test,EGFR Cancer Cure
Foot Cancer,Foot Cancer Treatment,Foot Cancer Diagnosis,Foot Cancer Test,Foot Cancer Cure
Germ Cancer,Germ Cancer Treatment,Germ Cancer Diagnosis,Germ Cancer Test,Germ Cancer Cure
Gist Cancer,Gist Cancer Treatment,Gist Cancer Diagnosis,Gist Cancer Test,Gist Cancer Cure
Hair Cancer,Hair Cancer Treatment,Hair Cancer Diagnosis,Hair Cancer Test,Hair Cancer Cure
Hand Cancer,Hand Cancer Treatment,Hand Cancer Diagnosis,Hand Cancer Test,Hand Cancer Cure
Her2 Cancer,Her2 Cancer Treatment,Her2 Cancer Diagnosis,Her2 Cancer Test,Her2 Cancer Cure
Knee Cancer,Knee Cancer Treatment,Knee Cancer Diagnosis,Knee Cancer Test,Knee Cancer Cure
Male Cancer,Male Cancer Treatment,Male Cancer Diagnosis,Male Cancer Test,Male Cancer Cure
Nail Cancer,Nail Cancer Treatment,Nail Cancer Diagnosis,Nail Cancer Test,Nail Cancer Cure
Nose Cancer,Nose Cancer Treatment,Nose Cancer Diagnosis,Nose Cancer Test,Nose Cancer Cure
Oral Cancer,Oral Cancer Treatment,Oral Cancer Diagnosis,Oral Cancer Test,Oral Cancer Cure
Pain Cancer,Pain Cancer Treatment,Pain Cancer Diagnosis,Pain Cancer Test,Pain Cancer Cure
Womb Cancer,Womb Cancer Treatment,Womb Cancer Diagnosis,Womb Cancer Test,Womb Cancer Cure
Adult Cancer,Adult Cancer Treatment,Adult Cancer Diagnosis,Adult Cancer Test,Adult Cancer Cure
Basal Cancer,Basal Cancer Treatment,Basal Cancer Diagnosis,Basal Cancer Test,Basal Cancer Cure
Blood Cancer,Blood Cancer Treatment,Blood Cancer Diagnosis,Blood Cancer Test,Blood Cancer Cure
Bowel Cancer,Bowel Cancer Treatment,Bowel Cancer Diagnosis,Bowel Cancer Test,Bowel Cancer Cure
Brain Cancer,Brain Cancer Treatment,Brain Cancer Diagnosis,Brain Cancer Test,Brain Cancer Cure
Chest Cancer,Chest Cancer Treatment,Chest Cancer Diagnosis,Chest Cancer Test,Chest Cancer Cure
Colon Cancer,Colon Cancer Treatment,Colon Cancer Diagnosis,Colon Cancer Test,Colon Cancer Cure
DLBCL Cancer,DLBCL Cancer Treatment,DLBCL Cancer Diagnosis,DLBCL Cancer Test,DLBCL Cancer Cure
Gland Cancer,Gland Cancer Treatment,Gland Cancer Diagnosis,Gland Cancer Test,Gland Cancer Cure
Heart Cancer,Heart Cancer Treatment,Heart Cancer Diagnosis,Heart Cancer Test,Heart Cancer Cure
Mouth Cancer,Mouth Cancer Treatment,Mouth Cancer Diagnosis,Mouth Cancer Test,Mouth Cancer Cure
Nasal Cancer,Nasal Cancer Treatment,Nasal Cancer Diagnosis,Nasal Cancer Test,Nasal Cancer Cure
NSCLC Cancer,NSCLC Cancer Treatment,NSCLC Cancer Diagnosis,NSCLC Cancer Test,NSCLC Cancer Cure
Renal Cancer,Renal Cancer Treatment,Renal Cancer Diagnosis,Renal Cancer Test,Renal Cancer Cure
Sinus Cancer,Sinus Cancer Treatment,Sinus Cancer Diagnosis,Sinus Cancer Test,Sinus Cancer Cure
Small Cancer,Small Cancer Treatment,Small Cancer Diagnosis,Small Cancer Test,Small Cancer Cure
Stage Cancer,Stage Cancer Treatment,Stage Cancer Diagnosis,Stage Cancer Test,Stage Cancer Cure
Teeth Cancer,Teeth Cancer Treatment,Teeth Cancer Diagnosis,Teeth Cancer Test,Teeth Cancer Cure
Women Cancer,Women Cancer Treatment,Women Cancer Diagnosis,Women Cancer Test,Women Cancer Cure
Young Cancer,Young Cancer Treatment,Young Cancer Diagnosis,Young Cancer Test,Young Cancer Cure
Benign Cancer,Benign Cancer Treatment,Benign Cancer Diagnosis,Benign Cancer Test,Benign Cancer Cure
Breath Cancer,Breath Cancer Treatment,Breath Cancer Diagnosis,Breath Cancer Test,Breath Cancer Cure
Eyelid Cancer,Eyelid Cancer Treatment,Eyelid Cancer Diagnosis,Eyelid Cancer Test,Eyelid Cancer Cure
Female Cancer,Female Cancer Treatment,Female Cancer Diagnosis,Female Cancer Test,Female Cancer Cure
Finger Cancer,Finger Cancer Treatment,Finger Cancer Diagnosis,Finger Cancer Test,Finger Cancer Cure
Kidney Cancer,Kidney Cancer Treatment,Kidney Cancer Diagnosis,Kidney Cancer Test,Kidney Cancer Cure
Marrow Cancer,Marrow Cancer Treatment,Marrow Cancer Diagnosis,Marrow Cancer Test,Marrow Cancer Cure
Muscle Cancer,Muscle Cancer Treatment,Muscle Cancer Diagnosis,Muscle Cancer Test,Muscle Cancer Cure
Pelvic Cancer,Pelvic Cancer Treatment,Pelvic Cancer Diagnosis,Pelvic Cancer Test,Pelvic Cancer Cure
Penile Cancer,Penile Cancer Treatment,Penile Cancer Diagnosis,Penile Cancer Test,Penile Cancer Cure
Powder Cancer,Powder Cancer Treatment,Powder Cancer Diagnosis,Powder Cancer Test,Powder Cancer Cure
Rectal Cancer,Rectal Cancer Treatment,Rectal Cancer Diagnosis,Rectal Cancer Test,Rectal Cancer Cure
Spinal Cancer,Spinal Cancer Treatment,Spinal Cancer Diagnosis,Spinal Cancer Test,Spinal Cancer Cure
Spleen Cancer,Spleen Cancer Treatment,Spleen Cancer Diagnosis,Spleen Cancer Test,Spleen Cancer Cure
Talcum Cancer,Talcum Cancer Treatment,Talcum Cancer Diagnosis,Talcum Cancer Test,Talcum Cancer Cure
Throat Cancer,Throat Cancer Treatment,Throat Cancer Diagnosis,Throat Cancer Test,Throat Cancer Cure
Thymus Cancer,Thymus Cancer Treatment,Thymus Cancer Diagnosis,Thymus Cancer Test,Thymus Cancer Cure
Tongue Cancer,Tongue Cancer Treatment,Tongue Cancer Diagnosis,Tongue Cancer Test,Tongue Cancer Cure
Tonsil Cancer,Tonsil Cancer Treatment,Tonsil Cancer Diagnosis,Tonsil Cancer Test,Tonsil Cancer Cure
Vulvar Cancer,Vulvar Cancer Treatment,Vulvar Cancer Diagnosis,Vulvar Cancer Test,Vulvar Cancer Cure
Adrenal Cancer,Adrenal Cancer Treatment,Adrenal Cancer Diagnosis,Adrenal Cancer Test,Adrenal Cancer Cure
Gastric Cancer,Gastric Cancer Treatment,Gastric Cancer Diagnosis,Gastric Cancer Test,Gastric Cancer Cure
Lobular Cancer,Lobular Cancer Treatment,Lobular Cancer Diagnosis,Lobular Cancer Test,Lobular Cancer Cure
Myeloma Cancer,Myeloma Cancer Treatment,Myeloma Cancer Diagnosis,Myeloma Cancer Test,Myeloma Cancer Cure
Omentum Cancer,Omentum Cancer Treatment,Omentum Cancer Diagnosis,Omentum Cancer Test,Omentum Cancer Cure
Parotid Cancer,Parotid Cancer Treatment,Parotid Cancer Diagnosis,Parotid Cancer Test,Parotid Cancer Cure
Sarcoma Cancer,Sarcoma Cancer Treatment,Sarcoma Cancer Diagnosis,Sarcoma Cancer Test,Sarcoma Cancer Cure
Thymoma Cancer,Thymoma Cancer Treatment,Thymoma Cancer Diagnosis,Thymoma Cancer Test,Thymoma Cancer Cure
Thyroid Cancer,Thyroid Cancer Treatment,Thyroid Cancer Diagnosis,Thyroid Cancer Test,Thyroid Cancer Cure
Vaginal Cancer,Vaginal Cancer Treatment,Vaginal Cancer Diagnosis,Vaginal Cancer Test,Vaginal Cancer Cure
Appendix Cancer,Appendix Cancer Treatment,Appendix Cancer Diagnosis,Appendix Cancer Test,Appendix Cancer Cure
Asbestos Cancer,Asbestos Cancer Treatment,Asbestos Cancer Diagnosis,Asbestos Cancer Test,Asbestos Cancer Cure
Clitoral Cancer,Clitoral Cancer Treatment,Clitoral Cancer Diagnosis,Clitoral Cancer Test,Clitoral Cancer Cure
Duodenal Cancer,Duodenal Cancer Treatment,Duodenal Cancer Diagnosis,Duodenal Cancer Test,Duodenal Cancer Cure
Invasive Cancer,Invasive Cancer Treatment,Invasive Cancer Diagnosis,Invasive Cancer Test,Invasive Cancer Cure
Leukemia Cancer,Leukemia Cancer Treatment,Leukemia Cancer Diagnosis,Leukemia Cancer Test,Leukemia Cancer Cure
Melanoma Cancer,Melanoma Cancer Treatment,Melanoma Cancer Diagnosis,Melanoma Cancer Test,Melanoma Cancer Cure
Pancreas Cancer,Pancreas Cancer Treatment,Pancreas Cancer Diagnosis,Pancreas Cancer Test,Pancreas Cancer Cure
Salivary Cancer,Salivary Cancer Treatment,Salivary Cancer Diagnosis,Salivary Cancer Test,Salivary Cancer Cure
Shoulder Cancer,Shoulder Cancer Treatment,Shoulder Cancer Diagnosis,Shoulder Cancer Test,Shoulder Cancer Cure
Squamous Cancer,Squamous Cancer Treatment,Squamous Cancer Diagnosis,Squamous Cancer Test,Squamous Cancer Cure
Urethral Cancer,Urethral Cancer Treatment,Urethral Cancer Diagnosis,Urethral Cancer Test,Urethral Cancer Cure
Ampullary Cancer,Ampullary Cancer Treatment,Ampullary Cancer Diagnosis,Ampullary Cancer Test,Ampullary Cancer Cure
Anorectal Cancer,Anorectal Cancer Treatment,Anorectal Cancer Diagnosis,Anorectal Cancer Test,Anorectal Cancer Cure
Carcinoid Cancer,Carcinoid Cancer Treatment,Carcinoid Cancer Diagnosis,Carcinoid Cancer Test,Carcinoid Cancer Cure
Carcinoma Cancer,Carcinoma Cancer Treatment,Carcinoma Cancer Diagnosis,Carcinoma Cancer Test,Carcinoma Cancer Cure
Fungating Cancer,Fungating Cancer Treatment,Fungating Cancer Diagnosis,Fungating Cancer Test,Fungating Cancer Cure
Intestine Cancer,Intestine Cancer Treatment,Intestine Cancer Diagnosis,Intestine Cancer Test,Intestine Cancer Cure
Kalanchoe Cancer,Kalanchoe Cancer Treatment,Kalanchoe Cancer Diagnosis,Kalanchoe Cancer Test,Kalanchoe Cancer Cure
Laryngeal Cancer,Laryngeal Cancer Treatment,Laryngeal Cancer Diagnosis,Laryngeal Cancer Test,Laryngeal Cancer Cure
Malignant Cancer,Malignant Cancer Treatment,Malignant Cancer Diagnosis,Malignant Cancer Test,Malignant Cancer Cure
Medullary Cancer,Medullary Cancer Treatment,Medullary Cancer Diagnosis,Medullary Cancer Test,Medullary Cancer Cure
Papillary Cancer,Papillary Cancer Treatment,Papillary Cancer Diagnosis,Papillary Cancer Test,Papillary Cancer Cure
Pediatric Cancer,Pediatric Cancer Treatment,Pediatric Cancer Diagnosis,Pediatric Cancer Test,Pediatric Cancer Cure
Platelets Cancer,Platelets Cancer Treatment,Platelets Cancer Diagnosis,Platelets Cancer Test,Platelets Cancer Cure
Anaplastic Cancer,Anaplastic Cancer Treatment,Anaplastic Cancer Diagnosis,Anaplastic Cancer Test,Anaplastic Cancer Cure
Erythritol Cancer,Erythritol Cancer Treatment,Erythritol Cancer Diagnosis,Erythritol Cancer Test,Erythritol Cancer Cure
Follicular Cancer,Follicular Cancer Treatment,Follicular Cancer Diagnosis,Follicular Cancer Test,Follicular Cancer Cure
Intestinal Cancer,Intestinal Cancer Treatment,Intestinal Cancer Diagnosis,Intestinal Cancer Test,Intestinal Cancer Cure
Metastatic Cancer,Metastatic Cancer Treatment,Metastatic Cancer Diagnosis,Metastatic Cancer Test,Metastatic Cancer Cure
Peritoneal Cancer,Peritoneal Cancer Treatment,Peritoneal Cancer Diagnosis,Peritoneal Cancer Test,Peritoneal Cancer Cure
Urothelial Cancer,Urothelial Cancer Treatment,Urothelial Cancer Diagnosis,Urothelial Cancer Test,Urothelial Cancer Cure
Oesophageal Cancer,Oesophageal Cancer Treatment,Oesophageal Cancer Diagnosis,Oesophageal Cancer Test,Oesophageal Cancer Cure
Glioblastoma Cancer,Glioblastoma Cancer Treatment,Glioblastoma Cancer Diagnosis,Glioblastoma Cancer Test,Glioblastoma Cancer Cure
Mesothelioma Cancer,Mesothelioma Cancer Treatment,Mesothelioma Cancer Diagnosis,Mesothelioma Cancer Test,Mesothelioma Cancer Cure
Non-Melanoma Cancer,Non-Melanoma Cancer Treatment,Non-Melanoma Cancer Diagnosis,Non-Melanoma Cancer Test,Non-Melanoma Cancer Cure
Osteosarcoma Cancer,Osteosarcoma Cancer Treatment,Osteosarcoma Cancer Diagnosis,Osteosarcoma Cancer Test,Osteosarcoma Cancer Cure
Neuroblastoma Cancer,Neuroblastoma Cancer Treatment,Neuroblastoma Cancer Diagnosis,Neuroblastoma Cancer Test,Neuroblastoma Cancer Cure
Oropharyngeal Cancer,Oropharyngeal Cancer Treatment,Oropharyngeal Cancer Diagnosis,Oropharyngeal Cancer Test,Oropharyngeal Cancer Cure
Adenocarcinoma Cancer,Adenocarcinoma Cancer Treatment,Adenocarcinoma Cancer Diagnosis,Adenocarcinoma Cancer Test,Adenocarcinoma Cancer Cure
Hypopharyngeal Cancer,Hypopharyngeal Cancer Treatment,Hypopharyngeal Cancer Diagnosis,Hypopharyngeal Cancer Test,Hypopharyngeal Cancer Cure
Nasopharyngeal Cancer,Nasopharyngeal Cancer Treatment,Nasopharyngeal Cancer Diagnosis,Nasopharyngeal Cancer Test,Nasopharyngeal Cancer Cure
Neuroendocrine Cancer,Neuroendocrine Cancer Treatment,Neuroendocrine Cancer Diagnosis,Neuroendocrine Cancer Test,Neuroendocrine Cancer Cure
Gastrointestinal Cancer,Gastrointestinal Cancer Treatment,Gastrointestinal Cancer Diagnosis,Gastrointestinal Cancer Test,Gastrointestinal Cancer Cure
Diagnosing Throat Cancer,Diagnosing Throat Cancer Treatment,Diagnosing Throat Cancer Diagnosis,Diagnosing Throat Cancer Test,Diagnosing Throat Cancer Cure
Epiglottic Cancer,Epiglottic Cancer Treatment,Epiglottic Cancer Diagnosis,Epiglottic Cancer Test,Epiglottic Cancer Cure
Pharynx Cancer,Pharynx Cancer Treatment,Pharynx Cancer Diagnosis,Pharynx Cancer Test,Pharynx Cancer Cure
Chronic Laryngitis Cancer,Chronic Laryngitis Cancer Treatment,Chronic Laryngitis Cancer Diagnosis,Chronic Laryngitis Cancer Test,Chronic Laryngitis Cancer Cure
Tonsil Stones Cancer,Tonsil Stones Cancer Treatment,Tonsil Stones Cancer Diagnosis,Tonsil Stones Cancer Test,Tonsil Stones Cancer Cure
Persistent Sore Throat Cancer,Persistent Sore Throat Cancer Treatment,Persistent Sore Throat Cancer Diagnosis,Persistent Sore Throat Cancer Test,Persistent Sore Throat Cancer Cure
Squamous Cell Throat Cancer,Squamous Cell Throat Cancer Treatment,Squamous Cell Throat Cancer Diagnosis,Squamous Cell Throat Cancer Test,Squamous Cell Throat Cancer Cure
Throat Esophagus Cancer,Throat Esophagus Cancer Treatment,Throat Esophagus Cancer Diagnosis,Throat Esophagus Cancer Test,Throat Esophagus Cancer Cure
Metastatic Throat Cancer,Metastatic Throat Cancer Treatment,Metastatic Throat Cancer Diagnosis,Metastatic Throat Cancer Test,Metastatic Throat Cancer Cure
Laryngopharyngeal Cancer,Laryngopharyngeal Cancer Treatment,Laryngopharyngeal Cancer Diagnosis,Laryngopharyngeal Cancer Test,Laryngopharyngeal Cancer Cure
Uvula Cancer,Uvula Cancer Treatment,Uvula Cancer Diagnosis,Uvula Cancer Test,Uvula Cancer Cure
Vocal Cord Cancer,Vocal Cord Cancer Treatment,Vocal Cord Cancer Diagnosis,Vocal Cord Cancer Test,Vocal Cord Cancer Cure
Pharyngeal Cancer,Pharyngeal Cancer Treatment,Pharyngeal Cancer Diagnosis,Pharyngeal Cancer Test,Pharyngeal Cancer Cure
Sore Throat Cancer,Sore Throat Cancer Treatment,Sore Throat Cancer Diagnosis,Sore Throat Cancer Test,Sore Throat Cancer Cure
HPV Tongue Cancer,HPV Tongue Cancer Treatment,HPV Tongue Cancer Diagnosis,HPV Tongue Cancer Test,HPV Tongue Cancer Cure
Mouth Throat Cancer,Mouth Throat Cancer Treatment,Mouth Throat Cancer Diagnosis,Mouth Throat Cancer Test,Mouth Throat Cancer Cure
Diagnosing Throat Cancer,Diagnosing Throat Cancer Treatment,Diagnosing Throat Cancer Diagnosis,Diagnosing Throat Cancer Test,Diagnosing Throat Cancer Cure
Epiglottic Cancer,Epiglottic Cancer Treatment,Epiglottic Cancer Diagnosis,Epiglottic Cancer Test,Epiglottic Cancer Cure
Larynx Cancer,Larynx Cancer Treatment,Larynx Cancer Diagnosis,Larynx Cancer Test,Larynx Cancer Cure
Early Throat Cancer,Early Throat Cancer Treatment,Early Throat Cancer Diagnosis,Early Throat Cancer Test,Early Throat Cancer Cure
Childhood Cancer,Childhood Cancer Treatment,Childhood Cancer Diagnosis,Childhood Cancer Test,Childhood Cancer Cure
Childhood Skin Cancer,Childhood Skin Cancer Treatment,Childhood Skin Cancer Diagnosis,Childhood Skin Cancer Test,Childhood Skin Cancer Cure
Pediatric Brain Cancer,Pediatric Brain Cancer Treatment,Pediatric Brain Cancer Diagnosis,Pediatric Brain Cancer Test,Pediatric Brain Cancer Cure
Rare Childhood Cancer,Rare Childhood Cancer Treatment,Rare Childhood Cancer Diagnosis,Rare Childhood Cancer Test,Rare Childhood Cancer Cure
Deadliest Childhood Cancer,Deadliest Childhood Cancer Treatment,Deadliest Childhood Cancer Diagnosis,Deadliest Childhood Cancer Test,Deadliest Childhood Cancer Cure
Pediatric Kidney Cancer,Pediatric Kidney Cancer Treatment,Pediatric Kidney Cancer Diagnosis,Pediatric Kidney Cancer Test,Pediatric Kidney Cancer Cure
Childhood Blood Cancer,Childhood Blood Cancer Treatment,Childhood Blood Cancer Diagnosis,Childhood Blood Cancer Test,Childhood Blood Cancer Cure
Childhood Lung Cancer,Childhood Lung Cancer Treatment,Childhood Lung Cancer Diagnosis,Childhood Lung Cancer Test,Childhood Lung Cancer Cure
