name,treatment,diagnosis,test,surgery
Abdominal Pain Heart Attack,Abdominal Pain Heart Attack Treatment,Abdominal Pain Heart Attack Diagnosis,Abdominal Pain Heart Attack Test,Abdominal Pain Heart Attack Surgery
Acid Reflux Heart Attack,Acid Reflux Heart Attack Treatment,Acid Reflux Heart Attack Diagnosis,Acid Reflux Heart Attack Test,Acid Reflux Heart Attack Surgery
Acquired Heart Disease,Acquired Heart Disease Treatment,Acquired Heart Disease Diagnosis,Acquired Heart Disease Test,Acquired Heart Disease Surgery
Acute Heart Attack,Acute Heart Attack Treatment,Acute Heart Attack Diagnosis,Acute Heart Attack Test,Acute Heart Attack Surgery
Acute Ischemic Heart Disease,Acute Ischemic Heart Disease Treatment,Acute Ischemic Heart Disease Diagnosis,Acute Ischemic Heart Disease Test,Acute Ischemic Heart Disease Surgery
Acyanotic Congenital Heart Disease,Acyanotic Congenital Heart Disease Treatment,Acyanotic Congenital Heart Disease Diagnosis,Acyanotic Congenital Heart Disease Test,Acyanotic Congenital Heart Disease Surgery
Acyanotic Heart Disease,Acyanotic Heart Disease Treatment,Acyanotic Heart Disease Diagnosis,Acyanotic Heart Disease Test,Acyanotic Heart Disease Surgery
Adrenaline Heart Attack,Adrenaline Heart Attack Treatment,Adrenaline Heart Attack Diagnosis,Adrenaline Heart Attack Test,Adrenaline Heart Attack Surgery
Adult Congenital Heart Disease,Adult Congenital Heart Disease Treatment,Adult Congenital Heart Disease Diagnosis,Adult Congenital Heart Disease Test,Adult Congenital Heart Disease Surgery
AF Heart Disease,AF Heart Disease Treatment,AF Heart Disease Diagnosis,AF Heart Disease Test,AF Heart Disease Surgery
AFIB Heart Attack,AFIB Heart Attack Treatment,AFIB Heart Attack Diagnosis,AFIB Heart Attack Test,AFIB Heart Attack Surgery
Alcohol Heart Attack,Alcohol Heart Attack Treatment,Alcohol Heart Attack Diagnosis,Alcohol Heart Attack Test,Alcohol Heart Attack Surgery
Alcohol Heart Disease,Alcohol Heart Disease Treatment,Alcohol Heart Disease Diagnosis,Alcohol Heart Disease Test,Alcohol Heart Disease Surgery
Alcohol Induced Heart Attack,Alcohol Induced Heart Attack Treatment,Alcohol Induced Heart Attack Diagnosis,Alcohol Induced Heart Attack Test,Alcohol Induced Heart Attack Surgery
AMI Heart Attack,AMI Heart Attack Treatment,AMI Heart Attack Diagnosis,AMI Heart Attack Test,AMI Heart Attack Surgery
Amyloid Heart Disease,Amyloid Heart Disease Treatment,Amyloid Heart Disease Diagnosis,Amyloid Heart Disease Test,Amyloid Heart Disease Surgery
Angina Heart Attack,Angina Heart Attack Treatment,Angina Heart Attack Diagnosis,Angina Heart Attack Test,Angina Heart Attack Surgery
Anxiety Heart Attack,Anxiety Heart Attack Treatment,Anxiety Heart Attack Diagnosis,Anxiety Heart Attack Test,Anxiety Heart Attack Surgery
Arteriosclerotic Heart Disease,Arteriosclerotic Heart Disease Treatment,Arteriosclerotic Heart Disease Diagnosis,Arteriosclerotic Heart Disease Test,Arteriosclerotic Heart Disease Surgery
Atherosclerotic Heart Disease,Atherosclerotic Heart Disease Treatment,Atherosclerotic Heart Disease Diagnosis,Atherosclerotic Heart Disease Test,Atherosclerotic Heart Disease Surgery
Ativan Heart Attack,Ativan Heart Attack Treatment,Ativan Heart Attack Diagnosis,Ativan Heart Attack Test,Ativan Heart Attack Surgery
Atrial Fibrillation Heart Attack,Atrial Fibrillation Heart Attack Treatment,Atrial Fibrillation Heart Attack Diagnosis,Atrial Fibrillation Heart Attack Test,Atrial Fibrillation Heart Attack Surgery
Attack Heart Attack,Attack Heart Attack Treatment,Attack Heart Attack Diagnosis,Attack Heart Attack Test,Attack Heart Attack Surgery
Belching Heart Attack,Belching Heart Attack Treatment,Belching Heart Attack Diagnosis,Belching Heart Attack Test,Belching Heart Attack Surgery
Binge Drinking Heart Attack,Binge Drinking Heart Attack Treatment,Binge Drinking Heart Attack Diagnosis,Binge Drinking Heart Attack Test,Binge Drinking Heart Attack Surgery
Black Widow Heart Attack,Black Widow Heart Attack Treatment,Black Widow Heart Attack Diagnosis,Black Widow Heart Attack Test,Black Widow Heart Attack Surgery
Blood Clot Heart Attack,Blood Clot Heart Attack Treatment,Blood Clot Heart Attack Diagnosis,Blood Clot Heart Attack Test,Blood Clot Heart Attack Surgery
Broken Heart Disease,Broken Heart Disease Treatment,Broken Heart Disease Diagnosis,Broken Heart Disease Test,Broken Heart Disease Surgery
Broken Heart Heart Attack,Broken Heart Heart Attack Treatment,Broken Heart Heart Attack Diagnosis,Broken Heart Heart Attack Test,Broken Heart Heart Attack Surgery
Cad Heart Disease,Cad Heart Disease Treatment,Cad Heart Disease Diagnosis,Cad Heart Disease Test,Cad Heart Disease Surgery
Calf Heart Attack,Calf Heart Attack Treatment,Calf Heart Attack Diagnosis,Calf Heart Attack Test,Calf Heart Attack Surgery
Carcinoid Heart Disease,Carcinoid Heart Disease Treatment,Carcinoid Heart Disease Diagnosis,Carcinoid Heart Disease Test,Carcinoid Heart Disease Surgery
Cardiac Heart Attack,Cardiac Heart Attack Treatment,Cardiac Heart Attack Diagnosis,Cardiac Heart Attack Test,Cardiac Heart Attack Surgery
Cardiovascular Heart Disease,Cardiovascular Heart Disease Treatment,Cardiovascular Heart Disease Diagnosis,Cardiovascular Heart Disease Test,Cardiovascular Heart Disease Surgery
Catastrophic Heart Attack,Catastrophic Heart Attack Treatment,Catastrophic Heart Attack Diagnosis,Catastrophic Heart Attack Test,Catastrophic Heart Attack Surgery
Cayenne Pepper Heart Attack,Cayenne Pepper Heart Attack Treatment,Cayenne Pepper Heart Attack Diagnosis,Cayenne Pepper Heart Attack Test,Cayenne Pepper Heart Attack Surgery
CDC Heart Disease,CDC Heart Disease Treatment,CDC Heart Disease Diagnosis,CDC Heart Disease Test,CDC Heart Disease Surgery
Chest Pain After Heart Attack,Chest Pain After Heart Attack Treatment,Chest Pain After Heart Attack Diagnosis,Chest Pain After Heart Attack Test,Chest Pain After Heart Attack Surgery
Chest Pain Heart Attack,Chest Pain Heart Attack Treatment,Chest Pain Heart Attack Diagnosis,Chest Pain Heart Attack Test,Chest Pain Heart Attack Surgery
Cholesterol Heart Attack,Cholesterol Heart Attack Treatment,Cholesterol Heart Attack Diagnosis,Cholesterol Heart Attack Test,Cholesterol Heart Attack Surgery
Chronic Heart Disease,Chronic Heart Disease Treatment,Chronic Heart Disease Diagnosis,Chronic Heart Disease Test,Chronic Heart Disease Surgery
Chronic Ischaemic Heart Disease,Chronic Ischaemic Heart Disease Treatment,Chronic Ischaemic Heart Disease Diagnosis,Chronic Ischaemic Heart Disease Test,Chronic Ischaemic Heart Disease Surgery
Chronic Ischemic Heart Disease,Chronic Ischemic Heart Disease Treatment,Chronic Ischemic Heart Disease Diagnosis,Chronic Ischemic Heart Disease Test,Chronic Ischemic Heart Disease Surgery
Chronic Rheumatic Heart Disease,Chronic Rheumatic Heart Disease Treatment,Chronic Rheumatic Heart Disease Diagnosis,Chronic Rheumatic Heart Disease Test,Chronic Rheumatic Heart Disease Surgery
Clogged Ear Heart Attack,Clogged Ear Heart Attack Treatment,Clogged Ear Heart Attack Diagnosis,Clogged Ear Heart Attack Test,Clogged Ear Heart Attack Surgery
Coffee Heart Attack,Coffee Heart Attack Treatment,Coffee Heart Attack Diagnosis,Coffee Heart Attack Test,Coffee Heart Attack Surgery
Congenital Heart Disease,Congenital Heart Disease Treatment,Congenital Heart Disease Diagnosis,Congenital Heart Disease Test,Congenital Heart Disease Surgery
Congestive Heart Disease,Congestive Heart Disease Treatment,Congestive Heart Disease Diagnosis,Congestive Heart Disease Test,Congestive Heart Disease Surgery
Constipation Heart Attack,Constipation Heart Attack Treatment,Constipation Heart Attack Diagnosis,Constipation Heart Attack Test,Constipation Heart Attack Surgery
Coronary Heart Attack,Coronary Heart Attack Treatment,Coronary Heart Attack Diagnosis,Coronary Heart Attack Test,Coronary Heart Attack Surgery
Coronary Heart Disease,Coronary Heart Disease Treatment,Coronary Heart Disease Diagnosis,Coronary Heart Disease Test,Coronary Heart Disease Surgery
Coughing Heart Attack,Coughing Heart Attack Treatment,Coughing Heart Attack Diagnosis,Coughing Heart Attack Test,Coughing Heart Attack Surgery
Cyanotic Congenital Heart Disease,Cyanotic Congenital Heart Disease Treatment,Cyanotic Congenital Heart Disease Diagnosis,Cyanotic Congenital Heart Disease Test,Cyanotic Congenital Heart Disease Surgery
Cyanotic Heart Disease,Cyanotic Heart Disease Treatment,Cyanotic Heart Disease Diagnosis,Cyanotic Heart Disease Test,Cyanotic Heart Disease Surgery
D Dimer Heart Attack,D Dimer Heart Attack Treatment,D Dimer Heart Attack Diagnosis,D Dimer Heart Attack Test,D Dimer Heart Attack Surgery
Daylight Savings Heart Attack,Daylight Savings Heart Attack Treatment,Daylight Savings Heart Attack Diagnosis,Daylight Savings Heart Attack Test,Daylight Savings Heart Attack Surgery
Degenerative Heart Disease,Degenerative Heart Disease Treatment,Degenerative Heart Disease Diagnosis,Degenerative Heart Disease Test,Degenerative Heart Disease Surgery
Dehydration Heart Attack,Dehydration Heart Attack Treatment,Dehydration Heart Attack Diagnosis,Dehydration Heart Attack Test,Dehydration Heart Attack Surgery
Diabetes Heart Attack,Diabetes Heart Attack Treatment,Diabetes Heart Attack Diagnosis,Diabetes Heart Attack Test,Diabetes Heart Attack Surgery
Diarrhea Heart Attack,Diarrhea Heart Attack Treatment,Diarrhea Heart Attack Diagnosis,Diarrhea Heart Attack Test,Diarrhea Heart Attack Surgery
Dizziness Heart Attack,Dizziness Heart Attack Treatment,Dizziness Heart Attack Diagnosis,Dizziness Heart Attack Test,Dizziness Heart Attack Surgery
Double Heart Attack,Double Heart Attack Treatment,Double Heart Attack Diagnosis,Double Heart Attack Test,Double Heart Attack Surgery
Dry Cough Heart Disease,Dry Cough Heart Disease Treatment,Dry Cough Heart Disease Diagnosis,Dry Cough Heart Disease Test,Dry Cough Heart Disease Surgery
Ductal Dependent Congenital Heart Disease,Ductal Dependent Congenital Heart Disease Treatment,Ductal Dependent Congenital Heart Disease Diagnosis,Ductal Dependent Congenital Heart Disease Test,Ductal Dependent Congenital Heart Disease Surgery
DVLA Heart Attack,DVLA Heart Attack Treatment,DVLA Heart Attack Diagnosis,DVLA Heart Attack Test,DVLA Heart Attack Surgery
Ear Pain Heart Attack,Ear Pain Heart Attack Treatment,Ear Pain Heart Attack Diagnosis,Ear Pain Heart Attack Test,Ear Pain Heart Attack Surgery
ECG Detect Heart Attack,ECG Detect Heart Attack Treatment,ECG Detect Heart Attack Diagnosis,ECG Detect Heart Attack Test,ECG Detect Heart Attack Surgery
EKG Heart Attack,EKG Heart Attack Treatment,EKG Heart Attack Diagnosis,EKG Heart Attack Test,EKG Heart Attack Surgery
Elbow Pain Heart Attack,Elbow Pain Heart Attack Treatment,Elbow Pain Heart Attack Diagnosis,Elbow Pain Heart Attack Test,Elbow Pain Heart Attack Surgery
Empty Syringe Heart Attack,Empty Syringe Heart Attack Treatment,Empty Syringe Heart Attack Diagnosis,Empty Syringe Heart Attack Test,Empty Syringe Heart Attack Surgery
Energy Drinks Heart Attack,Energy Drinks Heart Attack Treatment,Energy Drinks Heart Attack Diagnosis,Energy Drinks Heart Attack Test,Energy Drinks Heart Attack Surgery
Fatal Heart Attack,Fatal Heart Attack Treatment,Fatal Heart Attack Diagnosis,Fatal Heart Attack Test,Fatal Heart Attack Surgery
Female Heart Attack,Female Heart Attack Treatment,Female Heart Attack Diagnosis,Female Heart Attack Test,Female Heart Attack Surgery
First Heart Attack,First Heart Attack Treatment,First Heart Attack Diagnosis,First Heart Attack Test,First Heart Attack Surgery
Foot Pain Heart Attack,Foot Pain Heart Attack Treatment,Foot Pain Heart Attack Diagnosis,Foot Pain Heart Attack Test,Foot Pain Heart Attack Surgery
Genetic Heart Disease,Genetic Heart Disease Treatment,Genetic Heart Disease Diagnosis,Genetic Heart Disease Test,Genetic Heart Disease Surgery
Gerd Heart Attack,Gerd Heart Attack Treatment,Gerd Heart Attack Diagnosis,Gerd Heart Attack Test,Gerd Heart Attack Surgery
GOT Heart Attack,GOT Heart Attack Treatment,GOT Heart Attack Diagnosis,GOT Heart Attack Test,GOT Heart Attack Surgery
Grey Skin Colour Heart Disease,Grey Skin Colour Heart Disease Treatment,Grey Skin Colour Heart Disease Diagnosis,Grey Skin Colour Heart Disease Test,Grey Skin Colour Heart Disease Surgery
HCM Heart Disease,HCM Heart Disease Treatment,HCM Heart Disease Diagnosis,HCM Heart Disease Test,HCM Heart Disease Surgery
Heart Attack,Heart Attack Treatment,Heart Attack Diagnosis,Heart Attack Test,Heart Attack Surgery
Heart Disease,Heart Disease Treatment,Heart Disease Diagnosis,Heart Disease Test,Heart Disease Surgery
Heart Disease Symptoms,Heart Disease Symptoms Treatment,Heart Disease Symptoms Diagnosis,Heart Disease Symptoms Test,Heart Disease Symptoms Surgery
Heart Failure Heart Attack,Heart Failure Heart Attack Treatment,Heart Failure Heart Attack Diagnosis,Heart Failure Heart Attack Test,Heart Failure Heart Attack Surgery
Heart Muscle Disease,Heart Muscle Disease Treatment,Heart Muscle Disease Diagnosis,Heart Muscle Disease Test,Heart Muscle Disease Surgery
Heart Valve Disease,Heart Valve Disease Treatment,Heart Valve Disease Diagnosis,Heart Valve Disease Test,Heart Valve Disease Surgery
Hereditary Heart Disease,Hereditary Heart Disease Treatment,Hereditary Heart Disease Diagnosis,Hereditary Heart Disease Test,Hereditary Heart Disease Surgery
Hiccups Heart Attack,Hiccups Heart Attack Treatment,Hiccups Heart Attack Diagnosis,Hiccups Heart Attack Test,Hiccups Heart Attack Surgery
High Blood Pressure Heart Attack,High Blood Pressure Heart Attack Treatment,High Blood Pressure Heart Attack Diagnosis,High Blood Pressure Heart Attack Test,High Blood Pressure Heart Attack Surgery
High Cholesterol Heart Attack,High Cholesterol Heart Attack Treatment,High Cholesterol Heart Attack Diagnosis,High Cholesterol Heart Attack Test,High Cholesterol Heart Attack Surgery
Hypertension Heart Attack,Hypertension Heart Attack Treatment,Hypertension Heart Attack Diagnosis,Hypertension Heart Attack Test,Hypertension Heart Attack Surgery
Hypertensive Heart Disease,Hypertensive Heart Disease Treatment,Hypertensive Heart Disease Diagnosis,Hypertensive Heart Disease Test,Hypertensive Heart Disease Surgery
Hypertrophic Heart Disease,Hypertrophic Heart Disease Treatment,Hypertrophic Heart Disease Diagnosis,Hypertrophic Heart Disease Test,Hypertrophic Heart Disease Surgery
Impending Heart Attack,Impending Heart Attack Treatment,Impending Heart Attack Diagnosis,Impending Heart Attack Test,Impending Heart Attack Surgery
Indigestion Heart Attack,Indigestion Heart Attack Treatment,Indigestion Heart Attack Diagnosis,Indigestion Heart Attack Test,Indigestion Heart Attack Surgery
Induced Heart Attack,Induced Heart Attack Treatment,Induced Heart Attack Diagnosis,Induced Heart Attack Test,Induced Heart Attack Surgery
Inferior Heart Attack,Inferior Heart Attack Treatment,Inferior Heart Attack Diagnosis,Inferior Heart Attack Test,Inferior Heart Attack Surgery
Inflammatory Heart Disease,Inflammatory Heart Disease Treatment,Inflammatory Heart Disease Diagnosis,Inflammatory Heart Disease Test,Inflammatory Heart Disease Surgery
Ischemic Heart Attack,Ischemic Heart Attack Treatment,Ischemic Heart Attack Diagnosis,Ischemic Heart Attack Test,Ischemic Heart Attack Surgery
Ischemic Heart Disease,Ischemic Heart Disease Treatment,Ischemic Heart Disease Diagnosis,Ischemic Heart Disease Test,Ischemic Heart Disease Surgery
Jaw Pain Heart Attack,Jaw Pain Heart Attack Treatment,Jaw Pain Heart Attack Diagnosis,Jaw Pain Heart Attack Test,Jaw Pain Heart Attack Surgery
Lad Heart Attack,Lad Heart Attack Treatment,Lad Heart Attack Diagnosis,Lad Heart Attack Test,Lad Heart Attack Surgery
Left Leg Numb Heart Attack,Left Leg Numb Heart Attack Treatment,Left Leg Numb Heart Attack Diagnosis,Left Leg Numb Heart Attack Test,Left Leg Numb Heart Attack Surgery
Left Ring Finger Pain Heart Attack,Left Ring Finger Pain Heart Attack Treatment,Left Ring Finger Pain Heart Attack Diagnosis,Left Ring Finger Pain Heart Attack Test,Left Ring Finger Pain Heart Attack Surgery
Left Shoulder Blade Pain Heart Attack,Left Shoulder Blade Pain Heart Attack Treatment,Left Shoulder Blade Pain Heart Attack Diagnosis,Left Shoulder Blade Pain Heart Attack Test,Left Shoulder Blade Pain Heart Attack Surgery
Left Shoulder Pain Heart Attack,Left Shoulder Pain Heart Attack Treatment,Left Shoulder Pain Heart Attack Diagnosis,Left Shoulder Pain Heart Attack Test,Left Shoulder Pain Heart Attack Surgery
Leg Pain Heart Attack,Leg Pain Heart Attack Treatment,Leg Pain Heart Attack Diagnosis,Leg Pain Heart Attack Test,Leg Pain Heart Attack Surgery
Low Blood Pressure Heart Attack,Low Blood Pressure Heart Attack Treatment,Low Blood Pressure Heart Attack Diagnosis,Low Blood Pressure Heart Attack Test,Low Blood Pressure Heart Attack Surgery
Low Bp Heart Attack,Low Bp Heart Attack Treatment,Low Bp Heart Attack Diagnosis,Low Bp Heart Attack Test,Low Bp Heart Attack Surgery
Low Potassium Heart Attack,Low Potassium Heart Attack Treatment,Low Potassium Heart Attack Diagnosis,Low Potassium Heart Attack Test,Low Potassium Heart Attack Surgery
Major Heart Attack,Major Heart Attack Treatment,Major Heart Attack Diagnosis,Major Heart Attack Test,Major Heart Attack Surgery
Massive Heart Attack,Massive Heart Attack Treatment,Massive Heart Attack Diagnosis,Massive Heart Attack Test,Massive Heart Attack Surgery
MI Heart Attack,MI Heart Attack Treatment,MI Heart Attack Diagnosis,MI Heart Attack Test,MI Heart Attack Surgery
Micro Heart Attack,Micro Heart Attack Treatment,Micro Heart Attack Diagnosis,Micro Heart Attack Test,Micro Heart Attack Surgery
Mild Heart Attack,Mild Heart Attack Treatment,Mild Heart Attack Diagnosis,Mild Heart Attack Test,Mild Heart Attack Surgery
Mini Heart Attack,Mini Heart Attack Treatment,Mini Heart Attack Diagnosis,Mini Heart Attack Test,Mini Heart Attack Surgery
Minoca Heart Attack,Minoca Heart Attack Treatment,Minoca Heart Attack Diagnosis,Minoca Heart Attack Test,Minoca Heart Attack Surgery
Minor Heart Attack,Minor Heart Attack Treatment,Minor Heart Attack Diagnosis,Minor Heart Attack Test,Minor Heart Attack Surgery
Myocarditis Heart Attack,Myocarditis Heart Attack Treatment,Myocarditis Heart Attack Diagnosis,Myocarditis Heart Attack Test,Myocarditis Heart Attack Surgery
Naproxen Heart Attack,Naproxen Heart Attack Treatment,Naproxen Heart Attack Diagnosis,Naproxen Heart Attack Test,Naproxen Heart Attack Surgery
Neck Pain Heart Attack,Neck Pain Heart Attack Treatment,Neck Pain Heart Attack Diagnosis,Neck Pain Heart Attack Test,Neck Pain Heart Attack Surgery
Non Stemi Heart Attack,Non Stemi Heart Attack Treatment,Non Stemi Heart Attack Diagnosis,Non Stemi Heart Attack Test,Non Stemi Heart Attack Surgery
Nstemi Heart Attack,Nstemi Heart Attack Treatment,Nstemi Heart Attack Diagnosis,Nstemi Heart Attack Test,Nstemi Heart Attack Surgery
Numb Pinky Finger Heart Attack,Numb Pinky Finger Heart Attack Treatment,Numb Pinky Finger Heart Attack Diagnosis,Numb Pinky Finger Heart Attack Test,Numb Pinky Finger Heart Attack Surgery
Old Man Heart Attack,Old Man Heart Attack Treatment,Old Man Heart Attack Diagnosis,Old Man Heart Attack Test,Old Man Heart Attack Surgery
Oximeter Heart Attack,Oximeter Heart Attack Treatment,Oximeter Heart Attack Diagnosis,Oximeter Heart Attack Test,Oximeter Heart Attack Surgery
Panic Attack Heart Attack,Panic Attack Heart Attack Treatment,Panic Attack Heart Attack Diagnosis,Panic Attack Heart Attack Test,Panic Attack Heart Attack Surgery
Paracetamol Heart Attack,Paracetamol Heart Attack Treatment,Paracetamol Heart Attack Diagnosis,Paracetamol Heart Attack Test,Paracetamol Heart Attack Surgery
PCI Heart Attack,PCI Heart Attack Treatment,PCI Heart Attack Diagnosis,PCI Heart Attack Test,PCI Heart Attack Surgery
Pneumonia Heart Attack,Pneumonia Heart Attack Treatment,Pneumonia Heart Attack Diagnosis,Pneumonia Heart Attack Test,Pneumonia Heart Attack Surgery
Post Heart Attack,Post Heart Attack Treatment,Post Heart Attack Diagnosis,Post Heart Attack Test,Post Heart Attack Surgery
Pre Heart Attack,Pre Heart Attack Treatment,Pre Heart Attack Diagnosis,Pre Heart Attack Test,Pre Heart Attack Surgery
Pulmonary Embolism Heart Attack,Pulmonary Embolism Heart Attack Treatment,Pulmonary Embolism Heart Attack Diagnosis,Pulmonary Embolism Heart Attack Test,Pulmonary Embolism Heart Attack Surgery
Pulmonary Heart Disease,Pulmonary Heart Disease Treatment,Pulmonary Heart Disease Diagnosis,Pulmonary Heart Disease Test,Pulmonary Heart Disease Surgery
Rapid Weight Loss Heart Attack,Rapid Weight Loss Heart Attack Treatment,Rapid Weight Loss Heart Attack Diagnosis,Rapid Weight Loss Heart Attack Test,Rapid Weight Loss Heart Attack Surgery
RCA Heart Attack,RCA Heart Attack Treatment,RCA Heart Attack Diagnosis,RCA Heart Attack Test,RCA Heart Attack Surgery
Referred Pain Heart Attack,Referred Pain Heart Attack Treatment,Referred Pain Heart Attack Diagnosis,Referred Pain Heart Attack Test,Referred Pain Heart Attack Surgery
Reverse Heart Disease,Reverse Heart Disease Treatment,Reverse Heart Disease Diagnosis,Reverse Heart Disease Test,Reverse Heart Disease Surgery
Rheumatic Heart Disease,Rheumatic Heart Disease Treatment,Rheumatic Heart Disease Diagnosis,Rheumatic Heart Disease Test,Rheumatic Heart Disease Surgery
Right Shoulder Pain Heart Attack,Right Shoulder Pain Heart Attack Treatment,Right Shoulder Pain Heart Attack Diagnosis,Right Shoulder Pain Heart Attack Test,Right Shoulder Pain Heart Attack Surgery
SCAD Heart Attack,SCAD Heart Attack Treatment,SCAD Heart Attack Diagnosis,SCAD Heart Attack Test,SCAD Heart Attack Surgery
Second Heart Attack,Second Heart Attack Treatment,Second Heart Attack Diagnosis,Second Heart Attack Test,Second Heart Attack Surgery
Severe Heart Attack,Severe Heart Attack Treatment,Severe Heart Attack Diagnosis,Severe Heart Attack Test,Severe Heart Attack Surgery
Shoulder Blade Pain Heart Attack,Shoulder Blade Pain Heart Attack Treatment,Shoulder Blade Pain Heart Attack Diagnosis,Shoulder Blade Pain Heart Attack Test,Shoulder Blade Pain Heart Attack Surgery
Shoulder Pain Heart Attack,Shoulder Pain Heart Attack Treatment,Shoulder Pain Heart Attack Diagnosis,Shoulder Pain Heart Attack Test,Shoulder Pain Heart Attack Surgery
Silent Heart Attack,Silent Heart Attack Treatment,Silent Heart Attack Diagnosis,Silent Heart Attack Test,Silent Heart Attack Surgery
Sintomas Ng Heart Attack,Sintomas Ng Heart Attack Treatment,Sintomas Ng Heart Attack Diagnosis,Sintomas Ng Heart Attack Test,Sintomas Ng Heart Attack Surgery
Sleep Heart Disease,Sleep Heart Disease Treatment,Sleep Heart Disease Diagnosis,Sleep Heart Disease Test,Sleep Heart Disease Surgery
Slight Heart Attack,Slight Heart Attack Treatment,Slight Heart Attack Diagnosis,Slight Heart Attack Test,Slight Heart Attack Surgery
Slow Heart Attack,Slow Heart Attack Treatment,Slow Heart Attack Diagnosis,Slow Heart Attack Test,Slow Heart Attack Surgery
Small Heart Attack,Small Heart Attack Treatment,Small Heart Attack Diagnosis,Small Heart Attack Test,Small Heart Attack Surgery
Small Pupils Heart Attack,Small Pupils Heart Attack Treatment,Small Pupils Heart Attack Diagnosis,Small Pupils Heart Attack Test,Small Pupils Heart Attack Surgery
Smelling Toast Heart Attack,Smelling Toast Heart Attack Treatment,Smelling Toast Heart Attack Diagnosis,Smelling Toast Heart Attack Test,Smelling Toast Heart Attack Surgery
SMI Heart Attack,SMI Heart Attack Treatment,SMI Heart Attack Diagnosis,SMI Heart Attack Test,SMI Heart Attack Surgery
Smoking Heart Attack,Smoking Heart Attack Treatment,Smoking Heart Attack Diagnosis,Smoking Heart Attack Test,Smoking Heart Attack Surgery
Sore Throat Heart Attack,Sore Throat Heart Attack Treatment,Sore Throat Heart Attack Diagnosis,Sore Throat Heart Attack Test,Sore Throat Heart Attack Surgery
Stable Ischemic Heart Disease,Stable Ischemic Heart Disease Treatment,Stable Ischemic Heart Disease Diagnosis,Stable Ischemic Heart Disease Test,Stable Ischemic Heart Disease Surgery
Stemi Heart Attack,Stemi Heart Attack Treatment,Stemi Heart Attack Diagnosis,Stemi Heart Attack Test,Stemi Heart Attack Surgery
Steroids Heart Attack,Steroids Heart Attack Treatment,Steroids Heart Attack Diagnosis,Steroids Heart Attack Test,Steroids Heart Attack Surgery
Stiff Neck Heart Attack,Stiff Neck Heart Attack Treatment,Stiff Neck Heart Attack Diagnosis,Stiff Neck Heart Attack Test,Stiff Neck Heart Attack Surgery
Stomach Ache Heart Attack,Stomach Ache Heart Attack Treatment,Stomach Ache Heart Attack Diagnosis,Stomach Ache Heart Attack Test,Stomach Ache Heart Attack Surgery
Stomach Pain Heart Attack,Stomach Pain Heart Attack Treatment,Stomach Pain Heart Attack Diagnosis,Stomach Pain Heart Attack Test,Stomach Pain Heart Attack Surgery
Stress Heart Attack,Stress Heart Attack Treatment,Stress Heart Attack Diagnosis,Stress Heart Attack Test,Stress Heart Attack Surgery
Stress Induced Heart Attack,Stress Induced Heart Attack Treatment,Stress Induced Heart Attack Diagnosis,Stress Induced Heart Attack Test,Stress Induced Heart Attack Surgery
Stress Related Heart Attack,Stress Related Heart Attack Treatment,Stress Related Heart Attack Diagnosis,Stress Related Heart Attack Test,Stress Related Heart Attack Surgery
Stroke Heart Attack,Stroke Heart Attack Treatment,Stroke Heart Attack Diagnosis,Stroke Heart Attack Test,Stroke Heart Attack Surgery
Structural Heart Disease,Structural Heart Disease Treatment,Structural Heart Disease Diagnosis,Structural Heart Disease Test,Structural Heart Disease Surgery
Sudden Heart Attack,Sudden Heart Attack Treatment,Sudden Heart Attack Diagnosis,Sudden Heart Attack Test,Sudden Heart Attack Surgery
Suspected Heart Attack,Suspected Heart Attack Treatment,Suspected Heart Attack Diagnosis,Suspected Heart Attack Test,Suspected Heart Attack Surgery
Tachycardia Heart Attack,Tachycardia Heart Attack Treatment,Tachycardia Heart Attack Diagnosis,Tachycardia Heart Attack Test,Tachycardia Heart Attack Surgery
The Heart Attack,The Heart Attack Treatment,The Heart Attack Diagnosis,The Heart Attack Test,The Heart Attack Surgery
Tooth Pain Heart Attack,Tooth Pain Heart Attack Treatment,Tooth Pain Heart Attack Diagnosis,Tooth Pain Heart Attack Test,Tooth Pain Heart Attack Surgery
Type 2 Heart Attack,Type 2 Heart Attack Treatment,Type 2 Heart Attack Diagnosis,Type 2 Heart Attack Test,Type 2 Heart Attack Surgery
Untreated Heart Attack,Untreated Heart Attack Treatment,Untreated Heart Attack Diagnosis,Untreated Heart Attack Test,Untreated Heart Attack Surgery
Valvular Heart Disease,Valvular Heart Disease Treatment,Valvular Heart Disease Diagnosis,Valvular Heart Disease Test,Valvular Heart Disease Surgery
Vascular Heart Disease,Vascular Heart Disease Treatment,Vascular Heart Disease Diagnosis,Vascular Heart Disease Test,Vascular Heart Disease Surgery
Walking Heart Attack,Walking Heart Attack Treatment,Walking Heart Attack Diagnosis,Walking Heart Attack Test,Walking Heart Attack Surgery
Widowmaker Heart Attack,Widowmaker Heart Attack Treatment,Widowmaker Heart Attack Diagnosis,Widowmaker Heart Attack Test,Widowmaker Heart Attack Surgery
Widowmakers Heart Attack,Widowmakers Heart Attack Treatment,Widowmakers Heart Attack Diagnosis,Widowmakers Heart Attack Test,Widowmakers Heart Attack Surgery
Wrist Pain Heart Attack,Wrist Pain Heart Attack Treatment,Wrist Pain Heart Attack Diagnosis,Wrist Pain Heart Attack Test,Wrist Pain Heart Attack Surgery
Yawning Heart Attack,Yawning Heart Attack Treatment,Yawning Heart Attack Diagnosis,Yawning Heart Attack Test,Yawning Heart Attack Surgery
Young Heart Attack,Young Heart Attack Treatment,Young Heart Attack Diagnosis,Young Heart Attack Test,Young Heart Attack Surgery
