name,cost,nearme,center,price
305 Plastic Surgery,305 Plastic Surgery Cost,305 Plastic Surgery Near Me,305 Plastic Surgery Center,305 Plastic Surgery Price
Abdominal Surgery,Abdominal Surgery Cost,Abdominal Surgery Near Me,Abdominal Surgery Center,Abdominal Surgery Price
Ablation Surgery,Ablation Surgery Cost,Ablation Surgery Near Me,Ablation Surgery Center,Ablation Surgery Price
ACDF Surgery,ACDF Surgery Cost,ACDF Surgery Near Me,ACDF Surgery Center,ACDF Surgery Price
Achilles Tendon Surgery,Achilles Tendon Surgery Cost,Achilles Tendon Surgery Near Me,Achilles Tendon Surgery Center,Achilles Tendon Surgery Price
Acid Reflux Surgery,Acid Reflux Surgery Cost,Acid Reflux Surgery Near Me,Acid Reflux Surgery Center,Acid Reflux Surgery Price
Acl Reconstruction Surgery,Acl Reconstruction Surgery Cost,Acl Reconstruction Surgery Near Me,Acl Reconstruction Surgery Center,Acl Reconstruction Surgery Price
ACL Surgery,ACL Surgery Cost,ACL Surgery Near Me,ACL Surgery Center,ACL Surgery Price
Adore Plastic Surgery,Adore Plastic Surgery Cost,Adore Plastic Surgery Near Me,Adore Plastic Surgery Center,Adore Plastic Surgery Price
Aesthetic Surgery,Aesthetic Surgery Cost,Aesthetic Surgery Near Me,Aesthetic Surgery Center,Aesthetic Surgery Price
After Cataract Surgery,After Cataract Surgery Cost,After Cataract Surgery Near Me,After Cataract Surgery Center,After Cataract Surgery Price
After Gallbladder Surgery,After Gallbladder Surgery Cost,After Gallbladder Surgery Near Me,After Gallbladder Surgery Center,After Gallbladder Surgery Price
After Surgery,After Surgery Cost,After Surgery Near Me,After Surgery Center,After Surgery Price
Albany Surgery,Albany Surgery Cost,Albany Surgery Near Me,Albany Surgery Center,Albany Surgery Price
ALIF Surgery,ALIF Surgery Cost,ALIF Surgery Near Me,ALIF Surgery Center,ALIF Surgery Price
Ambulatory Surgery,Ambulatory Surgery Cost,Ambulatory Surgery Near Me,Ambulatory Surgery Center,Ambulatory Surgery Price
Aneurysm Surgery,Aneurysm Surgery Cost,Aneurysm Surgery Near Me,Aneurysm Surgery Center,Aneurysm Surgery Price
Ankle Replacement Surgery,Ankle Replacement Surgery Cost,Ankle Replacement Surgery Near Me,Ankle Replacement Surgery Center,Ankle Replacement Surgery Price
Ankle Surgery,Ankle Surgery Cost,Ankle Surgery Near Me,Ankle Surgery Center,Ankle Surgery Price
Annals Of Thoracic Surgery,Annals Of Thoracic Surgery Cost,Annals Of Thoracic Surgery Near Me,Annals Of Thoracic Surgery Center,Annals Of Thoracic Surgery Price
Anoplasty Surgery,Anoplasty Surgery Cost,Anoplasty Surgery Near Me,Anoplasty Surgery Center,Anoplasty Surgery Price
Aortic Aneurysm Surgery,Aortic Aneurysm Surgery Cost,Aortic Aneurysm Surgery Near Me,Aortic Aneurysm Surgery Center,Aortic Aneurysm Surgery Price
Appendectomy Surgery,Appendectomy Surgery Cost,Appendectomy Surgery Near Me,Appendectomy Surgery Center,Appendectomy Surgery Price
Appendicitis Surgery,Appendicitis Surgery Cost,Appendicitis Surgery Near Me,Appendicitis Surgery Center,Appendicitis Surgery Price
Appendix Removal Surgery,Appendix Removal Surgery Cost,Appendix Removal Surgery Near Me,Appendix Removal Surgery Center,Appendix Removal Surgery Price
Appendix Surgery,Appendix Surgery Cost,Appendix Surgery Near Me,Appendix Surgery Center,Appendix Surgery Price
APR Surgery,APR Surgery Cost,APR Surgery Near Me,APR Surgery Center,APR Surgery Price
Areola Reduction Surgery,Areola Reduction Surgery Cost,Areola Reduction Surgery Near Me,Areola Reduction Surgery Center,Areola Reduction Surgery Price
ARM Surgery,ARM Surgery Cost,ARM Surgery Near Me,ARM Surgery Center,ARM Surgery Price
Arthroscopic Knee Surgery,Arthroscopic Knee Surgery Cost,Arthroscopic Knee Surgery Near Me,Arthroscopic Knee Surgery Center,Arthroscopic Knee Surgery Price
Arthroscopic Shoulder Surgery,Arthroscopic Shoulder Surgery Cost,Arthroscopic Shoulder Surgery Near Me,Arthroscopic Shoulder Surgery Center,Arthroscopic Shoulder Surgery Price
Arthroscopic Surgery,Arthroscopic Surgery Cost,Arthroscopic Surgery Near Me,Arthroscopic Surgery Center,Arthroscopic Surgery Price
Asian Eyelid Surgery,Asian Eyelid Surgery Cost,Asian Eyelid Surgery Near Me,Asian Eyelid Surgery Center,Asian Eyelid Surgery Price
Atlanta Plastic Surgery,Atlanta Plastic Surgery Cost,Atlanta Plastic Surgery Near Me,Atlanta Plastic Surgery Center,Atlanta Plastic Surgery Price
AV Fistula Surgery,AV Fistula Surgery Cost,AV Fistula Surgery Near Me,AV Fistula Surgery Center,AV Fistula Surgery Price
Avana Plastic Surgery,Avana Plastic Surgery Cost,Avana Plastic Surgery Near Me,Avana Plastic Surgery Center,Avana Plastic Surgery Price
Back Surgery,Back Surgery Cost,Back Surgery Near Me,Back Surgery Center,Back Surgery Price
Bad Plastic Surgery,Bad Plastic Surgery Cost,Bad Plastic Surgery Near Me,Bad Plastic Surgery Center,Bad Plastic Surgery Price
Bariatric Sleeve Surgery,Bariatric Sleeve Surgery Cost,Bariatric Sleeve Surgery Near Me,Bariatric Sleeve Surgery Center,Bariatric Sleeve Surgery Price
Bariatric Surgery,Bariatric Surgery Cost,Bariatric Surgery Near Me,Bariatric Surgery Center,Bariatric Surgery Price
BBL Plastic Surgery,BBL Plastic Surgery Cost,BBL Plastic Surgery Near Me,BBL Plastic Surgery Center,BBL Plastic Surgery Price
BBL Surgery,BBL Surgery Cost,BBL Surgery Near Me,BBL Surgery Center,BBL Surgery Price
Blackpink Plastic Surgery,Blackpink Plastic Surgery Cost,Blackpink Plastic Surgery Near Me,Blackpink Plastic Surgery Center,Blackpink Plastic Surgery Price
Bladder Prolapse Surgery,Bladder Prolapse Surgery Cost,Bladder Prolapse Surgery Near Me,Bladder Prolapse Surgery Center,Bladder Prolapse Surgery Price
Bladder Sling Surgery,Bladder Sling Surgery Cost,Bladder Sling Surgery Near Me,Bladder Sling Surgery Center,Bladder Sling Surgery Price
Bladder Surgery,Bladder Surgery Cost,Bladder Surgery Near Me,Bladder Surgery Center,Bladder Surgery Price
Boob Surgery,Boob Surgery Cost,Boob Surgery Near Me,Boob Surgery Center,Boob Surgery Price
Botched Plastic Surgery,Botched Plastic Surgery Cost,Botched Plastic Surgery Near Me,Botched Plastic Surgery Center,Botched Plastic Surgery Price
Botched Surgery,Botched Surgery Cost,Botched Surgery Near Me,Botched Surgery Center,Botched Surgery Price
Bottom Surgery,Bottom Surgery Cost,Bottom Surgery Near Me,Bottom Surgery Center,Bottom Surgery Price
Bowel Obstruction Surgery,Bowel Obstruction Surgery Cost,Bowel Obstruction Surgery Near Me,Bowel Obstruction Surgery Center,Bowel Obstruction Surgery Price
Bowel Resection Surgery,Bowel Resection Surgery Cost,Bowel Resection Surgery Near Me,Bowel Resection Surgery Center,Bowel Resection Surgery Price
Brain Aneurysm Surgery,Brain Aneurysm Surgery Cost,Brain Aneurysm Surgery Near Me,Brain Aneurysm Surgery Center,Brain Aneurysm Surgery Price
Brain Surgery,Brain Surgery Cost,Brain Surgery Near Me,Brain Surgery Center,Brain Surgery Price
Brain Tumor Surgery,Brain Tumor Surgery Cost,Brain Tumor Surgery Near Me,Brain Tumor Surgery Center,Brain Tumor Surgery Price
Breast Augmentation Surgery,Breast Augmentation Surgery Cost,Breast Augmentation Surgery Near Me,Breast Augmentation Surgery Center,Breast Augmentation Surgery Price
Breast Cancer Surgery,Breast Cancer Surgery Cost,Breast Cancer Surgery Near Me,Breast Cancer Surgery Center,Breast Cancer Surgery Price
Breast Implant Surgery,Breast Implant Surgery Cost,Breast Implant Surgery Near Me,Breast Implant Surgery Center,Breast Implant Surgery Price
Breast Lift Surgery,Breast Lift Surgery Cost,Breast Lift Surgery Near Me,Breast Lift Surgery Center,Breast Lift Surgery Price
Breast Reconstruction Surgery,Breast Reconstruction Surgery Cost,Breast Reconstruction Surgery Near Me,Breast Reconstruction Surgery Center,Breast Reconstruction Surgery Price
Breast Reduction Surgery,Breast Reduction Surgery Cost,Breast Reduction Surgery Near Me,Breast Reduction Surgery Center,Breast Reduction Surgery Price
Breast Surgery,Breast Surgery Cost,Breast Surgery Near Me,Breast Surgery Center,Breast Surgery Price
Brow Lift Surgery,Brow Lift Surgery Cost,Brow Lift Surgery Near Me,Brow Lift Surgery Center,Brow Lift Surgery Price
BSO Surgery,BSO Surgery Cost,BSO Surgery Near Me,BSO Surgery Center,BSO Surgery Price
BTL Surgery,BTL Surgery Cost,BTL Surgery Near Me,BTL Surgery Center,BTL Surgery Price
Bunion Surgery,Bunion Surgery Cost,Bunion Surgery Near Me,Bunion Surgery Center,Bunion Surgery Price
Burr Hole Surgery,Burr Hole Surgery Cost,Burr Hole Surgery Near Me,Burr Hole Surgery Center,Burr Hole Surgery Price
Bypass Surgery,Bypass Surgery Cost,Bypass Surgery Near Me,Bypass Surgery Center,Bypass Surgery Price
C Section Surgery,C Section Surgery Cost,C Section Surgery Near Me,C Section Surgery Center,C Section Surgery Price
CABG Surgery,CABG Surgery Cost,CABG Surgery Near Me,CABG Surgery Center,CABG Surgery Price
Cancer Surgery,Cancer Surgery Cost,Cancer Surgery Near Me,Cancer Surgery Center,Cancer Surgery Price
Carotid Artery Surgery,Carotid Artery Surgery Cost,Carotid Artery Surgery Near Me,Carotid Artery Surgery Center,Carotid Artery Surgery Price
Carpal Tunnel Release Surgery,Carpal Tunnel Release Surgery Cost,Carpal Tunnel Release Surgery Near Me,Carpal Tunnel Release Surgery Center,Carpal Tunnel Release Surgery Price
Carpal Tunnel Surgery,Carpal Tunnel Surgery Cost,Carpal Tunnel Surgery Near Me,Carpal Tunnel Surgery Center,Carpal Tunnel Surgery Price
Cataract Eye Surgery,Cataract Eye Surgery Cost,Cataract Eye Surgery Near Me,Cataract Eye Surgery Center,Cataract Eye Surgery Price
Cataract Surgery,Cataract Surgery Cost,Cataract Surgery Near Me,Cataract Surgery Center,Cataract Surgery Price
Cervical Fusion Surgery,Cervical Fusion Surgery Cost,Cervical Fusion Surgery Near Me,Cervical Fusion Surgery Center,Cervical Fusion Surgery Price
Cervical Spine Surgery,Cervical Spine Surgery Cost,Cervical Spine Surgery Near Me,Cervical Spine Surgery Center,Cervical Spine Surgery Price
Cervical Surgery,Cervical Surgery Cost,Cervical Surgery Near Me,Cervical Surgery Center,Cervical Surgery Price
Chalazion Surgery,Chalazion Surgery Cost,Chalazion Surgery Near Me,Chalazion Surgery Center,Chalazion Surgery Price
Cher Plastic Surgery,Cher Plastic Surgery Cost,Cher Plastic Surgery Near Me,Cher Plastic Surgery Center,Cher Plastic Surgery Price
Chiari Malformation Surgery,Chiari Malformation Surgery Cost,Chiari Malformation Surgery Near Me,Chiari Malformation Surgery Center,Chiari Malformation Surgery Price
Chin Reduction Surgery,Chin Reduction Surgery Cost,Chin Reduction Surgery Near Me,Chin Reduction Surgery Center,Chin Reduction Surgery Price
Chin Surgery,Chin Surgery Cost,Chin Surgery Near Me,Chin Surgery Center,Chin Surgery Price
Cholesteatoma Surgery,Cholesteatoma Surgery Cost,Cholesteatoma Surgery Near Me,Cholesteatoma Surgery Center,Cholesteatoma Surgery Price
Circumcision Surgery,Circumcision Surgery Cost,Circumcision Surgery Near Me,Circumcision Surgery Center,Circumcision Surgery Price
Cleft Lip Surgery,Cleft Lip Surgery Cost,Cleft Lip Surgery Near Me,Cleft Lip Surgery Center,Cleft Lip Surgery Price
Cleft Palate Surgery,Cleft Palate Surgery Cost,Cleft Palate Surgery Near Me,Cleft Palate Surgery Center,Cleft Palate Surgery Price
Colectomy Surgery,Colectomy Surgery Cost,Colectomy Surgery Near Me,Colectomy Surgery Center,Colectomy Surgery Price
Colon Cancer Surgery,Colon Cancer Surgery Cost,Colon Cancer Surgery Near Me,Colon Cancer Surgery Center,Colon Cancer Surgery Price
Colon Resection Surgery,Colon Resection Surgery Cost,Colon Resection Surgery Near Me,Colon Resection Surgery Center,Colon Resection Surgery Price
Colon Surgery,Colon Surgery Cost,Colon Surgery Near Me,Colon Surgery Center,Colon Surgery Price
Colorectal Surgery,Colorectal Surgery Cost,Colorectal Surgery Near Me,Colorectal Surgery Center,Colorectal Surgery Price
Colostomy Surgery,Colostomy Surgery Cost,Colostomy Surgery Near Me,Colostomy Surgery Center,Colostomy Surgery Price
Commando Surgery,Commando Surgery Cost,Commando Surgery Near Me,Commando Surgery Center,Commando Surgery Price
Corn Removal Surgery,Corn Removal Surgery Cost,Corn Removal Surgery Near Me,Corn Removal Surgery Center,Corn Removal Surgery Price
Coronary Artery Bypass Surgery,Coronary Artery Bypass Surgery Cost,Coronary Artery Bypass Surgery Near Me,Coronary Artery Bypass Surgery Center,Coronary Artery Bypass Surgery Price
Coronary Bypass Surgery,Coronary Bypass Surgery Cost,Coronary Bypass Surgery Near Me,Coronary Bypass Surgery Center,Coronary Bypass Surgery Price
Cosmetic Surgery,Cosmetic Surgery Cost,Cosmetic Surgery Near Me,Cosmetic Surgery Center,Cosmetic Surgery Price
Craniosynostosis Surgery,Craniosynostosis Surgery Cost,Craniosynostosis Surgery Near Me,Craniosynostosis Surgery Center,Craniosynostosis Surgery Price
Craniotomy Surgery,Craniotomy Surgery Cost,Craniotomy Surgery Near Me,Craniotomy Surgery Center,Craniotomy Surgery Price
Cubital Tunnel Syndrome Surgery,Cubital Tunnel Syndrome Surgery Cost,Cubital Tunnel Syndrome Surgery Near Me,Cubital Tunnel Syndrome Surgery Center,Cubital Tunnel Syndrome Surgery Price
Cyst Removal Surgery,Cyst Removal Surgery Cost,Cyst Removal Surgery Near Me,Cyst Removal Surgery Center,Cyst Removal Surgery Price
Cytoreductive Surgery,Cytoreductive Surgery Cost,Cytoreductive Surgery Near Me,Cytoreductive Surgery Center,Cytoreductive Surgery Price
D&C Surgery,D&C Surgery Cost,D&C Surgery Near Me,D&C Surgery Center,D&C Surgery Price
Day Surgery,Day Surgery Cost,Day Surgery Near Me,Day Surgery Center,Day Surgery Price
DBS Surgery,DBS Surgery Cost,DBS Surgery Near Me,DBS Surgery Center,DBS Surgery Price
Debridement Surgery,Debridement Surgery Cost,Debridement Surgery Near Me,Debridement Surgery Center,Debridement Surgery Price
Decompression Surgery,Decompression Surgery Cost,Decompression Surgery Near Me,Decompression Surgery Center,Decompression Surgery Price
Deep Brain Stimulation Surgery,Deep Brain Stimulation Surgery Cost,Deep Brain Stimulation Surgery Near Me,Deep Brain Stimulation Surgery Center,Deep Brain Stimulation Surgery Price
Dental Oral Surgery,Dental Oral Surgery Cost,Dental Oral Surgery Near Me,Dental Oral Surgery Center,Dental Oral Surgery Price
Deviated Septum Surgery,Deviated Septum Surgery Cost,Deviated Septum Surgery Near Me,Deviated Septum Surgery Center,Deviated Septum Surgery Price
Diastasis Recti Surgery,Diastasis Recti Surgery Cost,Diastasis Recti Surgery Near Me,Diastasis Recti Surgery Center,Diastasis Recti Surgery Price
Diep Flap Surgery,Diep Flap Surgery Cost,Diep Flap Surgery Near Me,Diep Flap Surgery Center,Diep Flap Surgery Price
Diep Surgery,Diep Surgery Cost,Diep Surgery Near Me,Diep Surgery Center,Diep Surgery Price
Dimple Surgery,Dimple Surgery Cost,Dimple Surgery Near Me,Dimple Surgery Center,Dimple Surgery Price
Disc Replacement Surgery,Disc Replacement Surgery Cost,Disc Replacement Surgery Near Me,Disc Replacement Surgery Center,Disc Replacement Surgery Price
Discectomy Surgery,Discectomy Surgery Cost,Discectomy Surgery Near Me,Discectomy Surgery Center,Discectomy Surgery Price
Diverticulitis Surgery,Diverticulitis Surgery Cost,Diverticulitis Surgery Near Me,Diverticulitis Surgery Center,Diverticulitis Surgery Price
DNS Surgery,DNS Surgery Cost,DNS Surgery Near Me,DNS Surgery Center,DNS Surgery Price
Dolls Plastic Surgery,Dolls Plastic Surgery Cost,Dolls Plastic Surgery Near Me,Dolls Plastic Surgery Center,Dolls Plastic Surgery Price
Double Bypass Surgery,Double Bypass Surgery Cost,Double Bypass Surgery Near Me,Double Bypass Surgery Center,Double Bypass Surgery Price
Double Chin Surgery,Double Chin Surgery Cost,Double Chin Surgery Near Me,Double Chin Surgery Center,Double Chin Surgery Price
Double Eyelid Surgery,Double Eyelid Surgery Cost,Double Eyelid Surgery Near Me,Double Eyelid Surgery Center,Double Eyelid Surgery Price
Double Jaw Surgery,Double Jaw Surgery Cost,Double Jaw Surgery Near Me,Double Jaw Surgery Center,Double Jaw Surgery Price
Duodenal Switch Surgery,Duodenal Switch Surgery Cost,Duodenal Switch Surgery Near Me,Duodenal Switch Surgery Center,Duodenal Switch Surgery Price
Ear Surgery,Ear Surgery Cost,Ear Surgery Near Me,Ear Surgery Center,Ear Surgery Price
Ectopic Pregnancy Surgery,Ectopic Pregnancy Surgery Cost,Ectopic Pregnancy Surgery Near Me,Ectopic Pregnancy Surgery Center,Ectopic Pregnancy Surgery Price
Elbow Surgery,Elbow Surgery Cost,Elbow Surgery Near Me,Elbow Surgery Center,Elbow Surgery Price
Elective Surgery,Elective Surgery Cost,Elective Surgery Near Me,Elective Surgery Center,Elective Surgery Price
Elf Ear Surgery,Elf Ear Surgery Cost,Elf Ear Surgery Near Me,Elf Ear Surgery Center,Elf Ear Surgery Price
Emergency Surgery,Emergency Surgery Cost,Emergency Surgery Near Me,Emergency Surgery Center,Emergency Surgery Price
Endo Surgery,Endo Surgery Cost,Endo Surgery Near Me,Endo Surgery Center,Endo Surgery Price
Endometriosis Laparoscopic Surgery,Endometriosis Laparoscopic Surgery Cost,Endometriosis Laparoscopic Surgery Near Me,Endometriosis Laparoscopic Surgery Center,Endometriosis Laparoscopic Surgery Price
Endometriosis Surgery,Endometriosis Surgery Cost,Endometriosis Surgery Near Me,Endometriosis Surgery Center,Endometriosis Surgery Price
Endoscopic Sinus Surgery,Endoscopic Sinus Surgery Cost,Endoscopic Sinus Surgery Near Me,Endoscopic Sinus Surgery Center,Endoscopic Sinus Surgery Price
Endoscopic Surgery,Endoscopic Surgery Cost,Endoscopic Surgery Near Me,Endoscopic Surgery Center,Endoscopic Surgery Price
ENT Surgery,ENT Surgery Cost,ENT Surgery Near Me,ENT Surgery Center,ENT Surgery Price
Entropion Surgery,Entropion Surgery Cost,Entropion Surgery Near Me,Entropion Surgery Center,Entropion Surgery Price
Epilepsy Surgery,Epilepsy Surgery Cost,Epilepsy Surgery Near Me,Epilepsy Surgery Center,Epilepsy Surgery Price
EUA Surgery,EUA Surgery Cost,EUA Surgery Near Me,EUA Surgery Center,EUA Surgery Price
Excess Skin Removal Surgery,Excess Skin Removal Surgery Cost,Excess Skin Removal Surgery Near Me,Excess Skin Removal Surgery Center,Excess Skin Removal Surgery Price
Excision Surgery,Excision Surgery Cost,Excision Surgery Near Me,Excision Surgery Center,Excision Surgery Price
Explant Surgery,Explant Surgery Cost,Explant Surgery Near Me,Explant Surgery Center,Explant Surgery Price
Exploratory Surgery,Exploratory Surgery Cost,Exploratory Surgery Near Me,Exploratory Surgery Center,Exploratory Surgery Price
Eye Color Change Surgery,Eye Color Change Surgery Cost,Eye Color Change Surgery Near Me,Eye Color Change Surgery Center,Eye Color Change Surgery Price
Eye Lift Surgery,Eye Lift Surgery Cost,Eye Lift Surgery Near Me,Eye Lift Surgery Center,Eye Lift Surgery Price
Eye Muscle Surgery,Eye Muscle Surgery Cost,Eye Muscle Surgery Near Me,Eye Muscle Surgery Center,Eye Muscle Surgery Price
Eye Surgery,Eye Surgery Cost,Eye Surgery Near Me,Eye Surgery Center,Eye Surgery Price
Eyebrow Surgery,Eyebrow Surgery Cost,Eyebrow Surgery Near Me,Eyebrow Surgery Center,Eyebrow Surgery Price
Eyelid Surgery,Eyelid Surgery Cost,Eyelid Surgery Near Me,Eyelid Surgery Center,Eyelid Surgery Price
Face Lift Surgery,Face Lift Surgery Cost,Face Lift Surgery Near Me,Face Lift Surgery Center,Face Lift Surgery Price
Face Surgery,Face Surgery Cost,Face Surgery Near Me,Face Surgery Center,Face Surgery Price
Face Transplant Surgery,Face Transplant Surgery Cost,Face Transplant Surgery Near Me,Face Transplant Surgery Center,Face Transplant Surgery Price
Facial Feminization Surgery,Facial Feminization Surgery Cost,Facial Feminization Surgery Near Me,Facial Feminization Surgery Center,Facial Feminization Surgery Price
Facial Plastic Surgery,Facial Plastic Surgery Cost,Facial Plastic Surgery Near Me,Facial Plastic Surgery Center,Facial Plastic Surgery Price
Facial Reconstruction Surgery,Facial Reconstruction Surgery Cost,Facial Reconstruction Surgery Near Me,Facial Reconstruction Surgery Center,Facial Reconstruction Surgery Price
Fat Reduction Surgery,Fat Reduction Surgery Cost,Fat Reduction Surgery Near Me,Fat Reduction Surgery Center,Fat Reduction Surgery Price
Fat Removal Surgery,Fat Removal Surgery Cost,Fat Removal Surgery Near Me,Fat Removal Surgery Center,Fat Removal Surgery Price
Fess Surgery,Fess Surgery Cost,Fess Surgery Near Me,Fess Surgery Center,Fess Surgery Price
Fetal Surgery,Fetal Surgery Cost,Fetal Surgery Near Me,Fetal Surgery Center,Fetal Surgery Price
FFS Surgery,FFS Surgery Cost,FFS Surgery Near Me,FFS Surgery Center,FFS Surgery Price
FHO Surgery,FHO Surgery Cost,FHO Surgery Near Me,FHO Surgery Center,FHO Surgery Price
Fibroid Removal Surgery,Fibroid Removal Surgery Cost,Fibroid Removal Surgery Near Me,Fibroid Removal Surgery Center,Fibroid Removal Surgery Price
Fibroid Surgery,Fibroid Surgery Cost,Fibroid Surgery Near Me,Fibroid Surgery Center,Fibroid Surgery Price
Fissure Surgery,Fissure Surgery Cost,Fissure Surgery Near Me,Fissure Surgery Center,Fissure Surgery Price
Fistula Surgery,Fistula Surgery Cost,Fistula Surgery Near Me,Fistula Surgery Center,Fistula Surgery Price
Flap Surgery,Flap Surgery Cost,Flap Surgery Near Me,Flap Surgery Center,Flap Surgery Price
Flat Foot Surgery,Flat Foot Surgery Cost,Flat Foot Surgery Near Me,Flat Foot Surgery Center,Flat Foot Surgery Price
Foot Surgery,Foot Surgery Cost,Foot Surgery Near Me,Foot Surgery Center,Foot Surgery Price
Forehead Reduction Surgery,Forehead Reduction Surgery Cost,Forehead Reduction Surgery Near Me,Forehead Reduction Surgery Center,Forehead Reduction Surgery Price
Forehead Surgery,Forehead Surgery Cost,Forehead Surgery Near Me,Forehead Surgery Center,Forehead Surgery Price
Fox Eye Surgery,Fox Eye Surgery Cost,Fox Eye Surgery Near Me,Fox Eye Surgery Center,Fox Eye Surgery Price
Frenuloplasty Surgery,Frenuloplasty Surgery Cost,Frenuloplasty Surgery Near Me,Frenuloplasty Surgery Center,Frenuloplasty Surgery Price
Ftm Bottom Surgery,Ftm Bottom Surgery Cost,Ftm Bottom Surgery Near Me,Ftm Bottom Surgery Center,Ftm Bottom Surgery Price
FTM Surgery,FTM Surgery Cost,FTM Surgery Near Me,FTM Surgery Center,FTM Surgery Price
FTM Top Surgery,FTM Top Surgery Cost,FTM Top Surgery Near Me,FTM Top Surgery Center,FTM Top Surgery Price
Functional Endoscopic Sinus Surgery,Functional Endoscopic Sinus Surgery Cost,Functional Endoscopic Sinus Surgery Near Me,Functional Endoscopic Sinus Surgery Center,Functional Endoscopic Sinus Surgery Price
Fundoplication Surgery,Fundoplication Surgery Cost,Fundoplication Surgery Near Me,Fundoplication Surgery Center,Fundoplication Surgery Price
Gallbladder Removal Surgery,Gallbladder Removal Surgery Cost,Gallbladder Removal Surgery Near Me,Gallbladder Removal Surgery Center,Gallbladder Removal Surgery Price
Gallbladder Stone Surgery,Gallbladder Stone Surgery Cost,Gallbladder Stone Surgery Near Me,Gallbladder Stone Surgery Center,Gallbladder Stone Surgery Price
Gallbladder Surgery,Gallbladder Surgery Cost,Gallbladder Surgery Near Me,Gallbladder Surgery Center,Gallbladder Surgery Price
Gallstone Removal Surgery,Gallstone Removal Surgery Cost,Gallstone Removal Surgery Near Me,Gallstone Removal Surgery Center,Gallstone Removal Surgery Price
Gallstone Surgery,Gallstone Surgery Cost,Gallstone Surgery Near Me,Gallstone Surgery Center,Gallstone Surgery Price
Gastrectomy Surgery,Gastrectomy Surgery Cost,Gastrectomy Surgery Near Me,Gastrectomy Surgery Center,Gastrectomy Surgery Price
Gastric Band Surgery,Gastric Band Surgery Cost,Gastric Band Surgery Near Me,Gastric Band Surgery Center,Gastric Band Surgery Price
Gastric Bypass Surgery,Gastric Bypass Surgery Cost,Gastric Bypass Surgery Near Me,Gastric Bypass Surgery Center,Gastric Bypass Surgery Price
Gastric Sleeve Surgery,Gastric Sleeve Surgery Cost,Gastric Sleeve Surgery Near Me,Gastric Sleeve Surgery Center,Gastric Sleeve Surgery Price
Gastric Surgery,Gastric Surgery Cost,Gastric Surgery Near Me,Gastric Surgery Center,Gastric Surgery Price
Gender Affirming Surgery,Gender Affirming Surgery Cost,Gender Affirming Surgery Near Me,Gender Affirming Surgery Center,Gender Affirming Surgery Price
Gender Confirmation Surgery,Gender Confirmation Surgery Cost,Gender Confirmation Surgery Near Me,Gender Confirmation Surgery Center,Gender Confirmation Surgery Price
Gender Reassignment Surgery,Gender Reassignment Surgery Cost,Gender Reassignment Surgery Near Me,Gender Reassignment Surgery Center,Gender Reassignment Surgery Price
Gerd Surgery,Gerd Surgery Cost,Gerd Surgery Near Me,Gerd Surgery Center,Gerd Surgery Price
GI Surgery,GI Surgery Cost,GI Surgery Near Me,GI Surgery Center,GI Surgery Price
Glaucoma Laser Surgery,Glaucoma Laser Surgery Cost,Glaucoma Laser Surgery Near Me,Glaucoma Laser Surgery Center,Glaucoma Laser Surgery Price
Glaucoma Surgery,Glaucoma Surgery Cost,Glaucoma Surgery Near Me,Glaucoma Surgery Center,Glaucoma Surgery Price
Goals Plastic Surgery,Goals Plastic Surgery Cost,Goals Plastic Surgery Near Me,Goals Plastic Surgery Center,Goals Plastic Surgery Price
Gynecomastia Surgery,Gynecomastia Surgery Cost,Gynecomastia Surgery Near Me,Gynecomastia Surgery Center,Gynecomastia Surgery Price
Gyno Surgery,Gyno Surgery Cost,Gyno Surgery Near Me,Gyno Surgery Center,Gyno Surgery Price
Hair Surgery,Hair Surgery Cost,Hair Surgery Near Me,Hair Surgery Center,Hair Surgery Price
Hair Transplant Surgery,Hair Transplant Surgery Cost,Hair Transplant Surgery Near Me,Hair Transplant Surgery Center,Hair Transplant Surgery Price
Hairline Lowering Surgery,Hairline Lowering Surgery Cost,Hairline Lowering Surgery Near Me,Hairline Lowering Surgery Center,Hairline Lowering Surgery Price
Hairline Surgery,Hairline Surgery Cost,Hairline Surgery Near Me,Hairline Surgery Center,Hairline Surgery Price
Hammer Toe Surgery,Hammer Toe Surgery Cost,Hammer Toe Surgery Near Me,Hammer Toe Surgery Center,Hammer Toe Surgery Price
Hand Surgery,Hand Surgery Cost,Hand Surgery Near Me,Hand Surgery Center,Hand Surgery Price
Heart Bypass Surgery,Heart Bypass Surgery Cost,Heart Bypass Surgery Near Me,Heart Bypass Surgery Center,Heart Bypass Surgery Price
Heart Surgery,Heart Surgery Cost,Heart Surgery Near Me,Heart Surgery Center,Heart Surgery Price
Heart Transplant Surgery,Heart Transplant Surgery Cost,Heart Transplant Surgery Near Me,Heart Transplant Surgery Center,Heart Transplant Surgery Price
Heart Valve Replacement Surgery,Heart Valve Replacement Surgery Cost,Heart Valve Replacement Surgery Near Me,Heart Valve Replacement Surgery Center,Heart Valve Replacement Surgery Price
Heart Valve Surgery,Heart Valve Surgery Cost,Heart Valve Surgery Near Me,Heart Valve Surgery Center,Heart Valve Surgery Price
Heel Spur Surgery,Heel Spur Surgery Cost,Heel Spur Surgery Near Me,Heel Spur Surgery Center,Heel Spur Surgery Price
Height Increase Surgery,Height Increase Surgery Cost,Height Increase Surgery Near Me,Height Increase Surgery Center,Height Increase Surgery Price
Height Lengthening Surgery,Height Lengthening Surgery Cost,Height Lengthening Surgery Near Me,Height Lengthening Surgery Center,Height Lengthening Surgery Price
Height Surgery,Height Surgery Cost,Height Surgery Near Me,Height Surgery Center,Height Surgery Price
Hemorrhoid Removal Surgery,Hemorrhoid Removal Surgery Cost,Hemorrhoid Removal Surgery Near Me,Hemorrhoid Removal Surgery Center,Hemorrhoid Removal Surgery Price
Hemorrhoid Surgery,Hemorrhoid Surgery Cost,Hemorrhoid Surgery Near Me,Hemorrhoid Surgery Center,Hemorrhoid Surgery Price
Hemorrhoidectomy Surgery,Hemorrhoidectomy Surgery Cost,Hemorrhoidectomy Surgery Near Me,Hemorrhoidectomy Surgery Center,Hemorrhoidectomy Surgery Price
Hernia Repair Surgery,Hernia Repair Surgery Cost,Hernia Repair Surgery Near Me,Hernia Repair Surgery Center,Hernia Repair Surgery Price
Hernia Surgery,Hernia Surgery Cost,Hernia Surgery Near Me,Hernia Surgery Center,Hernia Surgery Price
Herniated Disc Surgery,Herniated Disc Surgery Cost,Herniated Disc Surgery Near Me,Herniated Disc Surgery Center,Herniated Disc Surgery Price
Hiatal Hernia Surgery,Hiatal Hernia Surgery Cost,Hiatal Hernia Surgery Near Me,Hiatal Hernia Surgery Center,Hiatal Hernia Surgery Price
Hidradenitis Suppurativa Surgery,Hidradenitis Suppurativa Surgery Cost,Hidradenitis Suppurativa Surgery Near Me,Hidradenitis Suppurativa Surgery Center,Hidradenitis Suppurativa Surgery Price
Hip Dip Surgery,Hip Dip Surgery Cost,Hip Dip Surgery Near Me,Hip Dip Surgery Center,Hip Dip Surgery Price
Hip Replacement Surgery,Hip Replacement Surgery Cost,Hip Replacement Surgery Near Me,Hip Replacement Surgery Center,Hip Replacement Surgery Price
Hip Surgery,Hip Surgery Cost,Hip Surgery Near Me,Hip Surgery Center,Hip Surgery Price
Hooded Eye Surgery,Hooded Eye Surgery Cost,Hooded Eye Surgery Near Me,Hooded Eye Surgery Center,Hooded Eye Surgery Price
HPB Surgery,HPB Surgery Cost,HPB Surgery Near Me,HPB Surgery Center,HPB Surgery Price
Hydrocele Surgery,Hydrocele Surgery Cost,Hydrocele Surgery Near Me,Hydrocele Surgery Center,Hydrocele Surgery Price
Hymen Repair Surgery,Hymen Repair Surgery Cost,Hymen Repair Surgery Near Me,Hymen Repair Surgery Center,Hymen Repair Surgery Price
Hymenoplasty Surgery,Hymenoplasty Surgery Cost,Hymenoplasty Surgery Near Me,Hymenoplasty Surgery Center,Hymenoplasty Surgery Price
Hypospadias Surgery,Hypospadias Surgery Cost,Hypospadias Surgery Near Me,Hypospadias Surgery Center,Hypospadias Surgery Price
Hysterectomy Surgery,Hysterectomy Surgery Cost,Hysterectomy Surgery Near Me,Hysterectomy Surgery Center,Hysterectomy Surgery Price
Hysteroscopy Surgery,Hysteroscopy Surgery Cost,Hysteroscopy Surgery Near Me,Hysteroscopy Surgery Center,Hysteroscopy Surgery Price
ICL Surgery,ICL Surgery Cost,ICL Surgery Near Me,ICL Surgery Center,ICL Surgery Price
Ingrown Toenail Surgery,Ingrown Toenail Surgery Cost,Ingrown Toenail Surgery Near Me,Ingrown Toenail Surgery Center,Ingrown Toenail Surgery Price
Inguinal Hernia Surgery,Inguinal Hernia Surgery Cost,Inguinal Hernia Surgery Near Me,Inguinal Hernia Surgery Center,Inguinal Hernia Surgery Price
Invasive Surgery,Invasive Surgery Cost,Invasive Surgery Near Me,Invasive Surgery Center,Invasive Surgery Price
J Pouch Surgery,J Pouch Surgery Cost,J Pouch Surgery Near Me,J Pouch Surgery Center,J Pouch Surgery Price
Jama Surgery,Jama Surgery Cost,Jama Surgery Near Me,Jama Surgery Center,Jama Surgery Price
Jaw Reduction Surgery,Jaw Reduction Surgery Cost,Jaw Reduction Surgery Near Me,Jaw Reduction Surgery Center,Jaw Reduction Surgery Price
Jaw Surgery,Jaw Surgery Cost,Jaw Surgery Near Me,Jaw Surgery Center,Jaw Surgery Price
Jawline Surgery,Jawline Surgery Cost,Jawline Surgery Near Me,Jawline Surgery Center,Jawline Surgery Price
Keratoconus Surgery,Keratoconus Surgery Cost,Keratoconus Surgery Near Me,Keratoconus Surgery Center,Keratoconus Surgery Price
Keyhole Surgery,Keyhole Surgery Cost,Keyhole Surgery Near Me,Keyhole Surgery Center,Keyhole Surgery Price
Kidney Removal Surgery,Kidney Removal Surgery Cost,Kidney Removal Surgery Near Me,Kidney Removal Surgery Center,Kidney Removal Surgery Price
Kidney Surgery,Kidney Surgery Cost,Kidney Surgery Near Me,Kidney Surgery Center,Kidney Surgery Price
Kidney Transplant Surgery,Kidney Transplant Surgery Cost,Kidney Transplant Surgery Near Me,Kidney Transplant Surgery Center,Kidney Transplant Surgery Price
Knee Replacement Surgery,Knee Replacement Surgery Cost,Knee Replacement Surgery Near Me,Knee Replacement Surgery Center,Knee Replacement Surgery Price
Knee Surgery,Knee Surgery Cost,Knee Surgery Near Me,Knee Surgery Center,Knee Surgery Price
Korean Plastic Surgery,Korean Plastic Surgery Cost,Korean Plastic Surgery Near Me,Korean Plastic Surgery Center,Korean Plastic Surgery Price
Kyphoplasty Surgery,Kyphoplasty Surgery Cost,Kyphoplasty Surgery Near Me,Kyphoplasty Surgery Center,Kyphoplasty Surgery Price
Labia Surgery,Labia Surgery Cost,Labia Surgery Near Me,Labia Surgery Center,Labia Surgery Price
Labrum Surgery,Labrum Surgery Cost,Labrum Surgery Near Me,Labrum Surgery Center,Labrum Surgery Price
Laminectomy Surgery,Laminectomy Surgery Cost,Laminectomy Surgery Near Me,Laminectomy Surgery Center,Laminectomy Surgery Price
Lap Band Surgery,Lap Band Surgery Cost,Lap Band Surgery Near Me,Lap Band Surgery Center,Lap Band Surgery Price
Lap Chole Surgery,Lap Chole Surgery Cost,Lap Chole Surgery Near Me,Lap Chole Surgery Center,Lap Chole Surgery Price
Laparoscopic Gallbladder Surgery,Laparoscopic Gallbladder Surgery Cost,Laparoscopic Gallbladder Surgery Near Me,Laparoscopic Gallbladder Surgery Center,Laparoscopic Gallbladder Surgery Price
Laparoscopic Surgery,Laparoscopic Surgery Cost,Laparoscopic Surgery Near Me,Laparoscopic Surgery Center,Laparoscopic Surgery Price
Laparotomy Surgery,Laparotomy Surgery Cost,Laparotomy Surgery Near Me,Laparotomy Surgery Center,Laparotomy Surgery Price
Lar Surgery,Lar Surgery Cost,Lar Surgery Near Me,Lar Surgery Center,Lar Surgery Price
Laser Cataract Surgery,Laser Cataract Surgery Cost,Laser Cataract Surgery Near Me,Laser Cataract Surgery Center,Laser Cataract Surgery Price
Laser Surgery,Laser Surgery Cost,Laser Surgery Near Me,Laser Surgery Center,Laser Surgery Price
Lazy Eye Surgery,Lazy Eye Surgery Cost,Lazy Eye Surgery Near Me,Lazy Eye Surgery Center,Lazy Eye Surgery Price
Leg Extension Surgery,Leg Extension Surgery Cost,Leg Extension Surgery Near Me,Leg Extension Surgery Center,Leg Extension Surgery Price
Leg Lengthening Surgery,Leg Lengthening Surgery Cost,Leg Lengthening Surgery Near Me,Leg Lengthening Surgery Center,Leg Lengthening Surgery Price
Lens Replacement Surgery,Lens Replacement Surgery Cost,Lens Replacement Surgery Near Me,Lens Replacement Surgery Center,Lens Replacement Surgery Price
Linx Surgery,Linx Surgery Cost,Linx Surgery Near Me,Linx Surgery Center,Linx Surgery Price
Lip Reduction Surgery,Lip Reduction Surgery Cost,Lip Reduction Surgery Near Me,Lip Reduction Surgery Center,Lip Reduction Surgery Price
Lip Surgery,Lip Surgery Cost,Lip Surgery Near Me,Lip Surgery Center,Lip Surgery Price
Lipo Surgery,Lipo Surgery Cost,Lipo Surgery Near Me,Lipo Surgery Center,Lipo Surgery Price
Liposuction Surgery,Liposuction Surgery Cost,Liposuction Surgery Near Me,Liposuction Surgery Center,Liposuction Surgery Price
Liver Surgery,Liver Surgery Cost,Liver Surgery Near Me,Liver Surgery Center,Liver Surgery Price
Liver Transplant Surgery,Liver Transplant Surgery Cost,Liver Transplant Surgery Near Me,Liver Transplant Surgery Center,Liver Transplant Surgery Price
Longest Surgery,Longest Surgery Cost,Longest Surgery Near Me,Longest Surgery Center,Longest Surgery Price
Loose Skin Surgery,Loose Skin Surgery Cost,Loose Skin Surgery Near Me,Loose Skin Surgery Center,Loose Skin Surgery Price
Lower Eyelid Surgery,Lower Eyelid Surgery Cost,Lower Eyelid Surgery Near Me,Lower Eyelid Surgery Center,Lower Eyelid Surgery Price
LSCS Surgery,LSCS Surgery Cost,LSCS Surgery Near Me,LSCS Surgery Center,LSCS Surgery Price
Lumbar Decompression Surgery,Lumbar Decompression Surgery Cost,Lumbar Decompression Surgery Near Me,Lumbar Decompression Surgery Center,Lumbar Decompression Surgery Price
Lumpectomy Surgery,Lumpectomy Surgery Cost,Lumpectomy Surgery Near Me,Lumpectomy Surgery Center,Lumpectomy Surgery Price
Lung Surgery,Lung Surgery Cost,Lung Surgery Near Me,Lung Surgery Center,Lung Surgery Price
LVAD Surgery,LVAD Surgery Cost,LVAD Surgery Near Me,LVAD Surgery Center,LVAD Surgery Price
Macular Hole Surgery,Macular Hole Surgery Cost,Macular Hole Surgery Near Me,Macular Hole Surgery Center,Macular Hole Surgery Price
Major Surgery,Major Surgery Cost,Major Surgery Near Me,Major Surgery Center,Major Surgery Price
Male Breast Reduction Surgery,Male Breast Reduction Surgery Cost,Male Breast Reduction Surgery Near Me,Male Breast Reduction Surgery Center,Male Breast Reduction Surgery Price
Mals Surgery,Mals Surgery Cost,Mals Surgery Near Me,Mals Surgery Center,Mals Surgery Price
Mastectomy Surgery,Mastectomy Surgery Cost,Mastectomy Surgery Near Me,Mastectomy Surgery Center,Mastectomy Surgery Price
Maxillofacial Surgery,Maxillofacial Surgery Cost,Maxillofacial Surgery Near Me,Maxillofacial Surgery Center,Maxillofacial Surgery Price
Meniscus Repair Surgery,Meniscus Repair Surgery Cost,Meniscus Repair Surgery Near Me,Meniscus Repair Surgery Center,Meniscus Repair Surgery Price
Meniscus Surgery,Meniscus Surgery Cost,Meniscus Surgery Near Me,Meniscus Surgery Center,Meniscus Surgery Price
Meniscus Tear Surgery,Meniscus Tear Surgery Cost,Meniscus Tear Surgery Near Me,Meniscus Tear Surgery Center,Meniscus Tear Surgery Price
Metoidioplasty Surgery,Metoidioplasty Surgery Cost,Metoidioplasty Surgery Near Me,Metoidioplasty Surgery Center,Metoidioplasty Surgery Price
Microdiscectomy Surgery,Microdiscectomy Surgery Cost,Microdiscectomy Surgery Near Me,Microdiscectomy Surgery Center,Microdiscectomy Surgery Price
Minimally Invasive Bunion Surgery,Minimally Invasive Bunion Surgery Cost,Minimally Invasive Bunion Surgery Near Me,Minimally Invasive Bunion Surgery Center,Minimally Invasive Bunion Surgery Price
Minimally Invasive Spine Surgery,Minimally Invasive Spine Surgery Cost,Minimally Invasive Spine Surgery Near Me,Minimally Invasive Spine Surgery Center,Minimally Invasive Spine Surgery Price
Minimally Invasive Surgery,Minimally Invasive Surgery Cost,Minimally Invasive Surgery Near Me,Minimally Invasive Surgery Center,Minimally Invasive Surgery Price
Minor Surgery,Minor Surgery Cost,Minor Surgery Near Me,Minor Surgery Center,Minor Surgery Price
MRM Surgery,MRM Surgery Cost,MRM Surgery Near Me,MRM Surgery Center,MRM Surgery Price
Mtf Bottom Surgery,Mtf Bottom Surgery Cost,Mtf Bottom Surgery Near Me,Mtf Bottom Surgery Center,Mtf Bottom Surgery Price
MTF Surgery,MTF Surgery Cost,MTF Surgery Near Me,MTF Surgery Center,MTF Surgery Price
MVD Surgery,MVD Surgery Cost,MVD Surgery Near Me,MVD Surgery Center,MVD Surgery Price
Myomectomy Surgery,Myomectomy Surgery Cost,Myomectomy Surgery Near Me,Myomectomy Surgery Center,Myomectomy Surgery Price
Nasal Polyps Surgery,Nasal Polyps Surgery Cost,Nasal Polyps Surgery Near Me,Nasal Polyps Surgery Center,Nasal Polyps Surgery Price
Nasal Surgery,Nasal Surgery Cost,Nasal Surgery Near Me,Nasal Surgery Center,Nasal Surgery Price
Neck Lift Surgery,Neck Lift Surgery Cost,Neck Lift Surgery Near Me,Neck Lift Surgery Center,Neck Lift Surgery Price
Neck Surgery,Neck Surgery Cost,Neck Surgery Near Me,Neck Surgery Center,Neck Surgery Price
Nipple Reconstruction Surgery,Nipple Reconstruction Surgery Cost,Nipple Reconstruction Surgery Near Me,Nipple Reconstruction Surgery Center,Nipple Reconstruction Surgery Price
Nipple Reduction Surgery,Nipple Reduction Surgery Cost,Nipple Reduction Surgery Near Me,Nipple Reduction Surgery Center,Nipple Reduction Surgery Price
Nissen Fundoplication Surgery,Nissen Fundoplication Surgery Cost,Nissen Fundoplication Surgery Near Me,Nissen Fundoplication Surgery Center,Nissen Fundoplication Surgery Price
Northbrook Surgery,Northbrook Surgery Cost,Northbrook Surgery Near Me,Northbrook Surgery Center,Northbrook Surgery Price
Nose Plastic Surgery,Nose Plastic Surgery Cost,Nose Plastic Surgery Near Me,Nose Plastic Surgery Center,Nose Plastic Surgery Price
Nose Surgery,Nose Surgery Cost,Nose Surgery Near Me,Nose Surgery Center,Nose Surgery Price
Obesity Surgery,Obesity Surgery Cost,Obesity Surgery Near Me,Obesity Surgery Center,Obesity Surgery Price
Open Heart Surgery,Open Heart Surgery Cost,Open Heart Surgery Near Me,Open Heart Surgery Center,Open Heart Surgery Price
Open Surgery,Open Surgery Cost,Open Surgery Near Me,Open Surgery Center,Open Surgery Price
Oral And Facial Surgery,Oral And Facial Surgery Cost,Oral And Facial Surgery Near Me,Oral And Facial Surgery Center,Oral And Facial Surgery Price
Oral Maxillofacial Surgery,Oral Maxillofacial Surgery Cost,Oral Maxillofacial Surgery Near Me,Oral Maxillofacial Surgery Center,Oral Maxillofacial Surgery Price
Oral Surgery Associates,Oral Surgery Associates Cost,Oral Surgery Associates Near Me,Oral Surgery Associates Center,Oral Surgery Associates Price
Orchiectomy Surgery,Orchiectomy Surgery Cost,Orchiectomy Surgery Near Me,Orchiectomy Surgery Center,Orchiectomy Surgery Price
Orchiopexy Surgery,Orchiopexy Surgery Cost,Orchiopexy Surgery Near Me,Orchiopexy Surgery Center,Orchiopexy Surgery Price
Orif Surgery,Orif Surgery Cost,Orif Surgery Near Me,Orif Surgery Center,Orif Surgery Price
Orthognathic Surgery,Orthognathic Surgery Cost,Orthognathic Surgery Near Me,Orthognathic Surgery Center,Orthognathic Surgery Price
Osteotomy Surgery,Osteotomy Surgery Cost,Osteotomy Surgery Near Me,Osteotomy Surgery Center,Osteotomy Surgery Price
Otoplasty Surgery,Otoplasty Surgery Cost,Otoplasty Surgery Near Me,Otoplasty Surgery Center,Otoplasty Surgery Price
Outpatient Surgery,Outpatient Surgery Cost,Outpatient Surgery Near Me,Outpatient Surgery Center,Outpatient Surgery Price
Ovarian Cyst Removal Surgery,Ovarian Cyst Removal Surgery Cost,Ovarian Cyst Removal Surgery Near Me,Ovarian Cyst Removal Surgery Center,Ovarian Cyst Removal Surgery Price
Ovarian Cyst Surgery,Ovarian Cyst Surgery Cost,Ovarian Cyst Surgery Near Me,Ovarian Cyst Surgery Center,Ovarian Cyst Surgery Price
Ovary Removal Surgery,Ovary Removal Surgery Cost,Ovary Removal Surgery Near Me,Ovary Removal Surgery Center,Ovary Removal Surgery Price
Palliative Surgery,Palliative Surgery Cost,Palliative Surgery Near Me,Palliative Surgery Center,Palliative Surgery Price
Panniculectomy Surgery,Panniculectomy Surgery Cost,Panniculectomy Surgery Near Me,Panniculectomy Surgery Center,Panniculectomy Surgery Price
PAO Surgery,PAO Surgery Cost,PAO Surgery Near Me,PAO Surgery Center,PAO Surgery Price
Parathyroid Surgery,Parathyroid Surgery Cost,Parathyroid Surgery Near Me,Parathyroid Surgery Center,Parathyroid Surgery Price
Partial Knee Replacement Surgery,Partial Knee Replacement Surgery Cost,Partial Knee Replacement Surgery Near Me,Partial Knee Replacement Surgery Center,Partial Knee Replacement Surgery Price
PCNL Surgery,PCNL Surgery Cost,PCNL Surgery Near Me,PCNL Surgery Center,PCNL Surgery Price
Pectus Excavatum Surgery,Pectus Excavatum Surgery Cost,Pectus Excavatum Surgery Near Me,Pectus Excavatum Surgery Center,Pectus Excavatum Surgery Price
Pectus Surgery,Pectus Surgery Cost,Pectus Surgery Near Me,Pectus Surgery Center,Pectus Surgery Price
Penis Enlargement Surgery,Penis Enlargement Surgery Cost,Penis Enlargement Surgery Near Me,Penis Enlargement Surgery Center,Penis Enlargement Surgery Price
Penis Extension Surgery,Penis Extension Surgery Cost,Penis Extension Surgery Near Me,Penis Extension Surgery Center,Penis Extension Surgery Price
Penis Surgery,Penis Surgery Cost,Penis Surgery Near Me,Penis Surgery Center,Penis Surgery Price
Penis Transplant Surgery,Penis Transplant Surgery Cost,Penis Transplant Surgery Near Me,Penis Transplant Surgery Center,Penis Transplant Surgery Price
Permanent Male Enlargement Surgery,Permanent Male Enlargement Surgery Cost,Permanent Male Enlargement Surgery Near Me,Permanent Male Enlargement Surgery Center,Permanent Male Enlargement Surgery Price
Phaco Surgery,Phaco Surgery Cost,Phaco Surgery Near Me,Phaco Surgery Center,Phaco Surgery Price
Phalloplasty Surgery,Phalloplasty Surgery Cost,Phalloplasty Surgery Near Me,Phalloplasty Surgery Center,Phalloplasty Surgery Price
Piles Surgery,Piles Surgery Cost,Piles Surgery Near Me,Piles Surgery Center,Piles Surgery Price
Pilonidal Cyst Surgery,Pilonidal Cyst Surgery Cost,Pilonidal Cyst Surgery Near Me,Pilonidal Cyst Surgery Center,Pilonidal Cyst Surgery Price
Pilonidal Sinus Surgery,Pilonidal Sinus Surgery Cost,Pilonidal Sinus Surgery Near Me,Pilonidal Sinus Surgery Center,Pilonidal Sinus Surgery Price
Plantar Fasciitis Surgery,Plantar Fasciitis Surgery Cost,Plantar Fasciitis Surgery Near Me,Plantar Fasciitis Surgery Center,Plantar Fasciitis Surgery Price
Plastic Surgery,Plastic Surgery Cost,Plastic Surgery Near Me,Plastic Surgery Center,Plastic Surgery Price
Polyp Removal Surgery,Polyp Removal Surgery Cost,Polyp Removal Surgery Near Me,Polyp Removal Surgery Center,Polyp Removal Surgery Price
Professional Plastic Surgery,Professional Plastic Surgery Cost,Professional Plastic Surgery Near Me,Professional Plastic Surgery Center,Professional Plastic Surgery Price
Prolapse Surgery,Prolapse Surgery Cost,Prolapse Surgery Near Me,Prolapse Surgery Center,Prolapse Surgery Price
Prostate Cancer Surgery,Prostate Cancer Surgery Cost,Prostate Cancer Surgery Near Me,Prostate Cancer Surgery Center,Prostate Cancer Surgery Price
Prostate Removal Surgery,Prostate Removal Surgery Cost,Prostate Removal Surgery Near Me,Prostate Removal Surgery Center,Prostate Removal Surgery Price
Prostate Surgery,Prostate Surgery Cost,Prostate Surgery Near Me,Prostate Surgery Center,Prostate Surgery Price
Pterygium Surgery,Pterygium Surgery Cost,Pterygium Surgery Near Me,Pterygium Surgery Center,Pterygium Surgery Price
Ptosis Surgery,Ptosis Surgery Cost,Ptosis Surgery Near Me,Ptosis Surgery Center,Ptosis Surgery Price
Pure Plastic Surgery,Pure Plastic Surgery Cost,Pure Plastic Surgery Near Me,Pure Plastic Surgery Center,Pure Plastic Surgery Price
Pyeloplasty Surgery,Pyeloplasty Surgery Cost,Pyeloplasty Surgery Near Me,Pyeloplasty Surgery Center,Pyeloplasty Surgery Price
Pyloric Stenosis Surgery,Pyloric Stenosis Surgery Cost,Pyloric Stenosis Surgery Near Me,Pyloric Stenosis Surgery Center,Pyloric Stenosis Surgery Price
Quadruple Bypass Surgery,Quadruple Bypass Surgery Cost,Quadruple Bypass Surgery Near Me,Quadruple Bypass Surgery Center,Quadruple Bypass Surgery Price
Reconstructive Surgery,Reconstructive Surgery Cost,Reconstructive Surgery Near Me,Reconstructive Surgery Center,Reconstructive Surgery Price
Rectal Prolapse Surgery,Rectal Prolapse Surgery Cost,Rectal Prolapse Surgery Near Me,Rectal Prolapse Surgery Center,Rectal Prolapse Surgery Price
Rectocele Surgery,Rectocele Surgery Cost,Rectocele Surgery Near Me,Rectocele Surgery Center,Rectocele Surgery Price
Resection Surgery,Resection Surgery Cost,Resection Surgery Near Me,Resection Surgery Center,Resection Surgery Price
Retina Surgery,Retina Surgery Cost,Retina Surgery Near Me,Retina Surgery Center,Retina Surgery Price
Retinal Detachment Surgery,Retinal Detachment Surgery Cost,Retinal Detachment Surgery Near Me,Retinal Detachment Surgery Center,Retinal Detachment Surgery Price
Reverse Shoulder Replacement Surgery,Reverse Shoulder Replacement Surgery Cost,Reverse Shoulder Replacement Surgery Near Me,Reverse Shoulder Replacement Surgery Center,Reverse Shoulder Replacement Surgery Price
Revision Surgery,Revision Surgery Cost,Revision Surgery Near Me,Revision Surgery Center,Revision Surgery Price
Rhinoplasty Surgery,Rhinoplasty Surgery Cost,Rhinoplasty Surgery Near Me,Rhinoplasty Surgery Center,Rhinoplasty Surgery Price
RIRS Surgery,RIRS Surgery Cost,RIRS Surgery Near Me,RIRS Surgery Center,RIRS Surgery Price
RNY Surgery,RNY Surgery Cost,RNY Surgery Near Me,RNY Surgery Center,RNY Surgery Price
Robotic Surgery,Robotic Surgery Cost,Robotic Surgery Near Me,Robotic Surgery Center,Robotic Surgery Price
Rotator Cuff Surgery,Rotator Cuff Surgery Cost,Rotator Cuff Surgery Near Me,Rotator Cuff Surgery Center,Rotator Cuff Surgery Price
Rotator Cuff Tear Surgery,Rotator Cuff Tear Surgery Cost,Rotator Cuff Tear Surgery Near Me,Rotator Cuff Tear Surgery Center,Rotator Cuff Tear Surgery Price
S Curve Surgery,S Curve Surgery Cost,S Curve Surgery Near Me,S Curve Surgery Center,S Curve Surgery Price
Scar Removal Surgery,Scar Removal Surgery Cost,Scar Removal Surgery Near Me,Scar Removal Surgery Center,Scar Removal Surgery Price
Scar Revision Surgery,Scar Revision Surgery Cost,Scar Revision Surgery Near Me,Scar Revision Surgery Center,Scar Revision Surgery Price
Scar Tissue After Surgery,Scar Tissue After Surgery Cost,Scar Tissue After Surgery Near Me,Scar Tissue After Surgery Center,Scar Tissue After Surgery Price
Schwartz Surgery,Schwartz Surgery Cost,Schwartz Surgery Near Me,Schwartz Surgery Center,Schwartz Surgery Price
Sciatica Surgery,Sciatica Surgery Cost,Sciatica Surgery Near Me,Sciatica Surgery Center,Sciatica Surgery Price
Scoliosis Surgery,Scoliosis Surgery Cost,Scoliosis Surgery Near Me,Scoliosis Surgery Center,Scoliosis Surgery Price
SDR Surgery,SDR Surgery Cost,SDR Surgery Near Me,SDR Surgery Center,SDR Surgery Price
Septoplasty Surgery,Septoplasty Surgery Cost,Septoplasty Surgery Near Me,Septoplasty Surgery Center,Septoplasty Surgery Price
Septum Surgery,Septum Surgery Cost,Septum Surgery Near Me,Septum Surgery Center,Septum Surgery Price
Shoulder Replacement Surgery,Shoulder Replacement Surgery Cost,Shoulder Replacement Surgery Near Me,Shoulder Replacement Surgery Center,Shoulder Replacement Surgery Price
Shoulder Surgery,Shoulder Surgery Cost,Shoulder Surgery Near Me,Shoulder Surgery Center,Shoulder Surgery Price
Shunt Surgery,Shunt Surgery Cost,Shunt Surgery Near Me,Shunt Surgery Center,Shunt Surgery Price
Sinus Lift Surgery,Sinus Lift Surgery Cost,Sinus Lift Surgery Near Me,Sinus Lift Surgery Center,Sinus Lift Surgery Price
Sinus Surgery,Sinus Surgery Cost,Sinus Surgery Near Me,Sinus Surgery Center,Sinus Surgery Price
Skin Graft Surgery,Skin Graft Surgery Cost,Skin Graft Surgery Near Me,Skin Graft Surgery Center,Skin Graft Surgery Price
Skin Removal Surgery,Skin Removal Surgery Cost,Skin Removal Surgery Near Me,Skin Removal Surgery Center,Skin Removal Surgery Price
Sleep Apnea Surgery,Sleep Apnea Surgery Cost,Sleep Apnea Surgery Near Me,Sleep Apnea Surgery Center,Sleep Apnea Surgery Price
Sleeve Gastrectomy Surgery,Sleeve Gastrectomy Surgery Cost,Sleeve Gastrectomy Surgery Near Me,Sleeve Gastrectomy Surgery Center,Sleeve Gastrectomy Surgery Price
Sleeve Surgery,Sleeve Surgery Cost,Sleeve Surgery Near Me,Sleeve Surgery Center,Sleeve Surgery Price
Spinal Decompression Surgery,Spinal Decompression Surgery Cost,Spinal Decompression Surgery Near Me,Spinal Decompression Surgery Center,Spinal Decompression Surgery Price
Spinal Fusion Surgery,Spinal Fusion Surgery Cost,Spinal Fusion Surgery Near Me,Spinal Fusion Surgery Center,Spinal Fusion Surgery Price
Spinal Stenosis Surgery,Spinal Stenosis Surgery Cost,Spinal Stenosis Surgery Near Me,Spinal Stenosis Surgery Center,Spinal Stenosis Surgery Price
Spine Surgery,Spine Surgery Cost,Spine Surgery Near Me,Spine Surgery Center,Spine Surgery Price
SRS Surgery,SRS Surgery Cost,SRS Surgery Near Me,SRS Surgery Center,SRS Surgery Price
Stent Surgery,Stent Surgery Cost,Stent Surgery Near Me,Stent Surgery Center,Stent Surgery Price
Stomach Bypass Surgery,Stomach Bypass Surgery Cost,Stomach Bypass Surgery Near Me,Stomach Bypass Surgery Center,Stomach Bypass Surgery Price
Stomach Reduction Surgery,Stomach Reduction Surgery Cost,Stomach Reduction Surgery Near Me,Stomach Reduction Surgery Center,Stomach Reduction Surgery Price
Stomach Surgery,Stomach Surgery Cost,Stomach Surgery Near Me,Stomach Surgery Center,Stomach Surgery Price
Stretch Mark Removal Surgery,Stretch Mark Removal Surgery Cost,Stretch Mark Removal Surgery Near Me,Stretch Mark Removal Surgery Center,Stretch Mark Removal Surgery Price
Summit Oral Surgery,Summit Oral Surgery Cost,Summit Oral Surgery Near Me,Summit Oral Surgery Center,Summit Oral Surgery Price
Surgery Center,Surgery Center Cost,Surgery Center Near Me,Surgery Center Center,Surgery Center Price
TAH Surgery,TAH Surgery Cost,TAH Surgery Near Me,TAH Surgery Center,TAH Surgery Price
TAVR Surgery,TAVR Surgery Cost,TAVR Surgery Near Me,TAVR Surgery Center,TAVR Surgery Price
Tear Duct Surgery,Tear Duct Surgery Cost,Tear Duct Surgery Near Me,Tear Duct Surgery Center,Tear Duct Surgery Price
Teeth Surgery,Teeth Surgery Cost,Teeth Surgery Near Me,Teeth Surgery Center,Teeth Surgery Price
Tennis Elbow Surgery,Tennis Elbow Surgery Cost,Tennis Elbow Surgery Near Me,Tennis Elbow Surgery Center,Tennis Elbow Surgery Price
THE Surgery,THE Surgery Cost,THE Surgery Near Me,THE Surgery Center,THE Surgery Price
Thoracic Surgery,Thoracic Surgery Cost,Thoracic Surgery Near Me,Thoracic Surgery Center,Thoracic Surgery Price
Thyroid Removal Surgery,Thyroid Removal Surgery Cost,Thyroid Removal Surgery Near Me,Thyroid Removal Surgery Center,Thyroid Removal Surgery Price
Thyroid Surgery,Thyroid Surgery Cost,Thyroid Surgery Near Me,Thyroid Surgery Center,Thyroid Surgery Price
Thyroidectomy Surgery,Thyroidectomy Surgery Cost,Thyroidectomy Surgery Near Me,Thyroidectomy Surgery Center,Thyroidectomy Surgery Price
TKR Surgery,TKR Surgery Cost,TKR Surgery Near Me,TKR Surgery Center,TKR Surgery Price
TLH Surgery,TLH Surgery Cost,TLH Surgery Near Me,TLH Surgery Center,TLH Surgery Price
TLIF Surgery,TLIF Surgery Cost,TLIF Surgery Near Me,TLIF Surgery Center,TLIF Surgery Price
TMJ Surgery,TMJ Surgery Cost,TMJ Surgery Near Me,TMJ Surgery Center,TMJ Surgery Price
Toe Shortening Surgery,Toe Shortening Surgery Cost,Toe Shortening Surgery Near Me,Toe Shortening Surgery Center,Toe Shortening Surgery Price
Toe Surgery,Toe Surgery Cost,Toe Surgery Near Me,Toe Surgery Center,Toe Surgery Price
Tongue Tie Surgery,Tongue Tie Surgery Cost,Tongue Tie Surgery Near Me,Tongue Tie Surgery Center,Tongue Tie Surgery Price
Tonsil Removal Surgery,Tonsil Removal Surgery Cost,Tonsil Removal Surgery Near Me,Tonsil Removal Surgery Center,Tonsil Removal Surgery Price
Tonsil Surgery,Tonsil Surgery Cost,Tonsil Surgery Near Me,Tonsil Surgery Center,Tonsil Surgery Price
Top Surgery,Top Surgery Cost,Top Surgery Near Me,Top Surgery Center,Top Surgery Price
Torn Meniscus Surgery,Torn Meniscus Surgery Cost,Torn Meniscus Surgery Near Me,Torn Meniscus Surgery Center,Torn Meniscus Surgery Price
Torn Rotator Cuff Surgery,Torn Rotator Cuff Surgery Cost,Torn Rotator Cuff Surgery Near Me,Torn Rotator Cuff Surgery Center,Torn Rotator Cuff Surgery Price
Total Hip Replacement Surgery,Total Hip Replacement Surgery Cost,Total Hip Replacement Surgery Near Me,Total Hip Replacement Surgery Center,Total Hip Replacement Surgery Price
Total Knee Replacement Surgery,Total Knee Replacement Surgery Cost,Total Knee Replacement Surgery Near Me,Total Knee Replacement Surgery Center,Total Knee Replacement Surgery Price
Trans Surgery,Trans Surgery Cost,Trans Surgery Near Me,Trans Surgery Center,Trans Surgery Price
Transgender Surgery,Transgender Surgery Cost,Transgender Surgery Near Me,Transgender Surgery Center,Transgender Surgery Price
Transsphenoidal Surgery,Transsphenoidal Surgery Cost,Transsphenoidal Surgery Near Me,Transsphenoidal Surgery Center,Transsphenoidal Surgery Price
Trigeminal Neuralgia Surgery,Trigeminal Neuralgia Surgery Cost,Trigeminal Neuralgia Surgery Near Me,Trigeminal Neuralgia Surgery Center,Trigeminal Neuralgia Surgery Price
Trigger Finger Surgery,Trigger Finger Surgery Cost,Trigger Finger Surgery Near Me,Trigger Finger Surgery Center,Trigger Finger Surgery Price
Trigger Thumb Surgery,Trigger Thumb Surgery Cost,Trigger Thumb Surgery Near Me,Trigger Thumb Surgery Center,Trigger Thumb Surgery Price
Triple Bypass Heart Surgery,Triple Bypass Heart Surgery Cost,Triple Bypass Heart Surgery Near Me,Triple Bypass Heart Surgery Center,Triple Bypass Heart Surgery Price
Triple Bypass Surgery,Triple Bypass Surgery Cost,Triple Bypass Surgery Near Me,Triple Bypass Surgery Center,Triple Bypass Surgery Price
Tubal Ligation Surgery,Tubal Ligation Surgery Cost,Tubal Ligation Surgery Near Me,Tubal Ligation Surgery Center,Tubal Ligation Surgery Price
Tubes Tied Surgery,Tubes Tied Surgery Cost,Tubes Tied Surgery Near Me,Tubes Tied Surgery Center,Tubes Tied Surgery Price
Tummy Tuck Surgery,Tummy Tuck Surgery Cost,Tummy Tuck Surgery Near Me,Tummy Tuck Surgery Center,Tummy Tuck Surgery Price
TURP Surgery,TURP Surgery Cost,TURP Surgery Near Me,TURP Surgery Center,TURP Surgery Price
TVT Surgery,TVT Surgery Cost,TVT Surgery Near Me,TVT Surgery Center,TVT Surgery Price
Tympanoplasty Surgery,Tympanoplasty Surgery Cost,Tympanoplasty Surgery Near Me,Tympanoplasty Surgery Center,Tympanoplasty Surgery Price
Ulnar Nerve Surgery,Ulnar Nerve Surgery Cost,Ulnar Nerve Surgery Near Me,Ulnar Nerve Surgery Center,Ulnar Nerve Surgery Price
Umbilical Hernia Surgery,Umbilical Hernia Surgery Cost,Umbilical Hernia Surgery Near Me,Umbilical Hernia Surgery Center,Umbilical Hernia Surgery Price
Under Eye Surgery,Under Eye Surgery Cost,Under Eye Surgery Near Me,Under Eye Surgery Center,Under Eye Surgery Price
Underbite Surgery,Underbite Surgery Cost,Underbite Surgery Near Me,Underbite Surgery Center,Underbite Surgery Price
Undescended Testicle Surgery,Undescended Testicle Surgery Cost,Undescended Testicle Surgery Near Me,Undescended Testicle Surgery Center,Undescended Testicle Surgery Price
Upper Eyelid Surgery,Upper Eyelid Surgery Cost,Upper Eyelid Surgery Near Me,Upper Eyelid Surgery Center,Upper Eyelid Surgery Price
UPPP Surgery,UPPP Surgery Cost,UPPP Surgery Near Me,UPPP Surgery Center,UPPP Surgery Price
Urology Surgery,Urology Surgery Cost,Urology Surgery Near Me,Urology Surgery Center,Urology Surgery Price
Uterus Removal Surgery,Uterus Removal Surgery Cost,Uterus Removal Surgery Near Me,Uterus Removal Surgery Center,Uterus Removal Surgery Price
Vagina Surgery,Vagina Surgery Cost,Vagina Surgery Near Me,Vagina Surgery Center,Vagina Surgery Price
Valley Oral Surgery,Valley Oral Surgery Cost,Valley Oral Surgery Near Me,Valley Oral Surgery Center,Valley Oral Surgery Price
Valve Replacement Surgery,Valve Replacement Surgery Cost,Valve Replacement Surgery Near Me,Valve Replacement Surgery Center,Valve Replacement Surgery Price
Vasectomy Surgery,Vasectomy Surgery Cost,Vasectomy Surgery Near Me,Vasectomy Surgery Center,Vasectomy Surgery Price
Vats Surgery,Vats Surgery Cost,Vats Surgery Near Me,Vats Surgery Center,Vats Surgery Price
Vitrectomy Surgery,Vitrectomy Surgery Cost,Vitrectomy Surgery Near Me,Vitrectomy Surgery Center,Vitrectomy Surgery Price
Vitreoretinal Surgery,Vitreoretinal Surgery Cost,Vitreoretinal Surgery Near Me,Vitreoretinal Surgery Center,Vitreoretinal Surgery Price
Vive Plastic Surgery,Vive Plastic Surgery Cost,Vive Plastic Surgery Near Me,Vive Plastic Surgery Center,Vive Plastic Surgery Price
VP Shunt Surgery,VP Shunt Surgery Cost,VP Shunt Surgery Near Me,VP Shunt Surgery Center,VP Shunt Surgery Price
VSG Surgery,VSG Surgery Cost,VSG Surgery Near Me,VSG Surgery Center,VSG Surgery Price
Weight Loss Surgery,Weight Loss Surgery Cost,Weight Loss Surgery Near Me,Weight Loss Surgery Center,Weight Loss Surgery Price
Whipple Surgery,Whipple Surgery Cost,Whipple Surgery Near Me,Whipple Surgery Center,Whipple Surgery Price
Wisdom Teeth Surgery,Wisdom Teeth Surgery Cost,Wisdom Teeth Surgery Near Me,Wisdom Teeth Surgery Center,Wisdom Teeth Surgery Price
WLS Surgery,WLS Surgery Cost,WLS Surgery Near Me,WLS Surgery Center,WLS Surgery Price
Wrist Surgery,Wrist Surgery Cost,Wrist Surgery Near Me,Wrist Surgery Center,Wrist Surgery Price
Xiluet Plastic Surgery,Xiluet Plastic Surgery Cost,Xiluet Plastic Surgery Near Me,Xiluet Plastic Surgery Center,Xiluet Plastic Surgery Price
Joint Replacement Surgery,Joint Replacement Surgery Cost,Joint Replacement Surgery Near Me,Joint Replacement Surgery Center,Joint Replacement Surgery Price
Artroscopic Surgery,Artroscopic Surgery Cost,Artroscopic Surgery Near Me,Artroscopic Surgery Center,Artroscopic Surgery Price
Bone Surgery,Bone Surgery Cost,Bone Surgery Near Me,Bone Surgery Center,Bone Surgery Price
Stereotactic Brain Surgery,Stereotactic Brain Surgery Cost,Stereotactic Brain Surgery Near Me,Stereotactic Brain Surgery Center,Stereotactic Brain Surgery Price
Awake Brain Surgery,Awake Brain Surgery Cost,Awake Brain Surgery Near Me,Awake Brain Surgery Center,Awake Brain Surgery Price
Coronary Artery Surgery,Coronary Artery Surgery Cost,Coronary Artery Surgery Near Me,Coronary Artery Surgery Center,Coronary Artery Surgery Price
Vascular Surgery,Vascular Surgery Cost,Vascular Surgery Near Me,Vascular Surgery Center,Vascular Surgery Price
Aortic Surgery,Aortic Surgery Cost,Aortic Surgery Near Me,Aortic Surgery Center,Aortic Surgery Price
Endovascular Surgery,Endovascular Surgery Cost,Endovascular Surgery Near Me,Endovascular Surgery Center,Endovascular Surgery Price
Venous Surgery,Venous Surgery Cost,Venous Surgery Near Me,Venous Surgery Center,Venous Surgery Price
Gall Bladder Surgery,Gall Bladder Surgery Cost,Gall Bladder Surgery Near Me,Gall Bladder Surgery Center,Gall Bladder Surgery Price
Obesity Surgery,Obesity Surgery Cost,Obesity Surgery Near Me,Obesity Surgery Center,Obesity Surgery Price
Spleen Surgery,Spleen Surgery Cost,Spleen Surgery Near Me,Spleen Surgery Center,Spleen Surgery Price
Liver Surgery,Liver Surgery Cost,Liver Surgery Near Me,Liver Surgery Center,Liver Surgery Price
Pancreas Surgery,Pancreas Surgery Cost,Pancreas Surgery Near Me,Pancreas Surgery Center,Pancreas Surgery Price
Stomach Cancer Surgery,Stomach Cancer Surgery Cost,Stomach Cancer Surgery Near Me,Stomach Cancer Surgery Center,Stomach Cancer Surgery Price
Colon Cancer Surgery,Colon Cancer Surgery Cost,Colon Cancer Surgery Near Me,Colon Cancer Surgery Center,Colon Cancer Surgery Price
Robotic Surgery,Robotic Surgery Cost,Robotic Surgery Near Me,Robotic Surgery Center,Robotic Surgery Price
Reflux Surgery,Reflux Surgery Cost,Reflux Surgery Near Me,Reflux Surgery Center,Reflux Surgery Price
