name,cost,nearme,doctors,surgery
Abdominal Transplant,Abdominal Transplant Cost,Abdominal Transplant Near Me,Abdominal Transplant Doctors,Abdominal Transplant Surgery
Abdominal Wall Transplant,Abdominal Wall Transplant Cost,Abdominal Wall Transplant Near Me,Abdominal Wall Transplant Doctors,Abdominal Wall Transplant Surgery
ABO Incompatible Kidney Transplant,ABO Incompatible Kidney Transplant Cost,ABO Incompatible Kidney Transplant Near Me,ABO Incompatible Kidney Transplant Doctors,ABO Incompatible Kidney Transplant Surgery
African American Hair Transplant,African American Hair Transplant Cost,African American Hair Transplant Near Me,African American Hair Transplant Doctors,African American Hair Transplant Surgery
Afro Hair Transplant,Afro Hair Transplant Cost,Afro Hair Transplant Near Me,Afro Hair Transplant Doctors,Afro Hair Transplant Surgery
Allo Transplant,Allo Transplant Cost,Allo Transplant Near Me,Allo Transplant Doctors,Allo Transplant Surgery
Allogeneic Bone Marrow Transplant,Allogeneic Bone Marrow Transplant Cost,Allogeneic Bone Marrow Transplant Near Me,Allogeneic Bone Marrow Transplant Doctors,Allogeneic Bone Marrow Transplant Surgery
Allogeneic Stem Cell Transplant,Allogeneic Stem Cell Transplant Cost,Allogeneic Stem Cell Transplant Near Me,Allogeneic Stem Cell Transplant Doctors,Allogeneic Stem Cell Transplant Surgery
Allogeneic Transplant,Allogeneic Transplant Cost,Allogeneic Transplant Near Me,Allogeneic Transplant Doctors,Allogeneic Transplant Surgery
Allograft Transplant,Allograft Transplant Cost,Allograft Transplant Near Me,Allograft Transplant Doctors,Allograft Transplant Surgery
AM J Transplant,AM J Transplant Cost,AM J Transplant Near Me,AM J Transplant Doctors,AM J Transplant Surgery
Arm Transplant,Arm Transplant Cost,Arm Transplant Near Me,Arm Transplant Doctors,Arm Transplant Surgery
Artas Hair Transplant,Artas Hair Transplant Cost,Artas Hair Transplant Near Me,Artas Hair Transplant Doctors,Artas Hair Transplant Surgery
Artas Robotic Hair Transplant,Artas Robotic Hair Transplant Cost,Artas Robotic Hair Transplant Near Me,Artas Robotic Hair Transplant Doctors,Artas Robotic Hair Transplant Surgery
Artificial Cornea Transplant,Artificial Cornea Transplant Cost,Artificial Cornea Transplant Near Me,Artificial Cornea Transplant Doctors,Artificial Cornea Transplant Surgery
Artificial Hair Transplant,Artificial Hair Transplant Cost,Artificial Hair Transplant Near Me,Artificial Hair Transplant Doctors,Artificial Hair Transplant Surgery
Artificial Heart Transplant,Artificial Heart Transplant Cost,Artificial Heart Transplant Near Me,Artificial Heart Transplant Doctors,Artificial Heart Transplant Surgery
Artificial Kidney Transplant,Artificial Kidney Transplant Cost,Artificial Kidney Transplant Near Me,Artificial Kidney Transplant Doctors,Artificial Kidney Transplant Surgery
ASCT Transplant,ASCT Transplant Cost,ASCT Transplant Near Me,ASCT Transplant Doctors,ASCT Transplant Surgery
Auto Transplant,Auto Transplant Cost,Auto Transplant Near Me,Auto Transplant Doctors,Auto Transplant Surgery
Autologous Bone Marrow Transplant,Autologous Bone Marrow Transplant Cost,Autologous Bone Marrow Transplant Near Me,Autologous Bone Marrow Transplant Doctors,Autologous Bone Marrow Transplant Surgery
Autologous Stem Cell Transplant,Autologous Stem Cell Transplant Cost,Autologous Stem Cell Transplant Near Me,Autologous Stem Cell Transplant Doctors,Autologous Stem Cell Transplant Surgery
Baboon Heart Transplant,Baboon Heart Transplant Cost,Baboon Heart Transplant Near Me,Baboon Heart Transplant Doctors,Baboon Heart Transplant Surgery
Baboon Liver Transplant,Baboon Liver Transplant Cost,Baboon Liver Transplant Near Me,Baboon Liver Transplant Doctors,Baboon Liver Transplant Surgery
Bad Hair Transplant,Bad Hair Transplant Cost,Bad Hair Transplant Near Me,Bad Hair Transplant Doctors,Bad Hair Transplant Surgery
Beard Hair Transplant,Beard Hair Transplant Cost,Beard Hair Transplant Near Me,Beard Hair Transplant Doctors,Beard Hair Transplant Surgery
Beard Transplant,Beard Transplant Cost,Beard Transplant Near Me,Beard Transplant Doctors,Beard Transplant Surgery
Ben Stokes Hair Transplant,Ben Stokes Hair Transplant Cost,Ben Stokes Hair Transplant Near Me,Ben Stokes Hair Transplant Doctors,Ben Stokes Hair Transplant Surgery
BHT Hair Transplant,BHT Hair Transplant Cost,BHT Hair Transplant Near Me,BHT Hair Transplant Doctors,BHT Hair Transplant Surgery
Bilateral Lung Transplant,Bilateral Lung Transplant Cost,Bilateral Lung Transplant Near Me,Bilateral Lung Transplant Doctors,Bilateral Lung Transplant Surgery
Biofibre Hair Transplant,Biofibre Hair Transplant Cost,Biofibre Hair Transplant Near Me,Biofibre Hair Transplant Doctors,Biofibre Hair Transplant Surgery
Black Hair Transplant,Black Hair Transplant Cost,Black Hair Transplant Near Me,Black Hair Transplant Doctors,Black Hair Transplant Surgery
Bladder Transplant,Bladder Transplant Cost,Bladder Transplant Near Me,Bladder Transplant Doctors,Bladder Transplant Surgery
Blood Marrow Transplant,Blood Marrow Transplant Cost,Blood Marrow Transplant Near Me,Blood Marrow Transplant Doctors,Blood Marrow Transplant Surgery
Blood Stem Cell Transplant,Blood Stem Cell Transplant Cost,Blood Stem Cell Transplant Near Me,Blood Stem Cell Transplant Doctors,Blood Stem Cell Transplant Surgery
Blood Transplant,Blood Transplant Cost,Blood Transplant Near Me,Blood Transplant Doctors,Blood Transplant Surgery
Bloom Hair Transplant,Bloom Hair Transplant Cost,Bloom Hair Transplant Near Me,Bloom Hair Transplant Doctors,Bloom Hair Transplant Surgery
BM Transplant,BM Transplant Cost,BM Transplant Near Me,BM Transplant Doctors,BM Transplant Surgery
Body Hair Transplant,Body Hair Transplant Cost,Body Hair Transplant Near Me,Body Hair Transplant Doctors,Body Hair Transplant Surgery
Body Transplant,Body Transplant Cost,Body Transplant Near Me,Body Transplant Doctors,Body Transplant Surgery
Bollywood Hair Transplant,Bollywood Hair Transplant Cost,Bollywood Hair Transplant Near Me,Bollywood Hair Transplant Doctors,Bollywood Hair Transplant Surgery
Bone Marrow Stem Cell Transplant,Bone Marrow Stem Cell Transplant Cost,Bone Marrow Stem Cell Transplant Near Me,Bone Marrow Stem Cell Transplant Doctors,Bone Marrow Stem Cell Transplant Surgery
Bone Transplant,Bone Transplant Cost,Bone Transplant Near Me,Bone Transplant Doctors,Bone Transplant Surgery
Bonmaro Transplant,Bonmaro Transplant Cost,Bonmaro Transplant Near Me,Bonmaro Transplant Doctors,Bonmaro Transplant Surgery
Botched Hair Transplant,Botched Hair Transplant Cost,Botched Hair Transplant Near Me,Botched Hair Transplant Doctors,Botched Hair Transplant Surgery
Bowel Transplant,Bowel Transplant Cost,Bowel Transplant Near Me,Bowel Transplant Doctors,Bowel Transplant Surgery
Brain Transplant,Brain Transplant Cost,Brain Transplant Near Me,Brain Transplant Doctors,Brain Transplant Surgery
Breast Transplant,Breast Transplant Cost,Breast Transplant Near Me,Breast Transplant Doctors,Breast Transplant Surgery
Brow Transplant,Brow Transplant Cost,Brow Transplant Near Me,Brow Transplant Doctors,Brow Transplant Surgery
Cadaveric Kidney Transplant,Cadaveric Kidney Transplant Cost,Cadaveric Kidney Transplant Near Me,Cadaveric Kidney Transplant Doctors,Cadaveric Kidney Transplant Surgery
Cadaveric Renal Transplant,Cadaveric Renal Transplant Cost,Cadaveric Renal Transplant Near Me,Cadaveric Renal Transplant Doctors,Cadaveric Renal Transplant Surgery
Cadaveric Transplant,Cadaveric Transplant Cost,Cadaveric Transplant Near Me,Cadaveric Transplant Doctors,Cadaveric Transplant Surgery
Calum Best Hair Transplant,Calum Best Hair Transplant Cost,Calum Best Hair Transplant Near Me,Calum Best Hair Transplant Doctors,Calum Best Hair Transplant Surgery
Car T Transplant,Car T Transplant Cost,Car T Transplant Near Me,Car T Transplant Doctors,Car T Transplant Surgery
Cartilage Transplant,Cartilage Transplant Cost,Cartilage Transplant Near Me,Cartilage Transplant Doctors,Cartilage Transplant Surgery
CAV Heart Transplant,CAV Heart Transplant Cost,CAV Heart Transplant Near Me,CAV Heart Transplant Doctors,CAV Heart Transplant Surgery
Cheney Heart Transplant,Cheney Heart Transplant Cost,Cheney Heart Transplant Near Me,Cheney Heart Transplant Doctors,Cheney Heart Transplant Surgery
Chest Hair Transplant,Chest Hair Transplant Cost,Chest Hair Transplant Near Me,Chest Hair Transplant Doctors,Chest Hair Transplant Surgery
Cinik Hair Transplant,Cinik Hair Transplant Cost,Cinik Hair Transplant Near Me,Cinik Hair Transplant Doctors,Cinik Hair Transplant Surgery
Clad Lung Transplant,Clad Lung Transplant Cost,Clad Lung Transplant Near Me,Clad Lung Transplant Doctors,Clad Lung Transplant Surgery
Colon Transplant,Colon Transplant Cost,Colon Transplant Near Me,Colon Transplant Doctors,Colon Transplant Surgery
Conte Hair Transplant,Conte Hair Transplant Cost,Conte Hair Transplant Near Me,Conte Hair Transplant Doctors,Conte Hair Transplant Surgery
Cord Blood Transplant,Cord Blood Transplant Cost,Cord Blood Transplant Near Me,Cord Blood Transplant Doctors,Cord Blood Transplant Surgery
Cornea Transplant,Cornea Transplant Cost,Cornea Transplant Near Me,Cornea Transplant Doctors,Cornea Transplant Surgery
Cosmo Hair Transplant,Cosmo Hair Transplant Cost,Cosmo Hair Transplant Near Me,Cosmo Hair Transplant Doctors,Cosmo Hair Transplant Surgery
Cpra Transplant,Cpra Transplant Cost,Cpra Transplant Near Me,Cpra Transplant Doctors,Cpra Transplant Surgery
Crown Hair Transplant,Crown Hair Transplant Cost,Crown Hair Transplant Near Me,Crown Hair Transplant Doctors,Crown Hair Transplant Surgery
Curly Hair Transplant,Curly Hair Transplant Cost,Curly Hair Transplant Near Me,Curly Hair Transplant Doctors,Curly Hair Transplant Surgery
Cystic Fibrosis Lung Transplant,Cystic Fibrosis Lung Transplant Cost,Cystic Fibrosis Lung Transplant Near Me,Cystic Fibrosis Lung Transplant Doctors,Cystic Fibrosis Lung Transplant Surgery
DBD Transplant,DBD Transplant Cost,DBD Transplant Near Me,DBD Transplant Doctors,DBD Transplant Surgery
DCD Heart Transplant,DCD Heart Transplant Cost,DCD Heart Transplant Near Me,DCD Heart Transplant Doctors,DCD Heart Transplant Surgery
DCD Transplant,DCD Transplant Cost,DCD Transplant Near Me,DCD Transplant Doctors,DCD Transplant Surgery
DDKT Transplant,DDKT Transplant Cost,DDKT Transplant Near Me,DDKT Transplant Doctors,DDKT Transplant Surgery
Deceased Donor Kidney Transplant,Deceased Donor Kidney Transplant Cost,Deceased Donor Kidney Transplant Near Me,Deceased Donor Kidney Transplant Doctors,Deceased Donor Kidney Transplant Surgery
DHI Transplant,DHI Transplant Cost,DHI Transplant Near Me,DHI Transplant Doctors,DHI Transplant Surgery
Dhoni Hair Transplant,Dhoni Hair Transplant Cost,Dhoni Hair Transplant Near Me,Dhoni Hair Transplant Doctors,Dhoni Hair Transplant Surgery
DHT Hair Transplant,DHT Hair Transplant Cost,DHT Hair Transplant Near Me,DHT Hair Transplant Doctors,DHT Hair Transplant Surgery
Domino Liver Transplant,Domino Liver Transplant Cost,Domino Liver Transplant Near Me,Domino Liver Transplant Doctors,Domino Liver Transplant Surgery
Domino Transplant,Domino Transplant Cost,Domino Transplant Near Me,Domino Transplant Doctors,Domino Transplant Surgery
Double Hand Transplant,Double Hand Transplant Cost,Double Hand Transplant Near Me,Double Hand Transplant Doctors,Double Hand Transplant Surgery
Double Lung Transplant,Double Lung Transplant Cost,Double Lung Transplant Near Me,Double Lung Transplant Doctors,Double Lung Transplant Surgery
DSA Transplant,DSA Transplant Cost,DSA Transplant Near Me,DSA Transplant Doctors,DSA Transplant Surgery
Erectile Tissue Transplant,Erectile Tissue Transplant Cost,Erectile Tissue Transplant Near Me,Erectile Tissue Transplant Doctors,Erectile Tissue Transplant Surgery
Esophagus Transplant,Esophagus Transplant Cost,Esophagus Transplant Near Me,Esophagus Transplant Doctors,Esophagus Transplant Surgery
Eye Transplant,Eye Transplant Cost,Eye Transplant Near Me,Eye Transplant Doctors,Eye Transplant Surgery
Eyeball Transplant,Eyeball Transplant Cost,Eyeball Transplant Near Me,Eyeball Transplant Doctors,Eyeball Transplant Surgery
Eyebrow Hair Transplant,Eyebrow Hair Transplant Cost,Eyebrow Hair Transplant Near Me,Eyebrow Hair Transplant Doctors,Eyebrow Hair Transplant Surgery
Eyebrow Transplant,Eyebrow Transplant Cost,Eyebrow Transplant Near Me,Eyebrow Transplant Doctors,Eyebrow Transplant Surgery
Eyelash Transplant,Eyelash Transplant Cost,Eyelash Transplant Near Me,Eyelash Transplant Doctors,Eyelash Transplant Surgery
Facial Hair Transplant,Facial Hair Transplant Cost,Facial Hair Transplant Near Me,Facial Hair Transplant Doctors,Facial Hair Transplant Surgery
Facial Transplant,Facial Transplant Cost,Facial Transplant Near Me,Facial Transplant Doctors,Facial Transplant Surgery
Failed Hair Transplant,Failed Hair Transplant Cost,Failed Hair Transplant Near Me,Failed Hair Transplant Doctors,Failed Hair Transplant Surgery
Fat Transplant,Fat Transplant Cost,Fat Transplant Near Me,Fat Transplant Doctors,Fat Transplant Surgery
Female Hair Transplant,Female Hair Transplant Cost,Female Hair Transplant Near Me,Female Hair Transplant Doctors,Female Hair Transplant Surgery
Female To Male Organ Transplant,Female To Male Organ Transplant Cost,Female To Male Organ Transplant Near Me,Female To Male Organ Transplant Doctors,Female To Male Organ Transplant Surgery
Finger Transplant,Finger Transplant Cost,Finger Transplant Near Me,Finger Transplant Doctors,Finger Transplant Surgery
Foot Transplant,Foot Transplant Cost,Foot Transplant Near Me,Foot Transplant Doctors,Foot Transplant Surgery
Forehead Hair Transplant,Forehead Hair Transplant Cost,Forehead Hair Transplant Near Me,Forehead Hair Transplant Doctors,Forehead Hair Transplant Surgery
FTM Penile Transplant,FTM Penile Transplant Cost,FTM Penile Transplant Near Me,FTM Penile Transplant Doctors,FTM Penile Transplant Surgery
Fue Hair Transplant,Fue Hair Transplant Cost,Fue Hair Transplant Near Me,Fue Hair Transplant Doctors,Fue Hair Transplant Surgery
Fue Transplant,Fue Transplant Cost,Fue Transplant Near Me,Fue Transplant Doctors,Fue Transplant Surgery
Full Body Transplant,Full Body Transplant Cost,Full Body Transplant Near Me,Full Body Transplant Doctors,Full Body Transplant Surgery
Full Eye Transplant,Full Eye Transplant Cost,Full Eye Transplant Near Me,Full Eye Transplant Doctors,Full Eye Transplant Surgery
Full Hair Transplant,Full Hair Transplant Cost,Full Hair Transplant Near Me,Full Hair Transplant Doctors,Full Hair Transplant Surgery
Fut Hair Transplant,Fut Hair Transplant Cost,Fut Hair Transplant Near Me,Fut Hair Transplant Doctors,Fut Hair Transplant Surgery
Fut Transplant,Fut Transplant Cost,Fut Transplant Near Me,Fut Transplant Doctors,Fut Transplant Surgery
Gallbladder Transplant,Gallbladder Transplant Cost,Gallbladder Transplant Near Me,Gallbladder Transplant Doctors,Gallbladder Transplant Surgery
Gum Transplant,Gum Transplant Cost,Gum Transplant Near Me,Gum Transplant Doctors,Gum Transplant Surgery
Hair Follicle Transplant,Hair Follicle Transplant Cost,Hair Follicle Transplant Near Me,Hair Follicle Transplant Doctors,Hair Follicle Transplant Surgery
Hair Loss After Hair Transplant,Hair Loss After Hair Transplant Cost,Hair Loss After Hair Transplant Near Me,Hair Loss After Hair Transplant Doctors,Hair Loss After Hair Transplant Surgery
Hair Transplant,Hair Transplant Cost,Hair Transplant Near Me,Hair Transplant Doctors,Hair Transplant Surgery
Hairline Transplant,Hairline Transplant Cost,Hairline Transplant Near Me,Hairline Transplant Doctors,Hairline Transplant Surgery
Hand Transplant,Hand Transplant Cost,Hand Transplant Near Me,Hand Transplant Doctors,Hand Transplant Surgery
Haplo Transplant,Haplo Transplant Cost,Haplo Transplant Near Me,Haplo Transplant Doctors,Haplo Transplant Surgery
Haploidentical Stem Cell Transplant,Haploidentical Stem Cell Transplant Cost,Haploidentical Stem Cell Transplant Near Me,Haploidentical Stem Cell Transplant Doctors,Haploidentical Stem Cell Transplant Surgery
Haploidentical Transplant,Haploidentical Transplant Cost,Haploidentical Transplant Near Me,Haploidentical Transplant Doctors,Haploidentical Transplant Surgery
HCT Transplant,HCT Transplant Cost,HCT Transplant Near Me,HCT Transplant Doctors,HCT Transplant Surgery
Heart Lung Transplant,Heart Lung Transplant Cost,Heart Lung Transplant Near Me,Heart Lung Transplant Doctors,Heart Lung Transplant Surgery
Heart Transplant,Heart Transplant Cost,Heart Transplant Near Me,Heart Transplant Doctors,Heart Transplant Surgery
Hermest Hair Transplant,Hermest Hair Transplant Cost,Hermest Hair Transplant Near Me,Hermest Hair Transplant Doctors,Hermest Hair Transplant Surgery
Heterotopic Heart Transplant,Heterotopic Heart Transplant Cost,Heterotopic Heart Transplant Near Me,Heterotopic Heart Transplant Doctors,Heterotopic Heart Transplant Surgery
Heterotopic Transplant,Heterotopic Transplant Cost,Heterotopic Transplant Near Me,Heterotopic Transplant Doctors,Heterotopic Transplant Surgery
Hip Transplant,Hip Transplant Cost,Hip Transplant Near Me,Hip Transplant Doctors,Hip Transplant Surgery
HLC Hair Transplant,HLC Hair Transplant Cost,HLC Hair Transplant Near Me,HLC Hair Transplant Doctors,HLC Hair Transplant Surgery
HQ Hair Transplant,HQ Hair Transplant Cost,HQ Hair Transplant Near Me,HQ Hair Transplant Doctors,HQ Hair Transplant Surgery
HSCT Transplant,HSCT Transplant Cost,HSCT Transplant Near Me,HSCT Transplant Doctors,HSCT Transplant Surgery
Human Brain Transplant,Human Brain Transplant Cost,Human Brain Transplant Near Me,Human Brain Transplant Doctors,Human Brain Transplant Surgery
Human Organ Transplant,Human Organ Transplant Cost,Human Organ Transplant Near Me,Human Organ Transplant Doctors,Human Organ Transplant Surgery
Infected Hair Transplant,Infected Hair Transplant Cost,Infected Hair Transplant Near Me,Infected Hair Transplant Doctors,Infected Hair Transplant Surgery
Intestine Transplant,Intestine Transplant Cost,Intestine Transplant Near Me,Intestine Transplant Doctors,Intestine Transplant Surgery
IQ Hair Transplant,IQ Hair Transplant Cost,IQ Hair Transplant Near Me,IQ Hair Transplant Doctors,IQ Hair Transplant Surgery
Islet Cell Transplant,Islet Cell Transplant Cost,Islet Cell Transplant Near Me,Islet Cell Transplant Doctors,Islet Cell Transplant Surgery
Islet Transplant,Islet Transplant Cost,Islet Transplant Near Me,Islet Transplant Doctors,Islet Transplant Surgery
Kidney Pancreas Transplant,Kidney Pancreas Transplant Cost,Kidney Pancreas Transplant Near Me,Kidney Pancreas Transplant Doctors,Kidney Pancreas Transplant Surgery
Kidney Transplant,Kidney Transplant Cost,Kidney Transplant Near Me,Kidney Transplant Doctors,Kidney Transplant Surgery
Knee Transplant,Knee Transplant Cost,Knee Transplant Near Me,Knee Transplant Doctors,Knee Transplant Surgery
KSL Hair Transplant,KSL Hair Transplant Cost,KSL Hair Transplant Near Me,KSL Hair Transplant Doctors,KSL Hair Transplant Surgery
La Densitae Hair Transplant,La Densitae Hair Transplant Cost,La Densitae Hair Transplant Near Me,La Densitae Hair Transplant Doctors,La Densitae Hair Transplant Surgery
Large Intestine Transplant,Large Intestine Transplant Cost,Large Intestine Transplant Near Me,Large Intestine Transplant Doctors,Large Intestine Transplant Surgery
Larynx Transplant,Larynx Transplant Cost,Larynx Transplant Near Me,Larynx Transplant Doctors,Larynx Transplant Surgery
Leg Transplant,Leg Transplant Cost,Leg Transplant Near Me,Leg Transplant Doctors,Leg Transplant Surgery
Lens Transplant,Lens Transplant Cost,Lens Transplant Near Me,Lens Transplant Doctors,Lens Transplant Surgery
Leukemia Transplant,Leukemia Transplant Cost,Leukemia Transplant Near Me,Leukemia Transplant Doctors,Leukemia Transplant Surgery
Limbal Stem Cell Transplant,Limbal Stem Cell Transplant Cost,Limbal Stem Cell Transplant Near Me,Limbal Stem Cell Transplant Doctors,Limbal Stem Cell Transplant Surgery
Liver Transplant,Liver Transplant Cost,Liver Transplant Near Me,Liver Transplant Doctors,Liver Transplant Surgery
Living Donor Kidney Transplant,Living Donor Kidney Transplant Cost,Living Donor Kidney Transplant Near Me,Living Donor Kidney Transplant Doctors,Living Donor Kidney Transplant Surgery
Living Donor Liver Transplant,Living Donor Liver Transplant Cost,Living Donor Liver Transplant Near Me,Living Donor Liver Transplant Doctors,Living Donor Liver Transplant Surgery
Living Donor Lung Transplant,Living Donor Lung Transplant Cost,Living Donor Lung Transplant Near Me,Living Donor Lung Transplant Doctors,Living Donor Lung Transplant Surgery
Living Liver Transplant,Living Liver Transplant Cost,Living Liver Transplant Near Me,Living Liver Transplant Doctors,Living Liver Transplant Surgery
LRRT Transplant,LRRT Transplant Cost,LRRT Transplant Near Me,LRRT Transplant Doctors,LRRT Transplant Surgery
Lung Transplant,Lung Transplant Cost,Lung Transplant Near Me,Lung Transplant Doctors,Lung Transplant Surgery
Lymph Node Transplant,Lymph Node Transplant Cost,Lymph Node Transplant Near Me,Lymph Node Transplant Doctors,Lymph Node Transplant Surgery
Male Hair Transplant,Male Hair Transplant Cost,Male Hair Transplant Near Me,Male Hair Transplant Doctors,Male Hair Transplant Surgery
Mechanical Heart Transplant,Mechanical Heart Transplant Cost,Mechanical Heart Transplant Near Me,Mechanical Heart Transplant Doctors,Mechanical Heart Transplant Surgery
Meniscus Transplant,Meniscus Transplant Cost,Meniscus Transplant Near Me,Meniscus Transplant Doctors,Meniscus Transplant Surgery
Mud Transplant,Mud Transplant Cost,Mud Transplant Near Me,Mud Transplant Doctors,Mud Transplant Surgery
Multivisceral Transplant,Multivisceral Transplant Cost,Multivisceral Transplant Near Me,Multivisceral Transplant Doctors,Multivisceral Transplant Surgery
Muscle Transplant,Muscle Transplant Cost,Muscle Transplant Near Me,Muscle Transplant Doctors,Muscle Transplant Surgery
Mustache Transplant,Mustache Transplant Cost,Mustache Transplant Near Me,Mustache Transplant Doctors,Mustache Transplant Surgery
Nail Transplant,Nail Transplant Cost,Nail Transplant Near Me,Nail Transplant Doctors,Nail Transplant Surgery
Neograft Hair Transplant,Neograft Hair Transplant Cost,Neograft Hair Transplant Near Me,Neograft Hair Transplant Doctors,Neograft Hair Transplant Surgery
New Roots Hair Transplant,New Roots Hair Transplant Cost,New Roots Hair Transplant Near Me,New Roots Hair Transplant Doctors,New Roots Hair Transplant Surgery
Norwood 3 Hair Transplant,Norwood 3 Hair Transplant Cost,Norwood 3 Hair Transplant Near Me,Norwood 3 Hair Transplant Doctors,Norwood 3 Hair Transplant Surgery
Norwood 5 Hair Transplant,Norwood 5 Hair Transplant Cost,Norwood 5 Hair Transplant Near Me,Norwood 5 Hair Transplant Doctors,Norwood 5 Hair Transplant Surgery
Norwood 6 Hair Transplant,Norwood 6 Hair Transplant Cost,Norwood 6 Hair Transplant Near Me,Norwood 6 Hair Transplant Doctors,Norwood 6 Hair Transplant Surgery
Norwood 7 Hair Transplant,Norwood 7 Hair Transplant Cost,Norwood 7 Hair Transplant Near Me,Norwood 7 Hair Transplant Doctors,Norwood 7 Hair Transplant Surgery
Nose Transplant,Nose Transplant Cost,Nose Transplant Near Me,Nose Transplant Doctors,Nose Transplant Surgery
OLT Liver Transplant,OLT Liver Transplant Cost,OLT Liver Transplant Near Me,OLT Liver Transplant Doctors,OLT Liver Transplant Surgery
OLT Transplant,OLT Transplant Cost,OLT Transplant Near Me,OLT Transplant Doctors,OLT Transplant Surgery
Organ Transplant,Organ Transplant Cost,Organ Transplant Near Me,Organ Transplant Doctors,Organ Transplant Surgery
Organic Hair Transplant,Organic Hair Transplant Cost,Organic Hair Transplant Near Me,Organic Hair Transplant Doctors,Organic Hair Transplant Surgery
Orthotopic Heart Transplant,Orthotopic Heart Transplant Cost,Orthotopic Heart Transplant Near Me,Orthotopic Heart Transplant Doctors,Orthotopic Heart Transplant Surgery
Orthotopic Liver Transplant,Orthotopic Liver Transplant Cost,Orthotopic Liver Transplant Near Me,Orthotopic Liver Transplant Doctors,Orthotopic Liver Transplant Surgery
Orthotopic Transplant,Orthotopic Transplant Cost,Orthotopic Transplant Near Me,Orthotopic Transplant Doctors,Orthotopic Transplant Surgery
Pancreas Transplant,Pancreas Transplant Cost,Pancreas Transplant Near Me,Pancreas Transplant Doctors,Pancreas Transplant Surgery
Partial Cornea Transplant,Partial Cornea Transplant Cost,Partial Cornea Transplant Near Me,Partial Cornea Transplant Doctors,Partial Cornea Transplant Surgery
Partial Liver Transplant,Partial Liver Transplant Cost,Partial Liver Transplant Near Me,Partial Liver Transplant Doctors,Partial Liver Transplant Surgery
PBSC Transplant,PBSC Transplant Cost,PBSC Transplant Near Me,PBSC Transplant Doctors,PBSC Transplant Surgery
Pediatric Heart Transplant,Pediatric Heart Transplant Cost,Pediatric Heart Transplant Near Me,Pediatric Heart Transplant Doctors,Pediatric Heart Transplant Surgery
Pediatric Liver Transplant,Pediatric Liver Transplant Cost,Pediatric Liver Transplant Near Me,Pediatric Liver Transplant Doctors,Pediatric Liver Transplant Surgery
Penis Transplant,Penis Transplant Cost,Penis Transplant Near Me,Penis Transplant Doctors,Penis Transplant Surgery
Peripheral Stem Cell Transplant,Peripheral Stem Cell Transplant Cost,Peripheral Stem Cell Transplant Near Me,Peripheral Stem Cell Transplant Doctors,Peripheral Stem Cell Transplant Surgery
Piedmont Transplant,Piedmont Transplant Cost,Piedmont Transplant Near Me,Piedmont Transplant Doctors,Piedmont Transplant Surgery
Piggy Bank Transplant,Piggy Bank Transplant Cost,Piggy Bank Transplant Near Me,Piggy Bank Transplant Doctors,Piggy Bank Transplant Surgery
Piggyback Heart Transplant,Piggyback Heart Transplant Cost,Piggyback Heart Transplant Near Me,Piggyback Heart Transplant Doctors,Piggyback Heart Transplant Surgery
Piggyback Liver Transplant,Piggyback Liver Transplant Cost,Piggyback Liver Transplant Near Me,Piggyback Liver Transplant Doctors,Piggyback Liver Transplant Surgery
Piggyback Transplant,Piggyback Transplant Cost,Piggyback Transplant Near Me,Piggyback Transplant Doctors,Piggyback Transplant Surgery
Plasma Transplant,Plasma Transplant Cost,Plasma Transplant Near Me,Plasma Transplant Doctors,Plasma Transplant Surgery
PLCSC Hair Transplant,PLCSC Hair Transplant Cost,PLCSC Hair Transplant Near Me,PLCSC Hair Transplant Doctors,PLCSC Hair Transplant Surgery
Preemptive Kidney Transplant,Preemptive Kidney Transplant Cost,Preemptive Kidney Transplant Near Me,Preemptive Kidney Transplant Doctors,Preemptive Kidney Transplant Surgery
Pulmonary Fibrosis Lung Transplant,Pulmonary Fibrosis Lung Transplant Cost,Pulmonary Fibrosis Lung Transplant Near Me,Pulmonary Fibrosis Lung Transplant Doctors,Pulmonary Fibrosis Lung Transplant Surgery
Recover Hair Transplant,Recover Hair Transplant Cost,Recover Hair Transplant Near Me,Recover Hair Transplant Doctors,Recover Hair Transplant Surgery
Redefine Hair Transplant,Redefine Hair Transplant Cost,Redefine Hair Transplant Near Me,Redefine Hair Transplant Doctors,Redefine Hair Transplant Surgery
Renal Transplant,Renal Transplant Cost,Renal Transplant Near Me,Renal Transplant Doctors,Renal Transplant Surgery
Retinal Transplant,Retinal Transplant Cost,Retinal Transplant Near Me,Retinal Transplant Doctors,Retinal Transplant Surgery
Robotic Hair Transplant,Robotic Hair Transplant Cost,Robotic Hair Transplant Near Me,Robotic Hair Transplant Doctors,Robotic Hair Transplant Surgery
Sapphire Hair Transplant,Sapphire Hair Transplant Cost,Sapphire Hair Transplant Near Me,Sapphire Hair Transplant Doctors,Sapphire Hair Transplant Surgery
Scalp Transplant,Scalp Transplant Cost,Scalp Transplant Near Me,Scalp Transplant Doctors,Scalp Transplant Surgery
Single Lung Transplant,Single Lung Transplant Cost,Single Lung Transplant Near Me,Single Lung Transplant Doctors,Single Lung Transplant Surgery
SLK Transplant,SLK Transplant Cost,SLK Transplant Near Me,SLK Transplant Doctors,SLK Transplant Surgery
Small Bowel Transplant,Small Bowel Transplant Cost,Small Bowel Transplant Near Me,Small Bowel Transplant Doctors,Small Bowel Transplant Surgery
Small Intestine Transplant,Small Intestine Transplant Cost,Small Intestine Transplant Near Me,Small Intestine Transplant Doctors,Small Intestine Transplant Surgery
Solid Organ Transplant,Solid Organ Transplant Cost,Solid Organ Transplant Near Me,Solid Organ Transplant Doctors,Solid Organ Transplant Surgery
Spine Transplant,Spine Transplant Cost,Spine Transplant Near Me,Spine Transplant Doctors,Spine Transplant Surgery
SPK Transplant,SPK Transplant Cost,SPK Transplant Near Me,SPK Transplant Doctors,SPK Transplant Surgery
Spleen Transplant,Spleen Transplant Cost,Spleen Transplant Near Me,Spleen Transplant Doctors,Spleen Transplant Surgery
Stem Cell Transplant,Stem Cell Transplant Cost,Stem Cell Transplant Near Me,Stem Cell Transplant Doctors,Stem Cell Transplant Surgery
Stomach Transplant,Stomach Transplant Cost,Stomach Transplant Near Me,Stomach Transplant Doctors,Stomach Transplant Surgery
Syngeneic Transplant,Syngeneic Transplant Cost,Syngeneic Transplant Near Me,Syngeneic Transplant Doctors,Syngeneic Transplant Surgery
Synthetic Hair Transplant,Synthetic Hair Transplant Cost,Synthetic Hair Transplant Near Me,Synthetic Hair Transplant Doctors,Synthetic Hair Transplant Surgery
Tandem Transplant,Tandem Transplant Cost,Tandem Transplant Near Me,Tandem Transplant Doctors,Tandem Transplant Surgery
Temple Hair Transplant,Temple Hair Transplant Cost,Temple Hair Transplant Near Me,Temple Hair Transplant Doctors,Temple Hair Transplant Surgery
Trachea Transplant,Trachea Transplant Cost,Trachea Transplant Near Me,Trachea Transplant Doctors,Trachea Transplant Surgery
Transplant,Transplant Cost,Transplant Near Me,Transplant Doctors,Transplant Surgery
Tubes Hair Transplant,Tubes Hair Transplant Cost,Tubes Hair Transplant Near Me,Tubes Hair Transplant Doctors,Tubes Hair Transplant Surgery
Turkish Hair Transplant,Turkish Hair Transplant Cost,Turkish Hair Transplant Near Me,Turkish Hair Transplant Doctors,Turkish Hair Transplant Surgery
UAB Kidney Transplant,UAB Kidney Transplant Cost,UAB Kidney Transplant Near Me,UAB Kidney Transplant Doctors,UAB Kidney Transplant Surgery
UH Kidney Transplant,UH Kidney Transplant Cost,UH Kidney Transplant Near Me,UH Kidney Transplant Doctors,UH Kidney Transplant Surgery
UVA Transplant Center,UVA Transplant Center Cost,UVA Transplant Center Near Me,UVA Transplant Center Doctors,UVA Transplant Center Surgery
Vocal Cord Transplant,Vocal Cord Transplant Cost,Vocal Cord Transplant Near Me,Vocal Cord Transplant Doctors,Vocal Cord Transplant Surgery
Whole Eye Transplant,Whole Eye Transplant Cost,Whole Eye Transplant Near Me,Whole Eye Transplant Doctors,Whole Eye Transplant Surgery
