name,cost,center,process,nearme
Abdominal Pain Treatment,Abdominal Pain Treatment Cost,Abdominal Pain Treatment Center,Abdominal Pain Treatment Center,Abdominal Pain Treatment Near Me
Abscess Treatment,Abscess Treatment Cost,Abscess Treatment Center,Abscess Treatment Center,Abscess Treatment Near Me
Acanthosis Nigricans Treatment,Acanthosis Nigricans Treatment Cost,Acanthosis Nigricans Treatment Center,Acanthosis Nigricans Treatment Center,Acanthosis Nigricans Treatment Near Me
Achilles Tendonitis Treatment,Achilles Tendonitis Treatment Cost,Achilles Tendonitis Treatment Center,Achilles Tendonitis Treatment Center,Achilles Tendonitis Treatment Near Me
Acid Reflux Treatment,Acid Reflux Treatment Cost,Acid Reflux Treatment Center,Acid Reflux Treatment Center,Acid Reflux Treatment Near Me
Acidity Treatment,Acidity Treatment Cost,Acidity Treatment Center,Acidity Treatment Center,Acidity Treatment Near Me
Acne Scar Treatment,Acne Scar Treatment Cost,Acne Scar Treatment Center,Acne Scar Treatment Center,Acne Scar Treatment Near Me
Acne Spot Treatment,Acne Spot Treatment Cost,Acne Spot Treatment Center,Acne Spot Treatment Center,Acne Spot Treatment Near Me
Acne Treatment,Acne Treatment Cost,Acne Treatment Center,Acne Treatment Center,Acne Treatment Near Me
Acne Vulgaris Treatment,Acne Vulgaris Treatment Cost,Acne Vulgaris Treatment Center,Acne Vulgaris Treatment Center,Acne Vulgaris Treatment Near Me
Actinic Keratosis Treatment,Actinic Keratosis Treatment Cost,Actinic Keratosis Treatment Center,Actinic Keratosis Treatment Center,Actinic Keratosis Treatment Near Me
Acupuncture Treatment,Acupuncture Treatment Cost,Acupuncture Treatment Center,Acupuncture Treatment Center,Acupuncture Treatment Near Me
Acute Bronchitis Treatment,Acute Bronchitis Treatment Cost,Acute Bronchitis Treatment Center,Acute Bronchitis Treatment Center,Acute Bronchitis Treatment Near Me
Acute Pancreatitis Treatment,Acute Pancreatitis Treatment Cost,Acute Pancreatitis Treatment Center,Acute Pancreatitis Treatment Center,Acute Pancreatitis Treatment Near Me
Adenomyosis Treatment,Adenomyosis Treatment Cost,Adenomyosis Treatment Center,Adenomyosis Treatment Center,Adenomyosis Treatment Near Me
Adhd Treatment,Adhd Treatment Cost,Adhd Treatment Center,Adhd Treatment Center,Adhd Treatment Near Me
Adrenal Fatigue Treatment,Adrenal Fatigue Treatment Cost,Adrenal Fatigue Treatment Center,Adrenal Fatigue Treatment Center,Adrenal Fatigue Treatment Near Me
Afib Treatment,Afib Treatment Cost,Afib Treatment Center,Afib Treatment Center,Afib Treatment Near Me
Allergic Rhinitis Treatment,Allergic Rhinitis Treatment Cost,Allergic Rhinitis Treatment Center,Allergic Rhinitis Treatment Center,Allergic Rhinitis Treatment Near Me
Allergy Treatment,Allergy Treatment Cost,Allergy Treatment Center,Allergy Treatment Center,Allergy Treatment Near Me
Alopecia Areata Treatment,Alopecia Areata Treatment Cost,Alopecia Areata Treatment Center,Alopecia Areata Treatment Center,Alopecia Areata Treatment Near Me
Alopecia Treatment,Alopecia Treatment Cost,Alopecia Treatment Center,Alopecia Treatment Center,Alopecia Treatment Near Me
Als Treatment,Als Treatment Cost,Als Treatment Center,Als Treatment Center,Als Treatment Near Me
Amenorrhea Treatment,Amenorrhea Treatment Cost,Amenorrhea Treatment Center,Amenorrhea Treatment Center,Amenorrhea Treatment Near Me
Anaphylactic Shock Treatment,Anaphylactic Shock Treatment Cost,Anaphylactic Shock Treatment Center,Anaphylactic Shock Treatment Center,Anaphylactic Shock Treatment Near Me
Anaphylaxis Treatment,Anaphylaxis Treatment Cost,Anaphylaxis Treatment Center,Anaphylaxis Treatment Center,Anaphylaxis Treatment Near Me
Anemia Treatment,Anemia Treatment Cost,Anemia Treatment Center,Anemia Treatment Center,Anemia Treatment Near Me
Angina Treatment,Angina Treatment Cost,Angina Treatment Center,Angina Treatment Center,Angina Treatment Near Me
Angioedema Treatment,Angioedema Treatment Cost,Angioedema Treatment Center,Angioedema Treatment Center,Angioedema Treatment Near Me
Angular Cheilitis Treatment,Angular Cheilitis Treatment Cost,Angular Cheilitis Treatment Center,Angular Cheilitis Treatment Center,Angular Cheilitis Treatment Near Me
Ankylosing Spondylitis Treatment,Ankylosing Spondylitis Treatment Cost,Ankylosing Spondylitis Treatment Center,Ankylosing Spondylitis Treatment Center,Ankylosing Spondylitis Treatment Near Me
Anorexia Treatment,Anorexia Treatment Cost,Anorexia Treatment Center,Anorexia Treatment Center,Anorexia Treatment Near Me
Anosmia Treatment,Anosmia Treatment Cost,Anosmia Treatment Center,Anosmia Treatment Center,Anosmia Treatment Near Me
Anxiety Treatment,Anxiety Treatment Cost,Anxiety Treatment Center,Anxiety Treatment Center,Anxiety Treatment Near Me
Appendicitis Treatment,Appendicitis Treatment Cost,Appendicitis Treatment Center,Appendicitis Treatment Center,Appendicitis Treatment Near Me
Arrhythmia Treatment,Arrhythmia Treatment Cost,Arrhythmia Treatment Center,Arrhythmia Treatment Center,Arrhythmia Treatment Near Me
Arthritis Treatment,Arthritis Treatment Cost,Arthritis Treatment Center,Arthritis Treatment Center,Arthritis Treatment Near Me
Ascites Treatment,Ascites Treatment Cost,Ascites Treatment Center,Ascites Treatment Center,Ascites Treatment Near Me
Aspiration Pneumonia Treatment,Aspiration Pneumonia Treatment Cost,Aspiration Pneumonia Treatment Center,Aspiration Pneumonia Treatment Center,Aspiration Pneumonia Treatment Near Me
Asthma Treatment,Asthma Treatment Cost,Asthma Treatment Center,Asthma Treatment Center,Asthma Treatment Near Me
Atherosclerosis Treatment,Atherosclerosis Treatment Cost,Atherosclerosis Treatment Center,Atherosclerosis Treatment Center,Atherosclerosis Treatment Near Me
Athlete'S Foot Treatment,Athlete'S Foot Treatment Cost,Athlete'S Foot Treatment Center,Athlete'S Foot Treatment Center,Athlete'S Foot Treatment Near Me
Atopic Dermatitis Treatment,Atopic Dermatitis Treatment Cost,Atopic Dermatitis Treatment Center,Atopic Dermatitis Treatment Center,Atopic Dermatitis Treatment Near Me
Atrial Fibrillation Treatment,Atrial Fibrillation Treatment Cost,Atrial Fibrillation Treatment Center,Atrial Fibrillation Treatment Center,Atrial Fibrillation Treatment Near Me
Autism Treatment,Autism Treatment Cost,Autism Treatment Center,Autism Treatment Center,Autism Treatment Near Me
Back Acne Treatment,Back Acne Treatment Cost,Back Acne Treatment Center,Back Acne Treatment Center,Back Acne Treatment Near Me
Back Pain Treatment,Back Pain Treatment Cost,Back Pain Treatment Center,Back Pain Treatment Center,Back Pain Treatment Near Me
Bacne Treatment,Bacne Treatment Cost,Bacne Treatment Center,Bacne Treatment Center,Bacne Treatment Near Me
Bacterial Vaginosis Treatment,Bacterial Vaginosis Treatment Cost,Bacterial Vaginosis Treatment Center,Bacterial Vaginosis Treatment Center,Bacterial Vaginosis Treatment Near Me
Bad Breath Treatment,Bad Breath Treatment Cost,Bad Breath Treatment Center,Bad Breath Treatment Center,Bad Breath Treatment Near Me
Bakers Cyst Treatment,Bakers Cyst Treatment Cost,Bakers Cyst Treatment Center,Bakers Cyst Treatment Center,Bakers Cyst Treatment Near Me
Balanitis Treatment,Balanitis Treatment Cost,Balanitis Treatment Center,Balanitis Treatment Center,Balanitis Treatment Near Me
Bartholin Cyst Treatment,Bartholin Cyst Treatment Cost,Bartholin Cyst Treatment Center,Bartholin Cyst Treatment Center,Bartholin Cyst Treatment Near Me
Basal Cell Carcinoma Treatment,Basal Cell Carcinoma Treatment Cost,Basal Cell Carcinoma Treatment Center,Basal Cell Carcinoma Treatment Center,Basal Cell Carcinoma Treatment Near Me
Bed Sore Treatment,Bed Sore Treatment Cost,Bed Sore Treatment Center,Bed Sore Treatment Center,Bed Sore Treatment Near Me
Bee Sting Swelling Treatment,Bee Sting Swelling Treatment Cost,Bee Sting Swelling Treatment Center,Bee Sting Swelling Treatment Center,Bee Sting Swelling Treatment Near Me
Bee Sting Treatment,Bee Sting Treatment Cost,Bee Sting Treatment Center,Bee Sting Treatment Center,Bee Sting Treatment Near Me
Binge Eating Disorder Treatment,Binge Eating Disorder Treatment Cost,Binge Eating Disorder Treatment Center,Binge Eating Disorder Treatment Center,Binge Eating Disorder Treatment Near Me
Bipolar Disorder Treatment,Bipolar Disorder Treatment Cost,Bipolar Disorder Treatment Center,Bipolar Disorder Treatment Center,Bipolar Disorder Treatment Near Me
Bipolar Treatment,Bipolar Treatment Cost,Bipolar Treatment Center,Bipolar Treatment Center,Bipolar Treatment Near Me
Black Fungus Treatment,Black Fungus Treatment Cost,Black Fungus Treatment Center,Black Fungus Treatment Center,Black Fungus Treatment Near Me
Bladder Cancer Treatment,Bladder Cancer Treatment Cost,Bladder Cancer Treatment Center,Bladder Cancer Treatment Center,Bladder Cancer Treatment Near Me
Bladder Infection Treatment,Bladder Infection Treatment Cost,Bladder Infection Treatment Center,Bladder Infection Treatment Center,Bladder Infection Treatment Near Me
Blepharitis Treatment,Blepharitis Treatment Cost,Blepharitis Treatment Center,Blepharitis Treatment Center,Blepharitis Treatment Near Me
Blister Treatment,Blister Treatment Cost,Blister Treatment Center,Blister Treatment Center,Blister Treatment Near Me
Blood Cancer Treatment,Blood Cancer Treatment Cost,Blood Cancer Treatment Center,Blood Cancer Treatment Center,Blood Cancer Treatment Near Me
Blood Clot Treatment,Blood Clot Treatment Cost,Blood Clot Treatment Center,Blood Clot Treatment Center,Blood Clot Treatment Near Me
Blood In Stool Treatment,Blood In Stool Treatment Cost,Blood In Stool Treatment Center,Blood In Stool Treatment Center,Blood In Stool Treatment Near Me
Blood In Urine Treatment,Blood In Urine Treatment Cost,Blood In Urine Treatment Center,Blood In Urine Treatment Center,Blood In Urine Treatment Near Me
Body Acne Treatment,Body Acne Treatment Cost,Body Acne Treatment Center,Body Acne Treatment Center,Body Acne Treatment Near Me
Boils Treatment,Boils Treatment Cost,Boils Treatment Center,Boils Treatment Center,Boils Treatment Near Me
Bone Cancer Treatment,Bone Cancer Treatment Cost,Bone Cancer Treatment Center,Bone Cancer Treatment Center,Bone Cancer Treatment Near Me
Botox Treatment,Botox Treatment Cost,Botox Treatment Center,Botox Treatment Center,Botox Treatment Near Me
Bph Treatment,Bph Treatment Cost,Bph Treatment Center,Bph Treatment Center,Bph Treatment Near Me
Bppv Treatment,Bppv Treatment Cost,Bppv Treatment Center,Bppv Treatment Center,Bppv Treatment Near Me
Bradycardia Treatment,Bradycardia Treatment Cost,Bradycardia Treatment Center,Bradycardia Treatment Center,Bradycardia Treatment Near Me
Brain Fog Treatment,Brain Fog Treatment Cost,Brain Fog Treatment Center,Brain Fog Treatment Center,Brain Fog Treatment Near Me
Brain Tumor Treatment,Brain Tumor Treatment Cost,Brain Tumor Treatment Center,Brain Tumor Treatment Center,Brain Tumor Treatment Near Me
Breast Cancer Treatment,Breast Cancer Treatment Cost,Breast Cancer Treatment Center,Breast Cancer Treatment Center,Breast Cancer Treatment Near Me
Breathing Treatment,Breathing Treatment Cost,Breathing Treatment Center,Breathing Treatment Center,Breathing Treatment Near Me
Broken Rib Treatment,Broken Rib Treatment Cost,Broken Rib Treatment Center,Broken Rib Treatment Center,Broken Rib Treatment Near Me
Broken Toe Treatment,Broken Toe Treatment Cost,Broken Toe Treatment Center,Broken Toe Treatment Center,Broken Toe Treatment Near Me
Bronchitis Treatment,Bronchitis Treatment Cost,Bronchitis Treatment Center,Bronchitis Treatment Center,Bronchitis Treatment Near Me
Bruxism Treatment,Bruxism Treatment Cost,Bruxism Treatment Center,Bruxism Treatment Center,Bruxism Treatment Near Me
Bunion Treatment,Bunion Treatment Cost,Bunion Treatment Center,Bunion Treatment Center,Bunion Treatment Near Me
Burning Mouth Syndrome Treatment,Burning Mouth Syndrome Treatment Cost,Burning Mouth Syndrome Treatment Center,Burning Mouth Syndrome Treatment Center,Burning Mouth Syndrome Treatment Near Me
Bursitis Treatment,Bursitis Treatment Cost,Bursitis Treatment Center,Bursitis Treatment Center,Bursitis Treatment Near Me
Bv Treatment,Bv Treatment Cost,Bv Treatment Center,Bv Treatment Center,Bv Treatment Near Me
C Diff Treatment,C Diff Treatment Cost,C Diff Treatment Center,C Diff Treatment Center,C Diff Treatment Near Me
Callus Treatment,Callus Treatment Cost,Callus Treatment Center,Callus Treatment Center,Callus Treatment Near Me
Cancer Treatment,Cancer Treatment Cost,Cancer Treatment Center,Cancer Treatment Center,Cancer Treatment Near Me
Candida Albicans Treatment,Candida Albicans Treatment Cost,Candida Albicans Treatment Center,Candida Albicans Treatment Center,Candida Albicans Treatment Near Me
Candidiasis Treatment,Candidiasis Treatment Cost,Candidiasis Treatment Center,Candidiasis Treatment Center,Candidiasis Treatment Near Me
Canker Sore On Tongue Treatment,Canker Sore On Tongue Treatment Cost,Canker Sore On Tongue Treatment Center,Canker Sore On Tongue Treatment Center,Canker Sore On Tongue Treatment Near Me
Canker Sore Treatment,Canker Sore Treatment Cost,Canker Sore Treatment Center,Canker Sore Treatment Center,Canker Sore Treatment Near Me
Carpal Tunnel Syndrome Treatment,Carpal Tunnel Syndrome Treatment Cost,Carpal Tunnel Syndrome Treatment Center,Carpal Tunnel Syndrome Treatment Center,Carpal Tunnel Syndrome Treatment Near Me
Carpal Tunnel Treatment,Carpal Tunnel Treatment Cost,Carpal Tunnel Treatment Center,Carpal Tunnel Treatment Center,Carpal Tunnel Treatment Near Me
Cataracts Treatment,Cataracts Treatment Cost,Cataracts Treatment Center,Cataracts Treatment Center,Cataracts Treatment Near Me
Celiac Disease Treatment,Celiac Disease Treatment Cost,Celiac Disease Treatment Center,Celiac Disease Treatment Center,Celiac Disease Treatment Near Me
Cellulite Treatment,Cellulite Treatment Cost,Cellulite Treatment Center,Cellulite Treatment Center,Cellulite Treatment Near Me
Cellulitis Treatment,Cellulitis Treatment Cost,Cellulitis Treatment Center,Cellulitis Treatment Center,Cellulitis Treatment Near Me
Cervical Cancer Treatment,Cervical Cancer Treatment Cost,Cervical Cancer Treatment Center,Cervical Cancer Treatment Center,Cervical Cancer Treatment Near Me
Cervical Spondylosis Treatment,Cervical Spondylosis Treatment Cost,Cervical Spondylosis Treatment Center,Cervical Spondylosis Treatment Center,Cervical Spondylosis Treatment Near Me
Chalazion Treatment,Chalazion Treatment Cost,Chalazion Treatment Center,Chalazion Treatment Center,Chalazion Treatment Near Me
Chemotherapy Treatment,Chemotherapy Treatment Cost,Chemotherapy Treatment Center,Chemotherapy Treatment Center,Chemotherapy Treatment Near Me
Chest Infection Treatment,Chest Infection Treatment Cost,Chest Infection Treatment Center,Chest Infection Treatment Center,Chest Infection Treatment Near Me
Chicken Pox Treatment,Chicken Pox Treatment Cost,Chicken Pox Treatment Center,Chicken Pox Treatment Center,Chicken Pox Treatment Near Me
Chikungunya Treatment,Chikungunya Treatment Cost,Chikungunya Treatment Center,Chikungunya Treatment Center,Chikungunya Treatment Near Me
Chilblains Treatment,Chilblains Treatment Cost,Chilblains Treatment Center,Chilblains Treatment Center,Chilblains Treatment Near Me
Chiropractic Treatment,Chiropractic Treatment Cost,Chiropractic Treatment Center,Chiropractic Treatment Center,Chiropractic Treatment Near Me
Chlamydia Treatment,Chlamydia Treatment Cost,Chlamydia Treatment Center,Chlamydia Treatment Center,Chlamydia Treatment Near Me
Cholelithiasis Treatment,Cholelithiasis Treatment Cost,Cholelithiasis Treatment Center,Cholelithiasis Treatment Center,Cholelithiasis Treatment Near Me
Cholera Treatment,Cholera Treatment Cost,Cholera Treatment Center,Cholera Treatment Center,Cholera Treatment Near Me
Chronic Fatigue Syndrome Treatment,Chronic Fatigue Syndrome Treatment Cost,Chronic Fatigue Syndrome Treatment Center,Chronic Fatigue Syndrome Treatment Center,Chronic Fatigue Syndrome Treatment Near Me
Chronic Sinusitis Treatment,Chronic Sinusitis Treatment Cost,Chronic Sinusitis Treatment Center,Chronic Sinusitis Treatment Center,Chronic Sinusitis Treatment Near Me
Cirrhosis Treatment,Cirrhosis Treatment Cost,Cirrhosis Treatment Center,Cirrhosis Treatment Center,Cirrhosis Treatment Near Me
Cluster Headache Treatment,Cluster Headache Treatment Cost,Cluster Headache Treatment Center,Cluster Headache Treatment Center,Cluster Headache Treatment Near Me
Co2 Laser Treatment,Co2 Laser Treatment Cost,Co2 Laser Treatment Center,Co2 Laser Treatment Center,Co2 Laser Treatment Near Me
Cold Sore On Lip Treatment,Cold Sore On Lip Treatment Cost,Cold Sore On Lip Treatment Center,Cold Sore On Lip Treatment Center,Cold Sore On Lip Treatment Near Me
Cold Sore Treatment,Cold Sore Treatment Cost,Cold Sore Treatment Center,Cold Sore Treatment Center,Cold Sore Treatment Near Me
Cold Treatment,Cold Treatment Cost,Cold Treatment Center,Cold Treatment Center,Cold Treatment Near Me
Colitis Treatment,Colitis Treatment Cost,Colitis Treatment Center,Colitis Treatment Center,Colitis Treatment Near Me
Colon Cancer Treatment,Colon Cancer Treatment Cost,Colon Cancer Treatment Center,Colon Cancer Treatment Center,Colon Cancer Treatment Near Me
Common Cold Treatment,Common Cold Treatment Cost,Common Cold Treatment Center,Common Cold Treatment Center,Common Cold Treatment Near Me
Concussion Treatment,Concussion Treatment Cost,Concussion Treatment Center,Concussion Treatment Center,Concussion Treatment Near Me
Congestive Heart Failure Treatment,Congestive Heart Failure Treatment Cost,Congestive Heart Failure Treatment Center,Congestive Heart Failure Treatment Center,Congestive Heart Failure Treatment Near Me
Conjunctivitis Treatment,Conjunctivitis Treatment Cost,Conjunctivitis Treatment Center,Conjunctivitis Treatment Center,Conjunctivitis Treatment Near Me
Constipation Treatment,Constipation Treatment Cost,Constipation Treatment Center,Constipation Treatment Center,Constipation Treatment Near Me
Copd Treatment,Copd Treatment Cost,Copd Treatment Center,Copd Treatment Center,Copd Treatment Near Me
Corn Treatment,Corn Treatment Cost,Corn Treatment Center,Corn Treatment Center,Corn Treatment Near Me
Corneal Abrasion Treatment,Corneal Abrasion Treatment Cost,Corneal Abrasion Treatment Center,Corneal Abrasion Treatment Center,Corneal Abrasion Treatment Near Me
Costochondritis Treatment,Costochondritis Treatment Cost,Costochondritis Treatment Center,Costochondritis Treatment Center,Costochondritis Treatment Near Me
Cough Treatment,Cough Treatment Cost,Cough Treatment Center,Cough Treatment Center,Cough Treatment Near Me
Cradle Cap Treatment,Cradle Cap Treatment Cost,Cradle Cap Treatment Center,Cradle Cap Treatment Center,Cradle Cap Treatment Near Me
Crohn'S Disease Treatment,Crohn'S Disease Treatment Cost,Crohn'S Disease Treatment Center,Crohn'S Disease Treatment Center,Crohn'S Disease Treatment Near Me
Croup Treatment,Croup Treatment Cost,Croup Treatment Center,Croup Treatment Center,Croup Treatment Near Me
Cyst Treatment,Cyst Treatment Cost,Cyst Treatment Center,Cyst Treatment Center,Cyst Treatment Near Me
Cystic Acne Treatment,Cystic Acne Treatment Cost,Cystic Acne Treatment Center,Cystic Acne Treatment Center,Cystic Acne Treatment Near Me
Cystitis Treatment,Cystitis Treatment Cost,Cystitis Treatment Center,Cystitis Treatment Center,Cystitis Treatment Near Me
Dandruff Treatment,Dandruff Treatment Cost,Dandruff Treatment Center,Dandruff Treatment Center,Dandruff Treatment Near Me
Dark Circle Treatment,Dark Circle Treatment Cost,Dark Circle Treatment Center,Dark Circle Treatment Center,Dark Circle Treatment Near Me
Dark Circles Under Eyes Treatment,Dark Circles Under Eyes Treatment Cost,Dark Circles Under Eyes Treatment Center,Dark Circles Under Eyes Treatment Center,Dark Circles Under Eyes Treatment Near Me
Dark Spot Treatment,Dark Spot Treatment Cost,Dark Spot Treatment Center,Dark Spot Treatment Center,Dark Spot Treatment Near Me
Deep Vein Thrombosis Treatment,Deep Vein Thrombosis Treatment Cost,Deep Vein Thrombosis Treatment Center,Deep Vein Thrombosis Treatment Center,Deep Vein Thrombosis Treatment Near Me
Dehydration Treatment,Dehydration Treatment Cost,Dehydration Treatment Center,Dehydration Treatment Center,Dehydration Treatment Near Me
Dementia Treatment,Dementia Treatment Cost,Dementia Treatment Center,Dementia Treatment Center,Dementia Treatment Near Me
Dermatitis Treatment,Dermatitis Treatment Cost,Dermatitis Treatment Center,Dermatitis Treatment Center,Dermatitis Treatment Near Me
Diabetes Insipidus Treatment,Diabetes Insipidus Treatment Cost,Diabetes Insipidus Treatment Center,Diabetes Insipidus Treatment Center,Diabetes Insipidus Treatment Near Me
Diabetes Treatment,Diabetes Treatment Cost,Diabetes Treatment Center,Diabetes Treatment Center,Diabetes Treatment Near Me
Diabetic Ketoacidosis Treatment,Diabetic Ketoacidosis Treatment Cost,Diabetic Ketoacidosis Treatment Center,Diabetic Ketoacidosis Treatment Center,Diabetic Ketoacidosis Treatment Near Me
Diabetic Neuropathy Treatment,Diabetic Neuropathy Treatment Cost,Diabetic Neuropathy Treatment Center,Diabetic Neuropathy Treatment Center,Diabetic Neuropathy Treatment Near Me
Dialysis Treatment,Dialysis Treatment Cost,Dialysis Treatment Center,Dialysis Treatment Center,Dialysis Treatment Near Me
Diaper Rash Treatment,Diaper Rash Treatment Cost,Diaper Rash Treatment Center,Diaper Rash Treatment Center,Diaper Rash Treatment Near Me
Diarrhea Treatment,Diarrhea Treatment Cost,Diarrhea Treatment Center,Diarrhea Treatment Center,Diarrhea Treatment Near Me
Disc Bulge Treatment,Disc Bulge Treatment Cost,Disc Bulge Treatment Center,Disc Bulge Treatment Center,Disc Bulge Treatment Near Me
Diverticulitis Treatment,Diverticulitis Treatment Cost,Diverticulitis Treatment Center,Diverticulitis Treatment Center,Diverticulitis Treatment Near Me
Dizziness Treatment,Dizziness Treatment Cost,Dizziness Treatment Center,Dizziness Treatment Center,Dizziness Treatment Near Me
Dka Treatment,Dka Treatment Cost,Dka Treatment Center,Dka Treatment Center,Dka Treatment Near Me
Dog Bite Treatment,Dog Bite Treatment Cost,Dog Bite Treatment Center,Dog Bite Treatment Center,Dog Bite Treatment Near Me
Dry Cough Treatment,Dry Cough Treatment Cost,Dry Cough Treatment Center,Dry Cough Treatment Center,Dry Cough Treatment Near Me
Dry Mouth Treatment,Dry Mouth Treatment Cost,Dry Mouth Treatment Center,Dry Mouth Treatment Center,Dry Mouth Treatment Near Me
Dry Scalp Treatment,Dry Scalp Treatment Cost,Dry Scalp Treatment Center,Dry Scalp Treatment Center,Dry Scalp Treatment Near Me
Dry Skin Treatment,Dry Skin Treatment Cost,Dry Skin Treatment Center,Dry Skin Treatment Center,Dry Skin Treatment Near Me
Dry Socket Treatment,Dry Socket Treatment Cost,Dry Socket Treatment Center,Dry Socket Treatment Center,Dry Socket Treatment Near Me
Dupuytren'S Contracture Treatment,Dupuytren'S Contracture Treatment Cost,Dupuytren'S Contracture Treatment Center,Dupuytren'S Contracture Treatment Center,Dupuytren'S Contracture Treatment Near Me
Dvt Treatment,Dvt Treatment Cost,Dvt Treatment Center,Dvt Treatment Center,Dvt Treatment Near Me
Dyshidrotic Eczema Treatment,Dyshidrotic Eczema Treatment Cost,Dyshidrotic Eczema Treatment Center,Dyshidrotic Eczema Treatment Center,Dyshidrotic Eczema Treatment Near Me
Dysmenorrhea Treatment,Dysmenorrhea Treatment Cost,Dysmenorrhea Treatment Center,Dysmenorrhea Treatment Center,Dysmenorrhea Treatment Near Me
Dysphagia Treatment,Dysphagia Treatment Cost,Dysphagia Treatment Center,Dysphagia Treatment Center,Dysphagia Treatment Near Me
E Coli Treatment,E Coli Treatment Cost,E Coli Treatment Center,E Coli Treatment Center,E Coli Treatment Near Me
Ear Infection Treatment,Ear Infection Treatment Cost,Ear Infection Treatment Center,Ear Infection Treatment Center,Ear Infection Treatment Near Me
Ear Pain Treatment,Ear Pain Treatment Cost,Ear Pain Treatment Center,Ear Pain Treatment Center,Ear Pain Treatment Near Me
Earache Treatment,Earache Treatment Cost,Earache Treatment Center,Earache Treatment Center,Earache Treatment Near Me
Eating Disorder Treatment,Eating Disorder Treatment Cost,Eating Disorder Treatment Center,Eating Disorder Treatment Center,Eating Disorder Treatment Near Me
Ecmo Treatment,Ecmo Treatment Cost,Ecmo Treatment Center,Ecmo Treatment Center,Ecmo Treatment Near Me
Eczema Treatment,Eczema Treatment Cost,Eczema Treatment Center,Eczema Treatment Center,Eczema Treatment Near Me
Edema Treatment,Edema Treatment Cost,Edema Treatment Center,Edema Treatment Center,Edema Treatment Near Me
Eecp Treatment,Eecp Treatment Cost,Eecp Treatment Center,Eecp Treatment Center,Eecp Treatment Near Me
Emphysema Treatment,Emphysema Treatment Cost,Emphysema Treatment Center,Emphysema Treatment Center,Emphysema Treatment Near Me
Endometriosis Treatment,Endometriosis Treatment Cost,Endometriosis Treatment Center,Endometriosis Treatment Center,Endometriosis Treatment Near Me
Enlarged Prostate Treatment,Enlarged Prostate Treatment Cost,Enlarged Prostate Treatment Center,Enlarged Prostate Treatment Center,Enlarged Prostate Treatment Near Me
Epididymitis Treatment,Epididymitis Treatment Cost,Epididymitis Treatment Center,Epididymitis Treatment Center,Epididymitis Treatment Near Me
Epilepsy Treatment,Epilepsy Treatment Cost,Epilepsy Treatment Center,Epilepsy Treatment Center,Epilepsy Treatment Near Me
Esophagitis Treatment,Esophagitis Treatment Cost,Esophagitis Treatment Center,Esophagitis Treatment Center,Esophagitis Treatment Near Me
Essential Tremor Treatment,Essential Tremor Treatment Cost,Essential Tremor Treatment Center,Essential Tremor Treatment Center,Essential Tremor Treatment Near Me
Eustachian Tube Dysfunction Treatment,Eustachian Tube Dysfunction Treatment Cost,Eustachian Tube Dysfunction Treatment Center,Eustachian Tube Dysfunction Treatment Center,Eustachian Tube Dysfunction Treatment Near Me
External Hemorrhoids Treatment,External Hemorrhoids Treatment Cost,External Hemorrhoids Treatment Center,External Hemorrhoids Treatment Center,External Hemorrhoids Treatment Near Me
Eye Infection Treatment,Eye Infection Treatment Cost,Eye Infection Treatment Center,Eye Infection Treatment Center,Eye Infection Treatment Near Me
Fatigue Treatment,Fatigue Treatment Cost,Fatigue Treatment Center,Fatigue Treatment Center,Fatigue Treatment Near Me
Fatty Liver Treatment,Fatty Liver Treatment Cost,Fatty Liver Treatment Center,Fatty Liver Treatment Center,Fatty Liver Treatment Near Me
Fever Treatment,Fever Treatment Cost,Fever Treatment Center,Fever Treatment Center,Fever Treatment Near Me
Fibromyalgia Treatment,Fibromyalgia Treatment Cost,Fibromyalgia Treatment Center,Fibromyalgia Treatment Center,Fibromyalgia Treatment Near Me
Fingernail Fungus Treatment,Fingernail Fungus Treatment Cost,Fingernail Fungus Treatment Center,Fingernail Fungus Treatment Center,Fingernail Fungus Treatment Near Me
Fissure Treatment,Fissure Treatment Cost,Fissure Treatment Center,Fissure Treatment Center,Fissure Treatment Near Me
Flu Treatment,Flu Treatment Cost,Flu Treatment Center,Flu Treatment Center,Flu Treatment Near Me
Folliculitis Treatment,Folliculitis Treatment Cost,Folliculitis Treatment Center,Folliculitis Treatment Center,Folliculitis Treatment Near Me
Food Poisoning Treatment,Food Poisoning Treatment Cost,Food Poisoning Treatment Center,Food Poisoning Treatment Center,Food Poisoning Treatment Near Me
Foot Corn Treatment,Foot Corn Treatment Cost,Foot Corn Treatment Center,Foot Corn Treatment Center,Foot Corn Treatment Near Me
Foot Fungus Treatment,Foot Fungus Treatment Cost,Foot Fungus Treatment Center,Foot Fungus Treatment Center,Foot Fungus Treatment Near Me
Fordyce Spots Treatment,Fordyce Spots Treatment Cost,Fordyce Spots Treatment Center,Fordyce Spots Treatment Center,Fordyce Spots Treatment Near Me
Frostbite Treatment,Frostbite Treatment Cost,Frostbite Treatment Center,Frostbite Treatment Center,Frostbite Treatment Near Me
Frozen Shoulder Treatment,Frozen Shoulder Treatment Cost,Frozen Shoulder Treatment Center,Frozen Shoulder Treatment Center,Frozen Shoulder Treatment Near Me
Fungal Acne Treatment,Fungal Acne Treatment Cost,Fungal Acne Treatment Center,Fungal Acne Treatment Center,Fungal Acne Treatment Near Me
Fungal Infection Treatment,Fungal Infection Treatment Cost,Fungal Infection Treatment Center,Fungal Infection Treatment Center,Fungal Infection Treatment Near Me
Gallbladder Stone Treatment,Gallbladder Stone Treatment Cost,Gallbladder Stone Treatment Center,Gallbladder Stone Treatment Center,Gallbladder Stone Treatment Near Me
Gallstones Treatment,Gallstones Treatment Cost,Gallstones Treatment Center,Gallstones Treatment Center,Gallstones Treatment Near Me
Ganglion Cyst Treatment,Ganglion Cyst Treatment Cost,Ganglion Cyst Treatment Center,Ganglion Cyst Treatment Center,Ganglion Cyst Treatment Near Me
Gastric Ulcer Treatment,Gastric Ulcer Treatment Cost,Gastric Ulcer Treatment Center,Gastric Ulcer Treatment Center,Gastric Ulcer Treatment Near Me
Gastritis Treatment,Gastritis Treatment Cost,Gastritis Treatment Center,Gastritis Treatment Center,Gastritis Treatment Near Me
Gastroenteritis Treatment,Gastroenteritis Treatment Cost,Gastroenteritis Treatment Center,Gastroenteritis Treatment Center,Gastroenteritis Treatment Near Me
Gastroesophageal Reflux Disease Treatment,Gastroesophageal Reflux Disease Treatment Cost,Gastroesophageal Reflux Disease Treatment Center,Gastroesophageal Reflux Disease Treatment Center,Gastroesophageal Reflux Disease Treatment Near Me
Gastroparesis Treatment,Gastroparesis Treatment Cost,Gastroparesis Treatment Center,Gastroparesis Treatment Center,Gastroparesis Treatment Near Me
Genital Herpes Treatment,Genital Herpes Treatment Cost,Genital Herpes Treatment Center,Genital Herpes Treatment Center,Genital Herpes Treatment Near Me
Genital Warts Treatment,Genital Warts Treatment Cost,Genital Warts Treatment Center,Genital Warts Treatment Center,Genital Warts Treatment Near Me
Geographic Tongue Treatment,Geographic Tongue Treatment Cost,Geographic Tongue Treatment Center,Geographic Tongue Treatment Center,Geographic Tongue Treatment Near Me
Gerd Symptoms And Treatment,Gerd Symptoms And Treatment Cost,Gerd Symptoms And Treatment Center,Gerd Symptoms And Treatment Center,Gerd Symptoms And Treatment Near Me
Gerd Treatment,Gerd Treatment Cost,Gerd Treatment Center,Gerd Treatment Center,Gerd Treatment Near Me
Giardia Treatment,Giardia Treatment Cost,Giardia Treatment Center,Giardia Treatment Center,Giardia Treatment Near Me
Gingivitis Treatment,Gingivitis Treatment Cost,Gingivitis Treatment Center,Gingivitis Treatment Center,Gingivitis Treatment Near Me
Glaucoma Treatment,Glaucoma Treatment Cost,Glaucoma Treatment Center,Glaucoma Treatment Center,Glaucoma Treatment Near Me
Goiter Treatment,Goiter Treatment Cost,Goiter Treatment Center,Goiter Treatment Center,Goiter Treatment Near Me
Golfers Elbow Treatment,Golfers Elbow Treatment Cost,Golfers Elbow Treatment Center,Golfers Elbow Treatment Center,Golfers Elbow Treatment Near Me
Gonorrhea Treatment,Gonorrhea Treatment Cost,Gonorrhea Treatment Center,Gonorrhea Treatment Center,Gonorrhea Treatment Near Me
Gout Treatment,Gout Treatment Cost,Gout Treatment Center,Gout Treatment Center,Gout Treatment Near Me
Graves Disease Treatment,Graves Disease Treatment Cost,Graves Disease Treatment Center,Graves Disease Treatment Center,Graves Disease Treatment Near Me
Gum Infection Treatment,Gum Infection Treatment Cost,Gum Infection Treatment Center,Gum Infection Treatment Center,Gum Infection Treatment Near Me
Gynecomastia Treatment,Gynecomastia Treatment Cost,Gynecomastia Treatment Center,Gynecomastia Treatment Center,Gynecomastia Treatment Near Me
H Pylori Treatment,H Pylori Treatment Cost,H Pylori Treatment Center,H Pylori Treatment Center,H Pylori Treatment Near Me
Halitosis Treatment,Halitosis Treatment Cost,Halitosis Treatment Center,Halitosis Treatment Center,Halitosis Treatment Near Me
Hand Foot And Mouth Treatment,Hand Foot And Mouth Treatment Cost,Hand Foot And Mouth Treatment Center,Hand Foot And Mouth Treatment Center,Hand Foot And Mouth Treatment Near Me
Hand Foot Mouth Disease Treatment,Hand Foot Mouth Disease Treatment Cost,Hand Foot Mouth Disease Treatment Center,Hand Foot Mouth Disease Treatment Center,Hand Foot Mouth Disease Treatment Near Me
Head Lice Treatment,Head Lice Treatment Cost,Head Lice Treatment Center,Head Lice Treatment Center,Head Lice Treatment Near Me
Headache Treatment,Headache Treatment Cost,Headache Treatment Center,Headache Treatment Center,Headache Treatment Near Me
Heart Attack Treatment,Heart Attack Treatment Cost,Heart Attack Treatment Center,Heart Attack Treatment Center,Heart Attack Treatment Near Me
Heart Disease Treatment,Heart Disease Treatment Cost,Heart Disease Treatment Center,Heart Disease Treatment Center,Heart Disease Treatment Near Me
Heart Failure Treatment,Heart Failure Treatment Cost,Heart Failure Treatment Center,Heart Failure Treatment Center,Heart Failure Treatment Near Me
Heartburn Treatment,Heartburn Treatment Cost,Heartburn Treatment Center,Heartburn Treatment Center,Heartburn Treatment Near Me
Heat Exhaustion Treatment,Heat Exhaustion Treatment Cost,Heat Exhaustion Treatment Center,Heat Exhaustion Treatment Center,Heat Exhaustion Treatment Near Me
Heat Rash Treatment,Heat Rash Treatment Cost,Heat Rash Treatment Center,Heat Rash Treatment Center,Heat Rash Treatment Near Me
Heat Stroke Treatment,Heat Stroke Treatment Cost,Heat Stroke Treatment Center,Heat Stroke Treatment Center,Heat Stroke Treatment Near Me
Heel Pain Treatment,Heel Pain Treatment Cost,Heel Pain Treatment Center,Heel Pain Treatment Center,Heel Pain Treatment Near Me
Heel Spur Treatment,Heel Spur Treatment Cost,Heel Spur Treatment Center,Heel Spur Treatment Center,Heel Spur Treatment Near Me
Helicobacter Pylori Treatment,Helicobacter Pylori Treatment Cost,Helicobacter Pylori Treatment Center,Helicobacter Pylori Treatment Center,Helicobacter Pylori Treatment Near Me
Hemochromatosis Treatment,Hemochromatosis Treatment Cost,Hemochromatosis Treatment Center,Hemochromatosis Treatment Center,Hemochromatosis Treatment Near Me
Hemorrhoids Treatment,Hemorrhoids Treatment Cost,Hemorrhoids Treatment Center,Hemorrhoids Treatment Center,Hemorrhoids Treatment Near Me
Hep C Treatment,Hep C Treatment Cost,Hep C Treatment Center,Hep C Treatment Center,Hep C Treatment Near Me
Hepatitis A Treatment,Hepatitis A Treatment Cost,Hepatitis A Treatment Center,Hepatitis A Treatment Center,Hepatitis A Treatment Near Me
Hepatitis B Treatment,Hepatitis B Treatment Cost,Hepatitis B Treatment Center,Hepatitis B Treatment Center,Hepatitis B Treatment Near Me
Hepatitis C Treatment,Hepatitis C Treatment Cost,Hepatitis C Treatment Center,Hepatitis C Treatment Center,Hepatitis C Treatment Near Me
Hepatitis Treatment,Hepatitis Treatment Cost,Hepatitis Treatment Center,Hepatitis Treatment Center,Hepatitis Treatment Near Me
Hernia Treatment,Hernia Treatment Cost,Hernia Treatment Center,Hernia Treatment Center,Hernia Treatment Near Me
Herniated Disc Treatment,Herniated Disc Treatment Cost,Herniated Disc Treatment Center,Herniated Disc Treatment Center,Herniated Disc Treatment Near Me
Herpes Treatment,Herpes Treatment Cost,Herpes Treatment Center,Herpes Treatment Center,Herpes Treatment Near Me
Herpes Zoster Treatment,Herpes Zoster Treatment Cost,Herpes Zoster Treatment Center,Herpes Zoster Treatment Center,Herpes Zoster Treatment Near Me
Hiatal Hernia Treatment,Hiatal Hernia Treatment Cost,Hiatal Hernia Treatment Center,Hiatal Hernia Treatment Center,Hiatal Hernia Treatment Near Me
Hiccups Treatment,Hiccups Treatment Cost,Hiccups Treatment Center,Hiccups Treatment Center,Hiccups Treatment Near Me
Hidradenitis Suppurativa Treatment,Hidradenitis Suppurativa Treatment Cost,Hidradenitis Suppurativa Treatment Center,Hidradenitis Suppurativa Treatment Center,Hidradenitis Suppurativa Treatment Near Me
Hifu Treatment,Hifu Treatment Cost,Hifu Treatment Center,Hifu Treatment Center,Hifu Treatment Near Me
High Bilirubin Treatment,High Bilirubin Treatment Cost,High Bilirubin Treatment Center,High Bilirubin Treatment Center,High Bilirubin Treatment Near Me
High Blood Pressure Treatment,High Blood Pressure Treatment Cost,High Blood Pressure Treatment Center,High Blood Pressure Treatment Center,High Blood Pressure Treatment Near Me
High Creatinine Treatment,High Creatinine Treatment Cost,High Creatinine Treatment Center,High Creatinine Treatment Center,High Creatinine Treatment Near Me
High Esr Causes And Treatment,High Esr Causes And Treatment Cost,High Esr Causes And Treatment Center,High Esr Causes And Treatment Center,High Esr Causes And Treatment Near Me
High Esr Treatment,High Esr Treatment Cost,High Esr Treatment Center,High Esr Treatment Center,High Esr Treatment Near Me
Hip Bursitis Treatment,Hip Bursitis Treatment Cost,Hip Bursitis Treatment Center,Hip Bursitis Treatment Center,Hip Bursitis Treatment Near Me
Hirsutism Treatment,Hirsutism Treatment Cost,Hirsutism Treatment Center,Hirsutism Treatment Center,Hirsutism Treatment Near Me
Hives Treatment,Hives Treatment Cost,Hives Treatment Center,Hives Treatment Center,Hives Treatment Near Me
Hormonal Acne Treatment,Hormonal Acne Treatment Cost,Hormonal Acne Treatment Center,Hormonal Acne Treatment Center,Hormonal Acne Treatment Near Me
Hormonal Imbalance Treatment,Hormonal Imbalance Treatment Cost,Hormonal Imbalance Treatment Center,Hormonal Imbalance Treatment Center,Hormonal Imbalance Treatment Near Me
Hpv Treatment,Hpv Treatment Cost,Hpv Treatment Center,Hpv Treatment Center,Hpv Treatment Near Me
Hydrocele Treatment,Hydrocele Treatment Cost,Hydrocele Treatment Center,Hydrocele Treatment Center,Hydrocele Treatment Near Me
Hydronephrosis Treatment,Hydronephrosis Treatment Cost,Hydronephrosis Treatment Center,Hydronephrosis Treatment Center,Hydronephrosis Treatment Near Me
Hypercalcemia Treatment,Hypercalcemia Treatment Cost,Hypercalcemia Treatment Center,Hypercalcemia Treatment Center,Hypercalcemia Treatment Near Me
Hyperemesis Gravidarum Treatment,Hyperemesis Gravidarum Treatment Cost,Hyperemesis Gravidarum Treatment Center,Hyperemesis Gravidarum Treatment Center,Hyperemesis Gravidarum Treatment Near Me
Hyperglycemia Treatment,Hyperglycemia Treatment Cost,Hyperglycemia Treatment Center,Hyperglycemia Treatment Center,Hyperglycemia Treatment Near Me
Hyperhidrosis Treatment,Hyperhidrosis Treatment Cost,Hyperhidrosis Treatment Center,Hyperhidrosis Treatment Center,Hyperhidrosis Treatment Near Me
Hyperkalemia Treatment,Hyperkalemia Treatment Cost,Hyperkalemia Treatment Center,Hyperkalemia Treatment Center,Hyperkalemia Treatment Near Me
Hypernatremia Treatment,Hypernatremia Treatment Cost,Hypernatremia Treatment Center,Hypernatremia Treatment Center,Hypernatremia Treatment Near Me
Hyperpigmentation Treatment,Hyperpigmentation Treatment Cost,Hyperpigmentation Treatment Center,Hyperpigmentation Treatment Center,Hyperpigmentation Treatment Near Me
Hypertension Treatment,Hypertension Treatment Cost,Hypertension Treatment Center,Hypertension Treatment Center,Hypertension Treatment Near Me
Hyperthyroidism Treatment,Hyperthyroidism Treatment Cost,Hyperthyroidism Treatment Center,Hyperthyroidism Treatment Center,Hyperthyroidism Treatment Near Me
Hypoglycemia Treatment,Hypoglycemia Treatment Cost,Hypoglycemia Treatment Center,Hypoglycemia Treatment Center,Hypoglycemia Treatment Near Me
Hypokalemia Treatment,Hypokalemia Treatment Cost,Hypokalemia Treatment Center,Hypokalemia Treatment Center,Hypokalemia Treatment Near Me
Hyponatremia Treatment,Hyponatremia Treatment Cost,Hyponatremia Treatment Center,Hyponatremia Treatment Center,Hyponatremia Treatment Near Me
Hypotension Treatment,Hypotension Treatment Cost,Hypotension Treatment Center,Hypotension Treatment Center,Hypotension Treatment Near Me
Hypothermia Treatment,Hypothermia Treatment Cost,Hypothermia Treatment Center,Hypothermia Treatment Center,Hypothermia Treatment Near Me
Hypothyroidism Treatment,Hypothyroidism Treatment Cost,Hypothyroidism Treatment Center,Hypothyroidism Treatment Center,Hypothyroidism Treatment Near Me
Ibd Treatment,Ibd Treatment Cost,Ibd Treatment Center,Ibd Treatment Center,Ibd Treatment Near Me
Ibs Symptoms And Treatment,Ibs Symptoms And Treatment Cost,Ibs Symptoms And Treatment Center,Ibs Symptoms And Treatment Center,Ibs Symptoms And Treatment Near Me
Ibs Treatment,Ibs Treatment Cost,Ibs Treatment Center,Ibs Treatment Center,Ibs Treatment Near Me
Impetigo Treatment,Impetigo Treatment Cost,Impetigo Treatment Center,Impetigo Treatment Center,Impetigo Treatment Near Me
Indigestion Treatment,Indigestion Treatment Cost,Indigestion Treatment Center,Indigestion Treatment Center,Indigestion Treatment Near Me
Ingrown Hair Treatment,Ingrown Hair Treatment Cost,Ingrown Hair Treatment Center,Ingrown Hair Treatment Center,Ingrown Hair Treatment Near Me
Ingrown Toenail Treatment,Ingrown Toenail Treatment Cost,Ingrown Toenail Treatment Center,Ingrown Toenail Treatment Center,Ingrown Toenail Treatment Near Me
Inguinal Hernia Treatment,Inguinal Hernia Treatment Cost,Inguinal Hernia Treatment Center,Inguinal Hernia Treatment Center,Inguinal Hernia Treatment Near Me
Insect Bite Swelling Treatment,Insect Bite Swelling Treatment Cost,Insect Bite Swelling Treatment Center,Insect Bite Swelling Treatment Center,Insect Bite Swelling Treatment Near Me
Insect Bite Treatment,Insect Bite Treatment Cost,Insect Bite Treatment Center,Insect Bite Treatment Center,Insect Bite Treatment Near Me
Insomnia Treatment,Insomnia Treatment Cost,Insomnia Treatment Center,Insomnia Treatment Center,Insomnia Treatment Near Me
Internal Hemorrhoids Treatment,Internal Hemorrhoids Treatment Cost,Internal Hemorrhoids Treatment Center,Internal Hemorrhoids Treatment Center,Internal Hemorrhoids Treatment Near Me
Interstitial Cystitis Treatment,Interstitial Cystitis Treatment Cost,Interstitial Cystitis Treatment Center,Interstitial Cystitis Treatment Center,Interstitial Cystitis Treatment Near Me
Intertrigo Treatment,Intertrigo Treatment Cost,Intertrigo Treatment Center,Intertrigo Treatment Center,Intertrigo Treatment Near Me
Ipl Treatment,Ipl Treatment Cost,Ipl Treatment Center,Ipl Treatment Center,Ipl Treatment Near Me
Iron Deficiency Anemia Treatment,Iron Deficiency Anemia Treatment Cost,Iron Deficiency Anemia Treatment Center,Iron Deficiency Anemia Treatment Center,Iron Deficiency Anemia Treatment Near Me
Iron Deficiency Treatment,Iron Deficiency Treatment Cost,Iron Deficiency Treatment Center,Iron Deficiency Treatment Center,Iron Deficiency Treatment Near Me
Irregular Periods Treatment,Irregular Periods Treatment Cost,Irregular Periods Treatment Center,Irregular Periods Treatment Center,Irregular Periods Treatment Near Me
Irritable Bowel Syndrome Treatment,Irritable Bowel Syndrome Treatment Cost,Irritable Bowel Syndrome Treatment Center,Irritable Bowel Syndrome Treatment Center,Irritable Bowel Syndrome Treatment Near Me
Itchy Scalp Treatment,Itchy Scalp Treatment Cost,Itchy Scalp Treatment Center,Itchy Scalp Treatment Center,Itchy Scalp Treatment Near Me
Itchy Skin Treatment,Itchy Skin Treatment Cost,Itchy Skin Treatment Center,Itchy Skin Treatment Center,Itchy Skin Treatment Near Me
Ivig Treatment,Ivig Treatment Cost,Ivig Treatment Center,Ivig Treatment Center,Ivig Treatment Near Me
Jock Itch Treatment,Jock Itch Treatment Cost,Jock Itch Treatment Center,Jock Itch Treatment Center,Jock Itch Treatment Near Me
Joint Pain Treatment,Joint Pain Treatment Cost,Joint Pain Treatment Center,Joint Pain Treatment Center,Joint Pain Treatment Near Me
Keloid Scar Treatment,Keloid Scar Treatment Cost,Keloid Scar Treatment Center,Keloid Scar Treatment Center,Keloid Scar Treatment Near Me
Keloid Treatment,Keloid Treatment Cost,Keloid Treatment Center,Keloid Treatment Center,Keloid Treatment Near Me
Keratosis Pilaris Treatment,Keratosis Pilaris Treatment Cost,Keratosis Pilaris Treatment Center,Keratosis Pilaris Treatment Center,Keratosis Pilaris Treatment Near Me
Kidney Cyst Treatment,Kidney Cyst Treatment Cost,Kidney Cyst Treatment Center,Kidney Cyst Treatment Center,Kidney Cyst Treatment Near Me
Kidney Disease Treatment,Kidney Disease Treatment Cost,Kidney Disease Treatment Center,Kidney Disease Treatment Center,Kidney Disease Treatment Near Me
Kidney Failure Treatment,Kidney Failure Treatment Cost,Kidney Failure Treatment Center,Kidney Failure Treatment Center,Kidney Failure Treatment Near Me
Kidney Infection Treatment,Kidney Infection Treatment Cost,Kidney Infection Treatment Center,Kidney Infection Treatment Center,Kidney Infection Treatment Near Me
Kidney Pain Treatment,Kidney Pain Treatment Cost,Kidney Pain Treatment Center,Kidney Pain Treatment Center,Kidney Pain Treatment Near Me
Kidney Stones Treatment,Kidney Stones Treatment Cost,Kidney Stones Treatment Center,Kidney Stones Treatment Center,Kidney Stones Treatment Near Me
Knee Pain Treatment,Knee Pain Treatment Cost,Knee Pain Treatment Center,Knee Pain Treatment Center,Knee Pain Treatment Near Me
Laryngitis Treatment,Laryngitis Treatment Cost,Laryngitis Treatment Center,Laryngitis Treatment Center,Laryngitis Treatment Near Me
Laser Treatment,Laser Treatment Cost,Laser Treatment Center,Laser Treatment Center,Laser Treatment Near Me
Leg Pain Treatment,Leg Pain Treatment Cost,Leg Pain Treatment Center,Leg Pain Treatment Center,Leg Pain Treatment Near Me
Leprosy Treatment,Leprosy Treatment Cost,Leprosy Treatment Center,Leprosy Treatment Center,Leprosy Treatment Near Me
Leptospirosis Treatment,Leptospirosis Treatment Cost,Leptospirosis Treatment Center,Leptospirosis Treatment Center,Leptospirosis Treatment Near Me
Leukemia Treatment,Leukemia Treatment Cost,Leukemia Treatment Center,Leukemia Treatment Center,Leukemia Treatment Near Me
Leukoplakia Treatment,Leukoplakia Treatment Cost,Leukoplakia Treatment Center,Leukoplakia Treatment Center,Leukoplakia Treatment Near Me
Lice Treatment,Lice Treatment Cost,Lice Treatment Center,Lice Treatment Center,Lice Treatment Near Me
Lichen Planus Treatment,Lichen Planus Treatment Cost,Lichen Planus Treatment Center,Lichen Planus Treatment Center,Lichen Planus Treatment Near Me
Lichen Sclerosus Treatment,Lichen Sclerosus Treatment Cost,Lichen Sclerosus Treatment Center,Lichen Sclerosus Treatment Center,Lichen Sclerosus Treatment Near Me
Lipedema Treatment,Lipedema Treatment Cost,Lipedema Treatment Center,Lipedema Treatment Center,Lipedema Treatment Near Me
Lipoma Treatment,Lipoma Treatment Cost,Lipoma Treatment Center,Lipoma Treatment Center,Lipoma Treatment Near Me
Liver Cancer Treatment,Liver Cancer Treatment Cost,Liver Cancer Treatment Center,Liver Cancer Treatment Center,Liver Cancer Treatment Near Me
Liver Cirrhosis Treatment,Liver Cirrhosis Treatment Cost,Liver Cirrhosis Treatment Center,Liver Cirrhosis Treatment Center,Liver Cirrhosis Treatment Near Me
Liver Disease Treatment,Liver Disease Treatment Cost,Liver Disease Treatment Center,Liver Disease Treatment Center,Liver Disease Treatment Near Me
Low Blood Pressure Treatment,Low Blood Pressure Treatment Cost,Low Blood Pressure Treatment Center,Low Blood Pressure Treatment Center,Low Blood Pressure Treatment Near Me
Low Bp Treatment,Low Bp Treatment Cost,Low Bp Treatment Center,Low Bp Treatment Center,Low Bp Treatment Near Me
Low Hemoglobin Treatment,Low Hemoglobin Treatment Cost,Low Hemoglobin Treatment Center,Low Hemoglobin Treatment Center,Low Hemoglobin Treatment Near Me
Low Platelet Count Treatment,Low Platelet Count Treatment Cost,Low Platelet Count Treatment Center,Low Platelet Count Treatment Center,Low Platelet Count Treatment Near Me
Low Testosterone Treatment,Low Testosterone Treatment Cost,Low Testosterone Treatment Center,Low Testosterone Treatment Center,Low Testosterone Treatment Near Me
Lower Back Pain Treatment,Lower Back Pain Treatment Cost,Lower Back Pain Treatment Center,Lower Back Pain Treatment Center,Lower Back Pain Treatment Near Me
Lung Cancer Treatment,Lung Cancer Treatment Cost,Lung Cancer Treatment Center,Lung Cancer Treatment Center,Lung Cancer Treatment Near Me
Lupus Treatment,Lupus Treatment Cost,Lupus Treatment Center,Lupus Treatment Center,Lupus Treatment Near Me
Lyme Disease Treatment,Lyme Disease Treatment Cost,Lyme Disease Treatment Center,Lyme Disease Treatment Center,Lyme Disease Treatment Near Me
Lymphedema Treatment,Lymphedema Treatment Cost,Lymphedema Treatment Center,Lymphedema Treatment Center,Lymphedema Treatment Near Me
Lymphoma Treatment,Lymphoma Treatment Cost,Lymphoma Treatment Center,Lymphoma Treatment Center,Lymphoma Treatment Near Me
Macular Degeneration Treatment,Macular Degeneration Treatment Cost,Macular Degeneration Treatment Center,Macular Degeneration Treatment Center,Macular Degeneration Treatment Near Me
Malaria Treatment,Malaria Treatment Cost,Malaria Treatment Center,Malaria Treatment Center,Malaria Treatment Near Me
Maskne Treatment,Maskne Treatment Cost,Maskne Treatment Center,Maskne Treatment Center,Maskne Treatment Near Me
Mastitis Treatment,Mastitis Treatment Cost,Mastitis Treatment Center,Mastitis Treatment Center,Mastitis Treatment Near Me
Measles Treatment,Measles Treatment Cost,Measles Treatment Center,Measles Treatment Center,Measles Treatment Near Me
Medical Treatment,Medical Treatment Cost,Medical Treatment Center,Medical Treatment Center,Medical Treatment Near Me
Melanoma Treatment,Melanoma Treatment Cost,Melanoma Treatment Center,Melanoma Treatment Center,Melanoma Treatment Near Me
Melasma Treatment,Melasma Treatment Cost,Melasma Treatment Center,Melasma Treatment Center,Melasma Treatment Near Me
Meniere'S Disease Treatment,Meniere'S Disease Treatment Cost,Meniere'S Disease Treatment Center,Meniere'S Disease Treatment Center,Meniere'S Disease Treatment Near Me
Meningitis Treatment,Meningitis Treatment Cost,Meningitis Treatment Center,Meningitis Treatment Center,Meningitis Treatment Near Me
Meniscus Tear Treatment,Meniscus Tear Treatment Cost,Meniscus Tear Treatment Center,Meniscus Tear Treatment Center,Meniscus Tear Treatment Near Me
Menopause Treatment,Menopause Treatment Cost,Menopause Treatment Center,Menopause Treatment Center,Menopause Treatment Near Me
Menorrhagia Treatment,Menorrhagia Treatment Cost,Menorrhagia Treatment Center,Menorrhagia Treatment Center,Menorrhagia Treatment Near Me
Meralgia Paresthetica Treatment,Meralgia Paresthetica Treatment Cost,Meralgia Paresthetica Treatment Center,Meralgia Paresthetica Treatment Center,Meralgia Paresthetica Treatment Near Me
Metatarsalgia Treatment,Metatarsalgia Treatment Cost,Metatarsalgia Treatment Center,Metatarsalgia Treatment Center,Metatarsalgia Treatment Near Me
Middle Ear Infection Treatment,Middle Ear Infection Treatment Cost,Middle Ear Infection Treatment Center,Middle Ear Infection Treatment Center,Middle Ear Infection Treatment Near Me
Migraine Headache Treatment,Migraine Headache Treatment Cost,Migraine Headache Treatment Center,Migraine Headache Treatment Center,Migraine Headache Treatment Near Me
Migraine Treatment,Migraine Treatment Cost,Migraine Treatment Center,Migraine Treatment Center,Migraine Treatment Near Me
Milia Treatment,Milia Treatment Cost,Milia Treatment Center,Milia Treatment Center,Milia Treatment Near Me
Minor Dog Bite Treatment,Minor Dog Bite Treatment Cost,Minor Dog Bite Treatment Center,Minor Dog Bite Treatment Center,Minor Dog Bite Treatment Near Me
Misophonia Treatment,Misophonia Treatment Cost,Misophonia Treatment Center,Misophonia Treatment Center,Misophonia Treatment Near Me
Molluscum Contagiosum Treatment,Molluscum Contagiosum Treatment Cost,Molluscum Contagiosum Treatment Center,Molluscum Contagiosum Treatment Center,Molluscum Contagiosum Treatment Near Me
Mono Treatment,Mono Treatment Cost,Mono Treatment Center,Mono Treatment Center,Mono Treatment Near Me
Monoclonal Antibody Treatment,Monoclonal Antibody Treatment Cost,Monoclonal Antibody Treatment Center,Monoclonal Antibody Treatment Center,Monoclonal Antibody Treatment Near Me
Mononucleosis Treatment,Mononucleosis Treatment Cost,Mononucleosis Treatment Center,Mononucleosis Treatment Center,Mononucleosis Treatment Near Me
Mouth Sore Treatment,Mouth Sore Treatment Cost,Mouth Sore Treatment Center,Mouth Sore Treatment Center,Mouth Sore Treatment Near Me
Mouth Ulcer Treatment,Mouth Ulcer Treatment Cost,Mouth Ulcer Treatment Center,Mouth Ulcer Treatment Center,Mouth Ulcer Treatment Near Me
Mrsa Treatment,Mrsa Treatment Cost,Mrsa Treatment Center,Mrsa Treatment Center,Mrsa Treatment Near Me
Mucormycosis Treatment,Mucormycosis Treatment Cost,Mucormycosis Treatment Center,Mucormycosis Treatment Center,Mucormycosis Treatment Near Me
Multiple Myeloma Treatment,Multiple Myeloma Treatment Cost,Multiple Myeloma Treatment Center,Multiple Myeloma Treatment Center,Multiple Myeloma Treatment Near Me
Multiple Sclerosis Treatment,Multiple Sclerosis Treatment Cost,Multiple Sclerosis Treatment Center,Multiple Sclerosis Treatment Center,Multiple Sclerosis Treatment Near Me
Mumps Treatment,Mumps Treatment Cost,Mumps Treatment Center,Mumps Treatment Center,Mumps Treatment Near Me
Muscle Cramps Treatment,Muscle Cramps Treatment Cost,Muscle Cramps Treatment Center,Muscle Cramps Treatment Center,Muscle Cramps Treatment Near Me
Muscle Spasm Treatment,Muscle Spasm Treatment Cost,Muscle Spasm Treatment Center,Muscle Spasm Treatment Center,Muscle Spasm Treatment Near Me
Muscle Strain Treatment,Muscle Strain Treatment Cost,Muscle Strain Treatment Center,Muscle Strain Treatment Center,Muscle Strain Treatment Near Me
Myasthenia Gravis Treatment,Myasthenia Gravis Treatment Cost,Myasthenia Gravis Treatment Center,Myasthenia Gravis Treatment Center,Myasthenia Gravis Treatment Near Me
Myocardial Infarction Treatment,Myocardial Infarction Treatment Cost,Myocardial Infarction Treatment Center,Myocardial Infarction Treatment Center,Myocardial Infarction Treatment Near Me
Myocarditis Treatment,Myocarditis Treatment Cost,Myocarditis Treatment Center,Myocarditis Treatment Center,Myocarditis Treatment Near Me
Nail Fungus Treatment,Nail Fungus Treatment Cost,Nail Fungus Treatment Center,Nail Fungus Treatment Center,Nail Fungus Treatment Near Me
Narcolepsy Treatment,Narcolepsy Treatment Cost,Narcolepsy Treatment Center,Narcolepsy Treatment Center,Narcolepsy Treatment Near Me
Nasal Congestion Treatment,Nasal Congestion Treatment Cost,Nasal Congestion Treatment Center,Nasal Congestion Treatment Center,Nasal Congestion Treatment Near Me
Nasal Polyps Treatment,Nasal Polyps Treatment Cost,Nasal Polyps Treatment Center,Nasal Polyps Treatment Center,Nasal Polyps Treatment Near Me
Nausea Treatment,Nausea Treatment Cost,Nausea Treatment Center,Nausea Treatment Center,Nausea Treatment Near Me
Nebulizer Treatment,Nebulizer Treatment Cost,Nebulizer Treatment Center,Nebulizer Treatment Center,Nebulizer Treatment Near Me
Neck Pain Treatment,Neck Pain Treatment Cost,Neck Pain Treatment Center,Neck Pain Treatment Center,Neck Pain Treatment Near Me
Neuropathy Treatment,Neuropathy Treatment Cost,Neuropathy Treatment Center,Neuropathy Treatment Center,Neuropathy Treatment Near Me
Norovirus Treatment,Norovirus Treatment Cost,Norovirus Treatment Center,Norovirus Treatment Center,Norovirus Treatment Near Me
Occipital Neuralgia Treatment,Occipital Neuralgia Treatment Cost,Occipital Neuralgia Treatment Center,Occipital Neuralgia Treatment Center,Occipital Neuralgia Treatment Near Me
Onychomycosis Treatment,Onychomycosis Treatment Cost,Onychomycosis Treatment Center,Onychomycosis Treatment Center,Onychomycosis Treatment Near Me
Open Pores Treatment,Open Pores Treatment Cost,Open Pores Treatment Center,Open Pores Treatment Center,Open Pores Treatment Near Me
Osteoarthritis Treatment,Osteoarthritis Treatment Cost,Osteoarthritis Treatment Center,Osteoarthritis Treatment Center,Osteoarthritis Treatment Near Me
Osteomyelitis Treatment,Osteomyelitis Treatment Cost,Osteomyelitis Treatment Center,Osteomyelitis Treatment Center,Osteomyelitis Treatment Near Me
Osteopenia Treatment,Osteopenia Treatment Cost,Osteopenia Treatment Center,Osteopenia Treatment Center,Osteopenia Treatment Near Me
Osteoporosis Treatment,Osteoporosis Treatment Cost,Osteoporosis Treatment Center,Osteoporosis Treatment Center,Osteoporosis Treatment Near Me
Otitis Externa Treatment,Otitis Externa Treatment Cost,Otitis Externa Treatment Center,Otitis Externa Treatment Center,Otitis Externa Treatment Near Me
Otitis Media Treatment,Otitis Media Treatment Cost,Otitis Media Treatment Center,Otitis Media Treatment Center,Otitis Media Treatment Near Me
Ovarian Cancer Treatment,Ovarian Cancer Treatment Cost,Ovarian Cancer Treatment Center,Ovarian Cancer Treatment Center,Ovarian Cancer Treatment Near Me
Ovarian Cyst Treatment,Ovarian Cyst Treatment Cost,Ovarian Cyst Treatment Center,Ovarian Cyst Treatment Center,Ovarian Cyst Treatment Near Me
Overactive Bladder Treatment,Overactive Bladder Treatment Cost,Overactive Bladder Treatment Center,Overactive Bladder Treatment Center,Overactive Bladder Treatment Near Me
Pancreatic Cancer Treatment,Pancreatic Cancer Treatment Cost,Pancreatic Cancer Treatment Center,Pancreatic Cancer Treatment Center,Pancreatic Cancer Treatment Near Me
Pancreatitis Treatment,Pancreatitis Treatment Cost,Pancreatitis Treatment Center,Pancreatitis Treatment Center,Pancreatitis Treatment Near Me
Panic Attack Treatment,Panic Attack Treatment Cost,Panic Attack Treatment Center,Panic Attack Treatment Center,Panic Attack Treatment Near Me
Panic Disorder Treatment,Panic Disorder Treatment Cost,Panic Disorder Treatment Center,Panic Disorder Treatment Center,Panic Disorder Treatment Near Me
Paralysis Treatment,Paralysis Treatment Cost,Paralysis Treatment Center,Paralysis Treatment Center,Paralysis Treatment Near Me
Parkinson'S Disease Treatment,Parkinson'S Disease Treatment Cost,Parkinson'S Disease Treatment Center,Parkinson'S Disease Treatment Center,Parkinson'S Disease Treatment Near Me
Paronychia Treatment,Paronychia Treatment Cost,Paronychia Treatment Center,Paronychia Treatment Center,Paronychia Treatment Near Me
Parosmia Treatment,Parosmia Treatment Cost,Parosmia Treatment Center,Parosmia Treatment Center,Parosmia Treatment Near Me
Patellar Tendonitis Treatment,Patellar Tendonitis Treatment Cost,Patellar Tendonitis Treatment Center,Patellar Tendonitis Treatment Center,Patellar Tendonitis Treatment Near Me
Pcos Treatment,Pcos Treatment Cost,Pcos Treatment Center,Pcos Treatment Center,Pcos Treatment Near Me
Pearly Penile Papules Treatment,Pearly Penile Papules Treatment Cost,Pearly Penile Papules Treatment Center,Pearly Penile Papules Treatment Center,Pearly Penile Papules Treatment Near Me
Peptic Ulcer Treatment,Peptic Ulcer Treatment Cost,Peptic Ulcer Treatment Center,Peptic Ulcer Treatment Center,Peptic Ulcer Treatment Near Me
Pericarditis Treatment,Pericarditis Treatment Cost,Pericarditis Treatment Center,Pericarditis Treatment Center,Pericarditis Treatment Near Me
Periodontitis Treatment,Periodontitis Treatment Cost,Periodontitis Treatment Center,Periodontitis Treatment Center,Periodontitis Treatment Near Me
Perioral Dermatitis Treatment,Perioral Dermatitis Treatment Cost,Perioral Dermatitis Treatment Center,Perioral Dermatitis Treatment Center,Perioral Dermatitis Treatment Near Me
Peripheral Neuropathy Treatment,Peripheral Neuropathy Treatment Cost,Peripheral Neuropathy Treatment Center,Peripheral Neuropathy Treatment Center,Peripheral Neuropathy Treatment Near Me
Pernicious Anemia Treatment,Pernicious Anemia Treatment Cost,Pernicious Anemia Treatment Center,Pernicious Anemia Treatment Center,Pernicious Anemia Treatment Near Me
Peyronie'S Disease Treatment,Peyronie'S Disease Treatment Cost,Peyronie'S Disease Treatment Center,Peyronie'S Disease Treatment Center,Peyronie'S Disease Treatment Near Me
Pharyngitis Treatment,Pharyngitis Treatment Cost,Pharyngitis Treatment Center,Pharyngitis Treatment Center,Pharyngitis Treatment Near Me
Pid Treatment,Pid Treatment Cost,Pid Treatment Center,Pid Treatment Center,Pid Treatment Near Me
Pigmentation Treatment,Pigmentation Treatment Cost,Pigmentation Treatment Center,Pigmentation Treatment Center,Pigmentation Treatment Near Me
Piles Treatment,Piles Treatment Cost,Piles Treatment Center,Piles Treatment Center,Piles Treatment Near Me
Pilonidal Cyst Treatment,Pilonidal Cyst Treatment Cost,Pilonidal Cyst Treatment Center,Pilonidal Cyst Treatment Center,Pilonidal Cyst Treatment Near Me
Pimple Treatment,Pimple Treatment Cost,Pimple Treatment Center,Pimple Treatment Center,Pimple Treatment Near Me
Pinched Nerve Treatment,Pinched Nerve Treatment Cost,Pinched Nerve Treatment Center,Pinched Nerve Treatment Center,Pinched Nerve Treatment Near Me
Pink Eye Treatment,Pink Eye Treatment Cost,Pink Eye Treatment Center,Pink Eye Treatment Center,Pink Eye Treatment Near Me
Piriformis Syndrome Treatment,Piriformis Syndrome Treatment Cost,Piriformis Syndrome Treatment Center,Piriformis Syndrome Treatment Center,Piriformis Syndrome Treatment Near Me
Pityriasis Rosea Treatment,Pityriasis Rosea Treatment Cost,Pityriasis Rosea Treatment Center,Pityriasis Rosea Treatment Center,Pityriasis Rosea Treatment Near Me
Pityriasis Versicolor Treatment,Pityriasis Versicolor Treatment Cost,Pityriasis Versicolor Treatment Center,Pityriasis Versicolor Treatment Center,Pityriasis Versicolor Treatment Near Me
Plantar Fasciitis Treatment,Plantar Fasciitis Treatment Cost,Plantar Fasciitis Treatment Center,Plantar Fasciitis Treatment Center,Plantar Fasciitis Treatment Near Me
Plantar Wart Treatment,Plantar Wart Treatment Cost,Plantar Wart Treatment Center,Plantar Wart Treatment Center,Plantar Wart Treatment Near Me
Pleural Effusion Treatment,Pleural Effusion Treatment Cost,Pleural Effusion Treatment Center,Pleural Effusion Treatment Center,Pleural Effusion Treatment Near Me
Pleurisy Treatment,Pleurisy Treatment Cost,Pleurisy Treatment Center,Pleurisy Treatment Center,Pleurisy Treatment Near Me
Pmdd Treatment,Pmdd Treatment Cost,Pmdd Treatment Center,Pmdd Treatment Center,Pmdd Treatment Near Me
Pneumonia Treatment,Pneumonia Treatment Cost,Pneumonia Treatment Center,Pneumonia Treatment Center,Pneumonia Treatment Near Me
Pneumothorax Treatment,Pneumothorax Treatment Cost,Pneumothorax Treatment Center,Pneumothorax Treatment Center,Pneumothorax Treatment Near Me
Poison Ivy Rash Treatment,Poison Ivy Rash Treatment Cost,Poison Ivy Rash Treatment Center,Poison Ivy Rash Treatment Center,Poison Ivy Rash Treatment Near Me
Poison Ivy Treatment,Poison Ivy Treatment Cost,Poison Ivy Treatment Center,Poison Ivy Treatment Center,Poison Ivy Treatment Near Me
Poison Oak Treatment,Poison Oak Treatment Cost,Poison Oak Treatment Center,Poison Oak Treatment Center,Poison Oak Treatment Near Me
Post Nasal Drip Treatment,Post Nasal Drip Treatment Cost,Post Nasal Drip Treatment Center,Post Nasal Drip Treatment Center,Post Nasal Drip Treatment Near Me
Preeclampsia Treatment,Preeclampsia Treatment Cost,Preeclampsia Treatment Center,Preeclampsia Treatment Center,Preeclampsia Treatment Near Me
Prostate Cancer Treatment,Prostate Cancer Treatment Cost,Prostate Cancer Treatment Center,Prostate Cancer Treatment Center,Prostate Cancer Treatment Near Me
Prostatitis Treatment,Prostatitis Treatment Cost,Prostatitis Treatment Center,Prostatitis Treatment Center,Prostatitis Treatment Near Me
Pseudomonas Aeruginosa Treatment,Pseudomonas Aeruginosa Treatment Cost,Pseudomonas Aeruginosa Treatment Center,Pseudomonas Aeruginosa Treatment Center,Pseudomonas Aeruginosa Treatment Near Me
Psoriasis Treatment,Psoriasis Treatment Cost,Psoriasis Treatment Center,Psoriasis Treatment Center,Psoriasis Treatment Near Me
Psoriatic Arthritis Treatment,Psoriatic Arthritis Treatment Cost,Psoriatic Arthritis Treatment Center,Psoriatic Arthritis Treatment Center,Psoriatic Arthritis Treatment Near Me
Pulmonary Edema Treatment,Pulmonary Edema Treatment Cost,Pulmonary Edema Treatment Center,Pulmonary Edema Treatment Center,Pulmonary Edema Treatment Near Me
Pulmonary Embolism Treatment,Pulmonary Embolism Treatment Cost,Pulmonary Embolism Treatment Center,Pulmonary Embolism Treatment Center,Pulmonary Embolism Treatment Near Me
Pulmonary Fibrosis Treatment,Pulmonary Fibrosis Treatment Cost,Pulmonary Fibrosis Treatment Center,Pulmonary Fibrosis Treatment Center,Pulmonary Fibrosis Treatment Near Me
Pulmonary Hypertension Treatment,Pulmonary Hypertension Treatment Cost,Pulmonary Hypertension Treatment Center,Pulmonary Hypertension Treatment Center,Pulmonary Hypertension Treatment Near Me
Pyelonephritis Treatment,Pyelonephritis Treatment Cost,Pyelonephritis Treatment Center,Pyelonephritis Treatment Center,Pyelonephritis Treatment Near Me
Rabies Treatment,Rabies Treatment Cost,Rabies Treatment Center,Rabies Treatment Center,Rabies Treatment Near Me
Raynaud'S Syndrome Treatment,Raynaud'S Syndrome Treatment Cost,Raynaud'S Syndrome Treatment Center,Raynaud'S Syndrome Treatment Center,Raynaud'S Syndrome Treatment Near Me
Restless Leg Syndrome Treatment,Restless Leg Syndrome Treatment Cost,Restless Leg Syndrome Treatment Center,Restless Leg Syndrome Treatment Center,Restless Leg Syndrome Treatment Near Me
Rheumatoid Arthritis Treatment,Rheumatoid Arthritis Treatment Cost,Rheumatoid Arthritis Treatment Center,Rheumatoid Arthritis Treatment Center,Rheumatoid Arthritis Treatment Near Me
Rhinitis Treatment,Rhinitis Treatment Cost,Rhinitis Treatment Center,Rhinitis Treatment Center,Rhinitis Treatment Near Me
Rice Treatment,Rice Treatment Cost,Rice Treatment Center,Rice Treatment Center,Rice Treatment Near Me
Ringworm Treatment,Ringworm Treatment Cost,Ringworm Treatment Center,Ringworm Treatment Center,Ringworm Treatment Near Me
Rls Treatment,Rls Treatment Cost,Rls Treatment Center,Rls Treatment Center,Rls Treatment Near Me
Rosacea Treatment,Rosacea Treatment Cost,Rosacea Treatment Center,Rosacea Treatment Center,Rosacea Treatment Near Me
Rsv Treatment,Rsv Treatment Cost,Rsv Treatment Center,Rsv Treatment Center,Rsv Treatment Near Me
Runny Nose Treatment,Runny Nose Treatment Cost,Runny Nose Treatment Center,Runny Nose Treatment Center,Runny Nose Treatment Near Me
Salmonella Treatment,Salmonella Treatment Cost,Salmonella Treatment Center,Salmonella Treatment Center,Salmonella Treatment Near Me
Sarcoidosis Treatment,Sarcoidosis Treatment Cost,Sarcoidosis Treatment Center,Sarcoidosis Treatment Center,Sarcoidosis Treatment Near Me
Scabies Treatment,Scabies Treatment Cost,Scabies Treatment Center,Scabies Treatment Center,Scabies Treatment Near Me
Scalp Folliculitis Treatment,Scalp Folliculitis Treatment Cost,Scalp Folliculitis Treatment Center,Scalp Folliculitis Treatment Center,Scalp Folliculitis Treatment Near Me
Scalp Psoriasis Treatment,Scalp Psoriasis Treatment Cost,Scalp Psoriasis Treatment Center,Scalp Psoriasis Treatment Center,Scalp Psoriasis Treatment Near Me
Scalp Treatment,Scalp Treatment Cost,Scalp Treatment Center,Scalp Treatment Center,Scalp Treatment Near Me
Scar Treatment,Scar Treatment Cost,Scar Treatment Center,Scar Treatment Center,Scar Treatment Near Me
Schizophrenia Treatment,Schizophrenia Treatment Cost,Schizophrenia Treatment Center,Schizophrenia Treatment Center,Schizophrenia Treatment Near Me
Sciatic Nerve Treatment,Sciatic Nerve Treatment Cost,Sciatic Nerve Treatment Center,Sciatic Nerve Treatment Center,Sciatic Nerve Treatment Near Me
Sciatica Pain Treatment,Sciatica Pain Treatment Cost,Sciatica Pain Treatment Center,Sciatica Pain Treatment Center,Sciatica Pain Treatment Near Me
Sciatica Treatment,Sciatica Treatment Cost,Sciatica Treatment Center,Sciatica Treatment Center,Sciatica Treatment Near Me
Scoliosis Treatment,Scoliosis Treatment Cost,Scoliosis Treatment Center,Scoliosis Treatment Center,Scoliosis Treatment Near Me
Scorpion Bite Treatment,Scorpion Bite Treatment Cost,Scorpion Bite Treatment Center,Scorpion Bite Treatment Center,Scorpion Bite Treatment Near Me
Seborrheic Dermatitis Scalp Treatment,Seborrheic Dermatitis Scalp Treatment Cost,Seborrheic Dermatitis Scalp Treatment Center,Seborrheic Dermatitis Scalp Treatment Center,Seborrheic Dermatitis Scalp Treatment Near Me
Seborrheic Dermatitis Treatment,Seborrheic Dermatitis Treatment Cost,Seborrheic Dermatitis Treatment Center,Seborrheic Dermatitis Treatment Center,Seborrheic Dermatitis Treatment Near Me
Seizure Treatment,Seizure Treatment Cost,Seizure Treatment Center,Seizure Treatment Center,Seizure Treatment Near Me
Sepsis Treatment,Sepsis Treatment Cost,Sepsis Treatment Center,Sepsis Treatment Center,Sepsis Treatment Near Me
Serotonin Syndrome Treatment,Serotonin Syndrome Treatment Cost,Serotonin Syndrome Treatment Center,Serotonin Syndrome Treatment Center,Serotonin Syndrome Treatment Near Me
Shin Splints Treatment,Shin Splints Treatment Cost,Shin Splints Treatment Center,Shin Splints Treatment Center,Shin Splints Treatment Near Me
Shingles Treatment,Shingles Treatment Cost,Shingles Treatment Center,Shingles Treatment Center,Shingles Treatment Near Me
Shortness Of Breath Treatment,Shortness Of Breath Treatment Cost,Shortness Of Breath Treatment Center,Shortness Of Breath Treatment Center,Shortness Of Breath Treatment Near Me
Siadh Treatment,Siadh Treatment Cost,Siadh Treatment Center,Siadh Treatment Center,Siadh Treatment Near Me
Sibo Treatment,Sibo Treatment Cost,Sibo Treatment Center,Sibo Treatment Center,Sibo Treatment Near Me
Sinus Headache Treatment,Sinus Headache Treatment Cost,Sinus Headache Treatment Center,Sinus Headache Treatment Center,Sinus Headache Treatment Near Me
Sinus Infection Treatment,Sinus Infection Treatment Cost,Sinus Infection Treatment Center,Sinus Infection Treatment Center,Sinus Infection Treatment Near Me
Sinus Tachycardia Treatment,Sinus Tachycardia Treatment Cost,Sinus Tachycardia Treatment Center,Sinus Tachycardia Treatment Center,Sinus Tachycardia Treatment Near Me
Sinusitis Treatment,Sinusitis Treatment Cost,Sinusitis Treatment Center,Sinusitis Treatment Center,Sinusitis Treatment Near Me
Skin Allergy Treatment,Skin Allergy Treatment Cost,Skin Allergy Treatment Center,Skin Allergy Treatment Center,Skin Allergy Treatment Near Me
Skin Cancer Treatment,Skin Cancer Treatment Cost,Skin Cancer Treatment Center,Skin Cancer Treatment Center,Skin Cancer Treatment Near Me
Skin Lightening Treatment,Skin Lightening Treatment Cost,Skin Lightening Treatment Center,Skin Lightening Treatment Center,Skin Lightening Treatment Near Me
Skin Treatment,Skin Treatment Cost,Skin Treatment Center,Skin Treatment Center,Skin Treatment Near Me
Skin Whitening Treatment,Skin Whitening Treatment Cost,Skin Whitening Treatment Center,Skin Whitening Treatment Center,Skin Whitening Treatment Near Me
Sleep Apnea Treatment,Sleep Apnea Treatment Cost,Sleep Apnea Treatment Center,Sleep Apnea Treatment Center,Sleep Apnea Treatment Near Me
Slipped Disc Treatment,Slipped Disc Treatment Cost,Slipped Disc Treatment Center,Slipped Disc Treatment Center,Slipped Disc Treatment Near Me
Snoring Treatment,Snoring Treatment Cost,Snoring Treatment Center,Snoring Treatment Center,Snoring Treatment Near Me
Sore Throat Treatment,Sore Throat Treatment Cost,Sore Throat Treatment Center,Sore Throat Treatment Center,Sore Throat Treatment Near Me
Sore Tongue Treatment,Sore Tongue Treatment Cost,Sore Tongue Treatment Center,Sore Tongue Treatment Center,Sore Tongue Treatment Near Me
Spider Bite Treatment,Spider Bite Treatment Cost,Spider Bite Treatment Center,Spider Bite Treatment Center,Spider Bite Treatment Near Me
Spider Vein Treatment,Spider Vein Treatment Cost,Spider Vein Treatment Center,Spider Vein Treatment Center,Spider Vein Treatment Near Me
Spinal Muscular Atrophy Treatment,Spinal Muscular Atrophy Treatment Cost,Spinal Muscular Atrophy Treatment Center,Spinal Muscular Atrophy Treatment Center,Spinal Muscular Atrophy Treatment Near Me
Spinal Stenosis Treatment,Spinal Stenosis Treatment Cost,Spinal Stenosis Treatment Center,Spinal Stenosis Treatment Center,Spinal Stenosis Treatment Near Me
Spot Treatment,Spot Treatment Cost,Spot Treatment Center,Spot Treatment Center,Spot Treatment Near Me
Sprained Ankle Treatment,Sprained Ankle Treatment Cost,Sprained Ankle Treatment Center,Sprained Ankle Treatment Center,Sprained Ankle Treatment Near Me
Squamous Cell Carcinoma Treatment,Squamous Cell Carcinoma Treatment Cost,Squamous Cell Carcinoma Treatment Center,Squamous Cell Carcinoma Treatment Center,Squamous Cell Carcinoma Treatment Near Me
Staph Infection Treatment,Staph Infection Treatment Cost,Staph Infection Treatment Center,Staph Infection Treatment Center,Staph Infection Treatment Near Me
Staphylococcus Aureus Treatment,Staphylococcus Aureus Treatment Cost,Staphylococcus Aureus Treatment Center,Staphylococcus Aureus Treatment Center,Staphylococcus Aureus Treatment Near Me
Std Treatment,Std Treatment Cost,Std Treatment Center,Std Treatment Center,Std Treatment Near Me
Sti Treatment,Sti Treatment Cost,Sti Treatment Center,Sti Treatment Center,Sti Treatment Near Me
Stiff Neck Treatment,Stiff Neck Treatment Cost,Stiff Neck Treatment Center,Stiff Neck Treatment Center,Stiff Neck Treatment Near Me
Stomach Cramps Treatment,Stomach Cramps Treatment Cost,Stomach Cramps Treatment Center,Stomach Cramps Treatment Center,Stomach Cramps Treatment Near Me
Stomach Flu Treatment,Stomach Flu Treatment Cost,Stomach Flu Treatment Center,Stomach Flu Treatment Center,Stomach Flu Treatment Near Me
Stomach Pain And Diarrhea Treatment,Stomach Pain And Diarrhea Treatment Cost,Stomach Pain And Diarrhea Treatment Center,Stomach Pain And Diarrhea Treatment Center,Stomach Pain And Diarrhea Treatment Near Me
Stomach Ulcer Treatment,Stomach Ulcer Treatment Cost,Stomach Ulcer Treatment Center,Stomach Ulcer Treatment Center,Stomach Ulcer Treatment Near Me
Strep Throat Treatment,Strep Throat Treatment Cost,Strep Throat Treatment Center,Strep Throat Treatment Center,Strep Throat Treatment Near Me
Stretch Marks Treatment,Stretch Marks Treatment Cost,Stretch Marks Treatment Center,Stretch Marks Treatment Center,Stretch Marks Treatment Near Me
Stroke Treatment,Stroke Treatment Cost,Stroke Treatment Center,Stroke Treatment Center,Stroke Treatment Near Me
Sunburn Treatment,Sunburn Treatment Cost,Sunburn Treatment Center,Sunburn Treatment Center,Sunburn Treatment Near Me
Svt Treatment,Svt Treatment Cost,Svt Treatment Center,Svt Treatment Center,Svt Treatment Near Me
Swimmer'S Ear Treatment,Swimmer'S Ear Treatment Cost,Swimmer'S Ear Treatment Center,Swimmer'S Ear Treatment Center,Swimmer'S Ear Treatment Near Me
Swollen Eyelid Treatment,Swollen Eyelid Treatment Cost,Swollen Eyelid Treatment Center,Swollen Eyelid Treatment Center,Swollen Eyelid Treatment Near Me
Swollen Feet Treatment,Swollen Feet Treatment Cost,Swollen Feet Treatment Center,Swollen Feet Treatment Center,Swollen Feet Treatment Near Me
Swollen Gums Treatment,Swollen Gums Treatment Cost,Swollen Gums Treatment Center,Swollen Gums Treatment Center,Swollen Gums Treatment Near Me
Swollen Legs Treatment,Swollen Legs Treatment Cost,Swollen Legs Treatment Center,Swollen Legs Treatment Center,Swollen Legs Treatment Near Me
Swollen Lymph Nodes Treatment,Swollen Lymph Nodes Treatment Cost,Swollen Lymph Nodes Treatment Center,Swollen Lymph Nodes Treatment Center,Swollen Lymph Nodes Treatment Near Me
Syphilis Treatment,Syphilis Treatment Cost,Syphilis Treatment Center,Syphilis Treatment Center,Syphilis Treatment Near Me
Tachycardia Treatment,Tachycardia Treatment Cost,Tachycardia Treatment Center,Tachycardia Treatment Center,Tachycardia Treatment Near Me
Tardive Dyskinesia Treatment,Tardive Dyskinesia Treatment Cost,Tardive Dyskinesia Treatment Center,Tardive Dyskinesia Treatment Center,Tardive Dyskinesia Treatment Near Me
Tb Symptoms And Treatment,Tb Symptoms And Treatment Cost,Tb Symptoms And Treatment Center,Tb Symptoms And Treatment Center,Tb Symptoms And Treatment Near Me
Tb Treatment,Tb Treatment Cost,Tb Treatment Center,Tb Treatment Center,Tb Treatment Near Me
Tendonitis Treatment,Tendonitis Treatment Cost,Tendonitis Treatment Center,Tendonitis Treatment Center,Tendonitis Treatment Near Me
Tennis Elbow Treatment,Tennis Elbow Treatment Cost,Tennis Elbow Treatment Center,Tennis Elbow Treatment Center,Tennis Elbow Treatment Near Me
Tension Headache Treatment,Tension Headache Treatment Cost,Tension Headache Treatment Center,Tension Headache Treatment Center,Tension Headache Treatment Near Me
Testicular Cancer Treatment,Testicular Cancer Treatment Cost,Testicular Cancer Treatment Center,Testicular Cancer Treatment Center,Testicular Cancer Treatment Near Me
Testosterone Treatment,Testosterone Treatment Cost,Testosterone Treatment Center,Testosterone Treatment Center,Testosterone Treatment Near Me
Tetanus Treatment,Tetanus Treatment Cost,Tetanus Treatment Center,Tetanus Treatment Center,Tetanus Treatment Near Me
Thalassemia Treatment,Thalassemia Treatment Cost,Thalassemia Treatment Center,Thalassemia Treatment Center,Thalassemia Treatment Near Me
Throat Infection Treatment,Throat Infection Treatment Cost,Throat Infection Treatment Center,Throat Infection Treatment Center,Throat Infection Treatment Near Me
Thrombocytopenia Treatment,Thrombocytopenia Treatment Cost,Thrombocytopenia Treatment Center,Thrombocytopenia Treatment Center,Thrombocytopenia Treatment Near Me
Thrush Treatment,Thrush Treatment Cost,Thrush Treatment Center,Thrush Treatment Center,Thrush Treatment Near Me
Thyroid Cancer Treatment,Thyroid Cancer Treatment Cost,Thyroid Cancer Treatment Center,Thyroid Cancer Treatment Center,Thyroid Cancer Treatment Near Me
Thyroid Treatment,Thyroid Treatment Cost,Thyroid Treatment Center,Thyroid Treatment Center,Thyroid Treatment Near Me
Tick Bite Treatment,Tick Bite Treatment Cost,Tick Bite Treatment Center,Tick Bite Treatment Center,Tick Bite Treatment Near Me
Tinea Capitis Treatment,Tinea Capitis Treatment Cost,Tinea Capitis Treatment Center,Tinea Capitis Treatment Center,Tinea Capitis Treatment Near Me
Tinea Corporis Treatment,Tinea Corporis Treatment Cost,Tinea Corporis Treatment Center,Tinea Corporis Treatment Center,Tinea Corporis Treatment Near Me
Tinea Cruris Treatment,Tinea Cruris Treatment Cost,Tinea Cruris Treatment Center,Tinea Cruris Treatment Center,Tinea Cruris Treatment Near Me
Tinea Versicolor Treatment,Tinea Versicolor Treatment Cost,Tinea Versicolor Treatment Center,Tinea Versicolor Treatment Center,Tinea Versicolor Treatment Near Me
Tinnitus Treatment,Tinnitus Treatment Cost,Tinnitus Treatment Center,Tinnitus Treatment Center,Tinnitus Treatment Near Me
Tmj Treatment,Tmj Treatment Cost,Tmj Treatment Center,Tmj Treatment Center,Tmj Treatment Near Me
Toe Fungus Treatment,Toe Fungus Treatment Cost,Toe Fungus Treatment Center,Toe Fungus Treatment Center,Toe Fungus Treatment Near Me
Toenail Fungus Treatment,Toenail Fungus Treatment Cost,Toenail Fungus Treatment Center,Toenail Fungus Treatment Center,Toenail Fungus Treatment Near Me
Tongue Ulcer Treatment,Tongue Ulcer Treatment Cost,Tongue Ulcer Treatment Center,Tongue Ulcer Treatment Center,Tongue Ulcer Treatment Near Me
Tonsillitis Treatment,Tonsillitis Treatment Cost,Tonsillitis Treatment Center,Tonsillitis Treatment Center,Tonsillitis Treatment Near Me
Tooth Abscess Swollen Cheek Treatment,Tooth Abscess Swollen Cheek Treatment Cost,Tooth Abscess Swollen Cheek Treatment Center,Tooth Abscess Swollen Cheek Treatment Center,Tooth Abscess Swollen Cheek Treatment Near Me
Tooth Abscess Treatment,Tooth Abscess Treatment Cost,Tooth Abscess Treatment Center,Tooth Abscess Treatment Center,Tooth Abscess Treatment Near Me
Tooth Decay Treatment,Tooth Decay Treatment Cost,Tooth Decay Treatment Center,Tooth Decay Treatment Center,Tooth Decay Treatment Near Me
Torn Meniscus Treatment,Torn Meniscus Treatment Cost,Torn Meniscus Treatment Center,Torn Meniscus Treatment Center,Torn Meniscus Treatment Near Me
Toxoplasmosis Treatment,Toxoplasmosis Treatment Cost,Toxoplasmosis Treatment Center,Toxoplasmosis Treatment Center,Toxoplasmosis Treatment Near Me
Treatment,Treatment Cost,Treatment Center,Treatment Center,Treatment Near Me
Trichomoniasis Treatment,Trichomoniasis Treatment Cost,Trichomoniasis Treatment Center,Trichomoniasis Treatment Center,Trichomoniasis Treatment Near Me
Trichotillomania Treatment,Trichotillomania Treatment Cost,Trichotillomania Treatment Center,Trichotillomania Treatment Center,Trichotillomania Treatment Near Me
Trigeminal Neuralgia Treatment,Trigeminal Neuralgia Treatment Cost,Trigeminal Neuralgia Treatment Center,Trigeminal Neuralgia Treatment Center,Trigeminal Neuralgia Treatment Near Me
Trigger Finger Treatment,Trigger Finger Treatment Cost,Trigger Finger Treatment Center,Trigger Finger Treatment Center,Trigger Finger Treatment Near Me
Tuberculosis Treatment,Tuberculosis Treatment Cost,Tuberculosis Treatment Center,Tuberculosis Treatment Center,Tuberculosis Treatment Near Me
Type 1 Diabetes Treatment,Type 1 Diabetes Treatment Cost,Type 1 Diabetes Treatment Center,Type 1 Diabetes Treatment Center,Type 1 Diabetes Treatment Near Me
Type 2 Diabetes Treatment,Type 2 Diabetes Treatment Cost,Type 2 Diabetes Treatment Center,Type 2 Diabetes Treatment Center,Type 2 Diabetes Treatment Near Me
Typhoid Fever Treatment,Typhoid Fever Treatment Cost,Typhoid Fever Treatment Center,Typhoid Fever Treatment Center,Typhoid Fever Treatment Near Me
Typhoid Treatment,Typhoid Treatment Cost,Typhoid Treatment Center,Typhoid Treatment Center,Typhoid Treatment Near Me
Ulcer Treatment,Ulcer Treatment Cost,Ulcer Treatment Center,Ulcer Treatment Center,Ulcer Treatment Near Me
Ulcerative Colitis Treatment,Ulcerative Colitis Treatment Cost,Ulcerative Colitis Treatment Center,Ulcerative Colitis Treatment Center,Ulcerative Colitis Treatment Near Me
Uric Acid Treatment,Uric Acid Treatment Cost,Uric Acid Treatment Center,Uric Acid Treatment Center,Uric Acid Treatment Near Me
Urinary Incontinence Treatment,Urinary Incontinence Treatment Cost,Urinary Incontinence Treatment Center,Urinary Incontinence Treatment Center,Urinary Incontinence Treatment Near Me
Urinary Tract Infection Treatment,Urinary Tract Infection Treatment Cost,Urinary Tract Infection Treatment Center,Urinary Tract Infection Treatment Center,Urinary Tract Infection Treatment Near Me
Urine Infection Treatment,Urine Infection Treatment Cost,Urine Infection Treatment Center,Urine Infection Treatment Center,Urine Infection Treatment Near Me
Urticaria Treatment,Urticaria Treatment Cost,Urticaria Treatment Center,Urticaria Treatment Center,Urticaria Treatment Near Me
Uti Treatment,Uti Treatment Cost,Uti Treatment Center,Uti Treatment Center,Uti Treatment Near Me
Vaginal Yeast Infection Treatment,Vaginal Yeast Infection Treatment Cost,Vaginal Yeast Infection Treatment Center,Vaginal Yeast Infection Treatment Center,Vaginal Yeast Infection Treatment Near Me
Vaginitis Treatment,Vaginitis Treatment Cost,Vaginitis Treatment Center,Vaginitis Treatment Center,Vaginitis Treatment Near Me
Varicocele Treatment,Varicocele Treatment Cost,Varicocele Treatment Center,Varicocele Treatment Center,Varicocele Treatment Near Me
Varicose Veins Treatment,Varicose Veins Treatment Cost,Varicose Veins Treatment Center,Varicose Veins Treatment Center,Varicose Veins Treatment Near Me
Verruca Treatment,Verruca Treatment Cost,Verruca Treatment Center,Verruca Treatment Center,Verruca Treatment Near Me
Vertigo Treatment,Vertigo Treatment Cost,Vertigo Treatment Center,Vertigo Treatment Center,Vertigo Treatment Near Me
Viral Infection Treatment,Viral Infection Treatment Cost,Viral Infection Treatment Center,Viral Infection Treatment Center,Viral Infection Treatment Near Me
Vitiligo Treatment,Vitiligo Treatment Cost,Vitiligo Treatment Center,Vitiligo Treatment Center,Vitiligo Treatment Near Me
Vomiting Treatment,Vomiting Treatment Cost,Vomiting Treatment Center,Vomiting Treatment Center,Vomiting Treatment Near Me
Wart Treatment,Wart Treatment Cost,Wart Treatment Center,Wart Treatment Center,Wart Treatment Near Me
Wasp Sting Treatment,Wasp Sting Treatment Cost,Wasp Sting Treatment Center,Wasp Sting Treatment Center,Wasp Sting Treatment Near Me
White Discharge Treatment,White Discharge Treatment Cost,White Discharge Treatment Center,White Discharge Treatment Center,White Discharge Treatment Near Me
Yeast Infection Treatment,Yeast Infection Treatment Cost,Yeast Infection Treatment Center,Yeast Infection Treatment Center,Yeast Infection Treatment Near Me
