name,treatment,diagnosis,cure,test
Tuberculosis Is A Bacterial Disease,Tuberculosis Is A Bacterial Disease Treatment,Tuberculosis Is A Bacterial Disease Diagnosis,Tuberculosis Is A Bacterial Disease Cure,Tuberculosis Is A Bacterial Disease Test
Diagnostic Test For Tuberculosis Does Not Include,Diagnostic Test For Tuberculosis Does Not Include Treatment,Diagnostic Test For Tuberculosis Does Not Include Diagnosis,Diagnostic Test For Tuberculosis Does Not Include Cure,Diagnostic Test For Tuberculosis Does Not Include Test
World Tuberculosis Day 2021,World Tuberculosis Day 2021 Treatment,World Tuberculosis Day 2021 Diagnosis,World Tuberculosis Day 2021 Cure,World Tuberculosis Day 2021 Test
Signs Of Tuberculosis In Throat,Signs Of Tuberculosis In Throat Treatment,Signs Of Tuberculosis In Throat Diagnosis,Signs Of Tuberculosis In Throat Cure,Signs Of Tuberculosis In Throat Test
Tuberculosis Is Transmitted By,Tuberculosis Is Transmitted By Treatment,Tuberculosis Is Transmitted By Diagnosis,Tuberculosis Is Transmitted By Cure,Tuberculosis Is Transmitted By Test
Latent Tuberculosis Infection,Latent Tuberculosis Infection Treatment,Latent Tuberculosis Infection Diagnosis,Latent Tuberculosis Infection Cure,Latent Tuberculosis Infection Test
Mycoplasma Tuberculosis,Mycoplasma Tuberculosis Treatment,Mycoplasma Tuberculosis Diagnosis,Mycoplasma Tuberculosis Cure,Mycoplasma Tuberculosis Test
Elephant Tuberculosis,Elephant Tuberculosis Treatment,Elephant Tuberculosis Diagnosis,Elephant Tuberculosis Cure,Elephant Tuberculosis Test
Ileocecal Tuberculosis,Ileocecal Tuberculosis Treatment,Ileocecal Tuberculosis Diagnosis,Ileocecal Tuberculosis Cure,Ileocecal Tuberculosis Test
Tuberculosis Cough,Tuberculosis Cough Treatment,Tuberculosis Cough Diagnosis,Tuberculosis Cough Cure,Tuberculosis Cough Test
About Tuberculosis,About Tuberculosis Treatment,About Tuberculosis Diagnosis,About Tuberculosis Cure,About Tuberculosis Test
Latent Tuberculosis Treatment,Latent Tuberculosis Treatment Treatment,Latent Tuberculosis Treatment Diagnosis,Latent Tuberculosis Treatment Cure,Latent Tuberculosis Treatment Test
Mtb Tuberculosis,Mtb Tuberculosis Treatment,Mtb Tuberculosis Diagnosis,Mtb Tuberculosis Cure,Mtb Tuberculosis Test
Peritoneal Tuberculosis,Peritoneal Tuberculosis Treatment,Peritoneal Tuberculosis Diagnosis,Peritoneal Tuberculosis Cure,Peritoneal Tuberculosis Test
Baar Tuberculosis,Baar Tuberculosis Treatment,Baar Tuberculosis Diagnosis,Baar Tuberculosis Cure,Baar Tuberculosis Test
Tuberculosis Is A Disease Caused By,Tuberculosis Is A Disease Caused By Treatment,Tuberculosis Is A Disease Caused By Diagnosis,Tuberculosis Is A Disease Caused By Cure,Tuberculosis Is A Disease Caused By Test
Pulmonary Tuberculosis Diagnosis,Pulmonary Tuberculosis Diagnosis Treatment,Pulmonary Tuberculosis Diagnosis Diagnosis,Pulmonary Tuberculosis Diagnosis Cure,Pulmonary Tuberculosis Diagnosis Test
Gastrointestinal Tuberculosis,Gastrointestinal Tuberculosis Treatment,Gastrointestinal Tuberculosis Diagnosis,Gastrointestinal Tuberculosis Cure,Gastrointestinal Tuberculosis Test
Pleural Tuberculosis,Pleural Tuberculosis Treatment,Pleural Tuberculosis Diagnosis,Pleural Tuberculosis Cure,Pleural Tuberculosis Test
Ocular Tuberculosis,Ocular Tuberculosis Treatment,Ocular Tuberculosis Diagnosis,Ocular Tuberculosis Cure,Ocular Tuberculosis Test
Paano Nakakahawa Ang Tuberculosis,Paano Nakakahawa Ang Tuberculosis Treatment,Paano Nakakahawa Ang Tuberculosis Diagnosis,Paano Nakakahawa Ang Tuberculosis Cure,Paano Nakakahawa Ang Tuberculosis Test
Spinal Tuberculosis Treatment,Spinal Tuberculosis Treatment Treatment,Spinal Tuberculosis Treatment Diagnosis,Spinal Tuberculosis Treatment Cure,Spinal Tuberculosis Treatment Test
Gamot Sa Tuberculosis,Gamot Sa Tuberculosis Treatment,Gamot Sa Tuberculosis Diagnosis,Gamot Sa Tuberculosis Cure,Gamot Sa Tuberculosis Test
Genitourinary Tuberculosis,Genitourinary Tuberculosis Treatment,Genitourinary Tuberculosis Diagnosis,Genitourinary Tuberculosis Cure,Genitourinary Tuberculosis Test
Mycobacterium Tuberculosis Disease,Mycobacterium Tuberculosis Disease Treatment,Mycobacterium Tuberculosis Disease Diagnosis,Mycobacterium Tuberculosis Disease Cure,Mycobacterium Tuberculosis Disease Test
Mycobacterium Tuberculosis Causes,Mycobacterium Tuberculosis Causes Treatment,Mycobacterium Tuberculosis Causes Diagnosis,Mycobacterium Tuberculosis Causes Cure,Mycobacterium Tuberculosis Causes Test
Signs And Symptoms Of Pulmonary Tuberculosis,Signs And Symptoms Of Pulmonary Tuberculosis Treatment,Signs And Symptoms Of Pulmonary Tuberculosis Diagnosis,Signs And Symptoms Of Pulmonary Tuberculosis Cure,Signs And Symptoms Of Pulmonary Tuberculosis Test
Tuberculosis Is Which Type Of Disease,Tuberculosis Is Which Type Of Disease Treatment,Tuberculosis Is Which Type Of Disease Diagnosis,Tuberculosis Is Which Type Of Disease Cure,Tuberculosis Is Which Type Of Disease Test
Tuberculosis In Pregnancy,Tuberculosis In Pregnancy Treatment,Tuberculosis In Pregnancy Diagnosis,Tuberculosis In Pregnancy Cure,Tuberculosis In Pregnancy Test
Avian Tuberculosis,Avian Tuberculosis Treatment,Avian Tuberculosis Diagnosis,Avian Tuberculosis Cure,Avian Tuberculosis Test
Mycobacterium Tuberculosis Transmission,Mycobacterium Tuberculosis Transmission Treatment,Mycobacterium Tuberculosis Transmission Diagnosis,Mycobacterium Tuberculosis Transmission Cure,Mycobacterium Tuberculosis Transmission Test
Koch Tuberculosis,Koch Tuberculosis Treatment,Koch Tuberculosis Diagnosis,Koch Tuberculosis Cure,Koch Tuberculosis Test
Ano Ang Tuberculosis,Ano Ang Tuberculosis Treatment,Ano Ang Tuberculosis Diagnosis,Ano Ang Tuberculosis Cure,Ano Ang Tuberculosis Test
Tuberculosis Symptoms In Hindi,Tuberculosis Symptoms In Hindi Treatment,Tuberculosis Symptoms In Hindi Diagnosis,Tuberculosis Symptoms In Hindi Cure,Tuberculosis Symptoms In Hindi Test
Tuberculosis Is Transmitted Through,Tuberculosis Is Transmitted Through Treatment,Tuberculosis Is Transmitted Through Diagnosis,Tuberculosis Is Transmitted Through Cure,Tuberculosis Is Transmitted Through Test
Sign Of Tuberculosis Symptoms,Sign Of Tuberculosis Symptoms Treatment,Sign Of Tuberculosis Symptoms Diagnosis,Sign Of Tuberculosis Symptoms Cure,Sign Of Tuberculosis Symptoms Test
Robert Koch Tuberculosis,Robert Koch Tuberculosis Treatment,Robert Koch Tuberculosis Diagnosis,Robert Koch Tuberculosis Cure,Robert Koch Tuberculosis Test
Symptoms Of Tuberculosis Disease,Symptoms Of Tuberculosis Disease Treatment,Symptoms Of Tuberculosis Disease Diagnosis,Symptoms Of Tuberculosis Disease Cure,Symptoms Of Tuberculosis Disease Test
Intestinal Tuberculosis Treatment,Intestinal Tuberculosis Treatment Treatment,Intestinal Tuberculosis Treatment Diagnosis,Intestinal Tuberculosis Treatment Cure,Intestinal Tuberculosis Treatment Test
Dormant Tuberculosis,Dormant Tuberculosis Treatment,Dormant Tuberculosis Diagnosis,Dormant Tuberculosis Cure,Dormant Tuberculosis Test
Nakakahawa Ba Ang Tuberculosis,Nakakahawa Ba Ang Tuberculosis Treatment,Nakakahawa Ba Ang Tuberculosis Diagnosis,Nakakahawa Ba Ang Tuberculosis Cure,Nakakahawa Ba Ang Tuberculosis Test
Tuberculosis Is Caused By Dash,Tuberculosis Is Caused By Dash Treatment,Tuberculosis Is Caused By Dash Diagnosis,Tuberculosis Is Caused By Dash Cure,Tuberculosis Is Caused By Dash Test
Lymph Node Tuberculosis Symptoms,Lymph Node Tuberculosis Symptoms Treatment,Lymph Node Tuberculosis Symptoms Diagnosis,Lymph Node Tuberculosis Symptoms Cure,Lymph Node Tuberculosis Symptoms Test
Miliary Tuberculosis Symptoms,Miliary Tuberculosis Symptoms Treatment,Miliary Tuberculosis Symptoms Diagnosis,Miliary Tuberculosis Symptoms Cure,Miliary Tuberculosis Symptoms Test
Ape Tuberculosis,Ape Tuberculosis Treatment,Ape Tuberculosis Diagnosis,Ape Tuberculosis Cure,Ape Tuberculosis Test
Control Of Tuberculosis,Control Of Tuberculosis Treatment,Control Of Tuberculosis Diagnosis,Control Of Tuberculosis Cure,Control Of Tuberculosis Test
Tuberculosis Description,Tuberculosis Description Treatment,Tuberculosis Description Diagnosis,Tuberculosis Description Cure,Tuberculosis Description Test
Vaccine Against Tuberculosis,Vaccine Against Tuberculosis Treatment,Vaccine Against Tuberculosis Diagnosis,Vaccine Against Tuberculosis Cure,Vaccine Against Tuberculosis Test
Red Tuberculosis Test,Red Tuberculosis Test Treatment,Red Tuberculosis Test Diagnosis,Red Tuberculosis Test Cure,Red Tuberculosis Test Test
Hrze Tuberculosis,Hrze Tuberculosis Treatment,Hrze Tuberculosis Diagnosis,Hrze Tuberculosis Cure,Hrze Tuberculosis Test
Tuberculosis In Tamil,Tuberculosis In Tamil Treatment,Tuberculosis In Tamil Diagnosis,Tuberculosis In Tamil Cure,Tuberculosis In Tamil Test
Tst Tuberculosis,Tst Tuberculosis Treatment,Tst Tuberculosis Diagnosis,Tst Tuberculosis Cure,Tst Tuberculosis Test
Types Of Pulmonary Tuberculosis,Types Of Pulmonary Tuberculosis Treatment,Types Of Pulmonary Tuberculosis Diagnosis,Types Of Pulmonary Tuberculosis Cure,Types Of Pulmonary Tuberculosis Test
Cure For Tuberculosis Year,Cure For Tuberculosis Year Treatment,Cure For Tuberculosis Year Diagnosis,Cure For Tuberculosis Year Cure,Cure For Tuberculosis Year Test
Spinal Tuberculosis Symptoms And Treatment,Spinal Tuberculosis Symptoms And Treatment Treatment,Spinal Tuberculosis Symptoms And Treatment Diagnosis,Spinal Tuberculosis Symptoms And Treatment Cure,Spinal Tuberculosis Symptoms And Treatment Test
Non Tuberculosis Mycobacterium Treatment,Non Tuberculosis Mycobacterium Treatment Treatment,Non Tuberculosis Mycobacterium Treatment Diagnosis,Non Tuberculosis Mycobacterium Treatment Cure,Non Tuberculosis Mycobacterium Treatment Test
Tuberculosis Pneumonia,Tuberculosis Pneumonia Treatment,Tuberculosis Pneumonia Diagnosis,Tuberculosis Pneumonia Cure,Tuberculosis Pneumonia Test
Inactive Tuberculosis,Inactive Tuberculosis Treatment,Inactive Tuberculosis Diagnosis,Inactive Tuberculosis Cure,Inactive Tuberculosis Test
Primary Pulmonary Tuberculosis,Primary Pulmonary Tuberculosis Treatment,Primary Pulmonary Tuberculosis Diagnosis,Primary Pulmonary Tuberculosis Cure,Primary Pulmonary Tuberculosis Test
Afb Tuberculosis,Afb Tuberculosis Treatment,Afb Tuberculosis Diagnosis,Afb Tuberculosis Cure,Afb Tuberculosis Test
Paano Ba Nakakahawa Ang Tuberculosis,Paano Ba Nakakahawa Ang Tuberculosis Treatment,Paano Ba Nakakahawa Ang Tuberculosis Diagnosis,Paano Ba Nakakahawa Ang Tuberculosis Cure,Paano Ba Nakakahawa Ang Tuberculosis Test
Effects Of Bone Tuberculosis,Effects Of Bone Tuberculosis Treatment,Effects Of Bone Tuberculosis Diagnosis,Effects Of Bone Tuberculosis Cure,Effects Of Bone Tuberculosis Test
Laryngeal Tuberculosis,Laryngeal Tuberculosis Treatment,Laryngeal Tuberculosis Diagnosis,Laryngeal Tuberculosis Cure,Laryngeal Tuberculosis Test
Mycobacterium Tuberculosis Symptoms,Mycobacterium Tuberculosis Symptoms Treatment,Mycobacterium Tuberculosis Symptoms Diagnosis,Mycobacterium Tuberculosis Symptoms Cure,Mycobacterium Tuberculosis Symptoms Test
Tuberculosis Español,Tuberculosis Español Treatment,Tuberculosis Español Diagnosis,Tuberculosis Español Cure,Tuberculosis Español Test
Tuberculosis Prognosis,Tuberculosis Prognosis Treatment,Tuberculosis Prognosis Diagnosis,Tuberculosis Prognosis Cure,Tuberculosis Prognosis Test
Bovine Tuberculosis Symptoms,Bovine Tuberculosis Symptoms Treatment,Bovine Tuberculosis Symptoms Diagnosis,Bovine Tuberculosis Symptoms Cure,Bovine Tuberculosis Symptoms Test
Tuberculosis Treatment Side Effects,Tuberculosis Treatment Side Effects Treatment,Tuberculosis Treatment Side Effects Diagnosis,Tuberculosis Treatment Side Effects Cure,Tuberculosis Treatment Side Effects Test
Lymph Node Tuberculosis Treatment,Lymph Node Tuberculosis Treatment Treatment,Lymph Node Tuberculosis Treatment Diagnosis,Lymph Node Tuberculosis Treatment Cure,Lymph Node Tuberculosis Treatment Test
Primary Prevention Of Tuberculosis,Primary Prevention Of Tuberculosis Treatment,Primary Prevention Of Tuberculosis Diagnosis,Primary Prevention Of Tuberculosis Cure,Primary Prevention Of Tuberculosis Test
Paano Maiiwasan Ang Tuberculosis,Paano Maiiwasan Ang Tuberculosis Treatment,Paano Maiiwasan Ang Tuberculosis Diagnosis,Paano Maiiwasan Ang Tuberculosis Cure,Paano Maiiwasan Ang Tuberculosis Test
Cavitary Tuberculosis,Cavitary Tuberculosis Treatment,Cavitary Tuberculosis Diagnosis,Cavitary Tuberculosis Cure,Cavitary Tuberculosis Test
Bovine Tuberculosis In Humans,Bovine Tuberculosis In Humans Treatment,Bovine Tuberculosis In Humans Diagnosis,Bovine Tuberculosis In Humans Cure,Bovine Tuberculosis In Humans Test
Skeletal Tuberculosis,Skeletal Tuberculosis Treatment,Skeletal Tuberculosis Diagnosis,Skeletal Tuberculosis Cure,Skeletal Tuberculosis Test
Cns Tuberculosis,Cns Tuberculosis Treatment,Cns Tuberculosis Diagnosis,Cns Tuberculosis Cure,Cns Tuberculosis Test
Tuberculosis In Cattle,Tuberculosis In Cattle Treatment,Tuberculosis In Cattle Diagnosis,Tuberculosis In Cattle Cure,Tuberculosis In Cattle Test
Breast Tuberculosis,Breast Tuberculosis Treatment,Breast Tuberculosis Diagnosis,Breast Tuberculosis Cure,Breast Tuberculosis Test
Tuberculosis Screening Test,Tuberculosis Screening Test Treatment,Tuberculosis Screening Test Diagnosis,Tuberculosis Screening Test Cure,Tuberculosis Screening Test Test
Active Pulmonary Tuberculosis,Active Pulmonary Tuberculosis Treatment,Active Pulmonary Tuberculosis Diagnosis,Active Pulmonary Tuberculosis Cure,Active Pulmonary Tuberculosis Test
Tuberculosis Test Price,Tuberculosis Test Price Treatment,Tuberculosis Test Price Diagnosis,Tuberculosis Test Price Cure,Tuberculosis Test Price Test
Tuberculosis In English,Tuberculosis In English Treatment,Tuberculosis In English Diagnosis,Tuberculosis In English Cure,Tuberculosis In English Test
Tuberculosis In The 1800S,Tuberculosis In The 1800S Treatment,Tuberculosis In The 1800S Diagnosis,Tuberculosis In The 1800S Cure,Tuberculosis In The 1800S Test
Tuberculosis Is Spread By,Tuberculosis Is Spread By Treatment,Tuberculosis Is Spread By Diagnosis,Tuberculosis Is Spread By Cure,Tuberculosis Is Spread By Test
Tuberculosis Is Airborne Disease,Tuberculosis Is Airborne Disease Treatment,Tuberculosis Is Airborne Disease Diagnosis,Tuberculosis Is Airborne Disease Cure,Tuberculosis Is Airborne Disease Test
Hepatic Tuberculosis,Hepatic Tuberculosis Treatment,Hepatic Tuberculosis Diagnosis,Hepatic Tuberculosis Cure,Hepatic Tuberculosis Test
Differential Diagnosis Of Tuberculosis,Differential Diagnosis Of Tuberculosis Treatment,Differential Diagnosis Of Tuberculosis Diagnosis,Differential Diagnosis Of Tuberculosis Cure,Differential Diagnosis Of Tuberculosis Test
Extrapulmonary Tuberculosis Symptoms,Extrapulmonary Tuberculosis Symptoms Treatment,Extrapulmonary Tuberculosis Symptoms Diagnosis,Extrapulmonary Tuberculosis Symptoms Cure,Extrapulmonary Tuberculosis Symptoms Test
Atypical Tuberculosis,Atypical Tuberculosis Treatment,Atypical Tuberculosis Diagnosis,Atypical Tuberculosis Cure,Atypical Tuberculosis Test
Chronic Tuberculosis,Chronic Tuberculosis Treatment,Chronic Tuberculosis Diagnosis,Chronic Tuberculosis Cure,Chronic Tuberculosis Test
Joint Pain In Tuberculosis Treatment,Joint Pain In Tuberculosis Treatment Treatment,Joint Pain In Tuberculosis Treatment Diagnosis,Joint Pain In Tuberculosis Treatment Cure,Joint Pain In Tuberculosis Treatment Test
Tuberculosis Is Caused By A,Tuberculosis Is Caused By A Treatment,Tuberculosis Is Caused By A Diagnosis,Tuberculosis Is Caused By A Cure,Tuberculosis Is Caused By A Test
Ripe Tuberculosis,Ripe Tuberculosis Treatment,Ripe Tuberculosis Diagnosis,Ripe Tuberculosis Cure,Ripe Tuberculosis Test
Tuberculosis In Korean,Tuberculosis In Korean Treatment,Tuberculosis In Korean Diagnosis,Tuberculosis In Korean Cure,Tuberculosis In Korean Test
Primary And Secondary Tuberculosis,Primary And Secondary Tuberculosis Treatment,Primary And Secondary Tuberculosis Diagnosis,Primary And Secondary Tuberculosis Cure,Primary And Secondary Tuberculosis Test
Causes Of Abdominal Tuberculosis,Causes Of Abdominal Tuberculosis Treatment,Causes Of Abdominal Tuberculosis Diagnosis,Causes Of Abdominal Tuberculosis Cure,Causes Of Abdominal Tuberculosis Test
Gamot O Lunas Sa Tuberculosis,Gamot O Lunas Sa Tuberculosis Treatment,Gamot O Lunas Sa Tuberculosis Diagnosis,Gamot O Lunas Sa Tuberculosis Cure,Gamot O Lunas Sa Tuberculosis Test
Tuberculosis 2019,Tuberculosis 2019 Treatment,Tuberculosis 2019 Diagnosis,Tuberculosis 2019 Cure,Tuberculosis 2019 Test
Liver Tuberculosis,Liver Tuberculosis Treatment,Liver Tuberculosis Diagnosis,Liver Tuberculosis Cure,Liver Tuberculosis Test
Mycobacterium Tuberculosis Treatment,Mycobacterium Tuberculosis Treatment Treatment,Mycobacterium Tuberculosis Treatment Diagnosis,Mycobacterium Tuberculosis Treatment Cure,Mycobacterium Tuberculosis Treatment Test
Laboratory Diagnosis Of Pulmonary Tuberculosis,Laboratory Diagnosis Of Pulmonary Tuberculosis Treatment,Laboratory Diagnosis Of Pulmonary Tuberculosis Diagnosis,Laboratory Diagnosis Of Pulmonary Tuberculosis Cure,Laboratory Diagnosis Of Pulmonary Tuberculosis Test
Disease Caused By Mycobacterium Tuberculosis,Disease Caused By Mycobacterium Tuberculosis Treatment,Disease Caused By Mycobacterium Tuberculosis Diagnosis,Disease Caused By Mycobacterium Tuberculosis Cure,Disease Caused By Mycobacterium Tuberculosis Test
Endobronchial Tuberculosis,Endobronchial Tuberculosis Treatment,Endobronchial Tuberculosis Diagnosis,Endobronchial Tuberculosis Cure,Endobronchial Tuberculosis Test
Stomach Tuberculosis Symptoms,Stomach Tuberculosis Symptoms Treatment,Stomach Tuberculosis Symptoms Diagnosis,Stomach Tuberculosis Symptoms Cure,Stomach Tuberculosis Symptoms Test
Tuberculosis Fever,Tuberculosis Fever Treatment,Tuberculosis Fever Diagnosis,Tuberculosis Fever Cure,Tuberculosis Fever Test
Side Effects Of Tuberculosis,Side Effects Of Tuberculosis Treatment,Side Effects Of Tuberculosis Diagnosis,Side Effects Of Tuberculosis Cure,Side Effects Of Tuberculosis Test
Kidney Tuberculosis,Kidney Tuberculosis Treatment,Kidney Tuberculosis Diagnosis,Kidney Tuberculosis Cure,Kidney Tuberculosis Test
Miliary Tuberculosis Treatment,Miliary Tuberculosis Treatment Treatment,Miliary Tuberculosis Treatment Diagnosis,Miliary Tuberculosis Treatment Cure,Miliary Tuberculosis Treatment Test
Pediatric Tuberculosis,Pediatric Tuberculosis Treatment,Pediatric Tuberculosis Diagnosis,Pediatric Tuberculosis Cure,Pediatric Tuberculosis Test
Pediatric Tuberculosis Treatment,Pediatric Tuberculosis Treatment Treatment,Pediatric Tuberculosis Treatment Diagnosis,Pediatric Tuberculosis Treatment Cure,Pediatric Tuberculosis Treatment Test
Tuberculosis Rash,Tuberculosis Rash Treatment,Tuberculosis Rash Diagnosis,Tuberculosis Rash Cure,Tuberculosis Rash Test
Cervical Tuberculosis,Cervical Tuberculosis Treatment,Cervical Tuberculosis Diagnosis,Cervical Tuberculosis Cure,Cervical Tuberculosis Test
Tuberculosis Nhs,Tuberculosis Nhs Treatment,Tuberculosis Nhs Diagnosis,Tuberculosis Nhs Cure,Tuberculosis Nhs Test
Mycobacterium Tuberculosis Is Transmitted Via The,Mycobacterium Tuberculosis Is Transmitted Via The Treatment,Mycobacterium Tuberculosis Is Transmitted Via The Diagnosis,Mycobacterium Tuberculosis Is Transmitted Via The Cure,Mycobacterium Tuberculosis Is Transmitted Via The Test
Lung Tuberculosis Is Caused By,Lung Tuberculosis Is Caused By Treatment,Lung Tuberculosis Is Caused By Diagnosis,Lung Tuberculosis Is Caused By Cure,Lung Tuberculosis Is Caused By Test
Early Signs Of Tuberculosis,Early Signs Of Tuberculosis Treatment,Early Signs Of Tuberculosis Diagnosis,Early Signs Of Tuberculosis Cure,Early Signs Of Tuberculosis Test
Pulmonary Tuberculosis Transmission,Pulmonary Tuberculosis Transmission Treatment,Pulmonary Tuberculosis Transmission Diagnosis,Pulmonary Tuberculosis Transmission Cure,Pulmonary Tuberculosis Transmission Test
Tuberculosis In Neck Is It Contagious,Tuberculosis In Neck Is It Contagious Treatment,Tuberculosis In Neck Is It Contagious Diagnosis,Tuberculosis In Neck Is It Contagious Cure,Tuberculosis In Neck Is It Contagious Test
Cause Of Tuberculosis Bacteria,Cause Of Tuberculosis Bacteria Treatment,Cause Of Tuberculosis Bacteria Diagnosis,Cause Of Tuberculosis Bacteria Cure,Cause Of Tuberculosis Bacteria Test
Congenital Tuberculosis,Congenital Tuberculosis Treatment,Congenital Tuberculosis Diagnosis,Congenital Tuberculosis Cure,Congenital Tuberculosis Test
Mycobacterium Tuberculosis Bacteria,Mycobacterium Tuberculosis Bacteria Treatment,Mycobacterium Tuberculosis Bacteria Diagnosis,Mycobacterium Tuberculosis Bacteria Cure,Mycobacterium Tuberculosis Bacteria Test
Tuberculosis Spread Through,Tuberculosis Spread Through Treatment,Tuberculosis Spread Through Diagnosis,Tuberculosis Spread Through Cure,Tuberculosis Spread Through Test
Define Pulmonary Tuberculosis,Define Pulmonary Tuberculosis Treatment,Define Pulmonary Tuberculosis Diagnosis,Define Pulmonary Tuberculosis Cure,Define Pulmonary Tuberculosis Test
Intestinal Tuberculosis Causes,Intestinal Tuberculosis Causes Treatment,Intestinal Tuberculosis Causes Diagnosis,Intestinal Tuberculosis Causes Cure,Intestinal Tuberculosis Causes Test
Extra Pulmonary Tuberculosis Symptoms,Extra Pulmonary Tuberculosis Symptoms Treatment,Extra Pulmonary Tuberculosis Symptoms Diagnosis,Extra Pulmonary Tuberculosis Symptoms Cure,Extra Pulmonary Tuberculosis Symptoms Test
Ileocaecal Tuberculosis,Ileocaecal Tuberculosis Treatment,Ileocaecal Tuberculosis Diagnosis,Ileocaecal Tuberculosis Cure,Ileocaecal Tuberculosis Test
Information About Tuberculosis,Information About Tuberculosis Treatment,Information About Tuberculosis Diagnosis,Information About Tuberculosis Cure,Information About Tuberculosis Test
Sign And Symptoms Of Tuberculosis In English,Sign And Symptoms Of Tuberculosis In English Treatment,Sign And Symptoms Of Tuberculosis In English Diagnosis,Sign And Symptoms Of Tuberculosis In English Cure,Sign And Symptoms Of Tuberculosis In English Test
Abdominal Tuberculosis Treatment,Abdominal Tuberculosis Treatment Treatment,Abdominal Tuberculosis Treatment Diagnosis,Abdominal Tuberculosis Treatment Cure,Abdominal Tuberculosis Treatment Test
Acute Tuberculosis,Acute Tuberculosis Treatment,Acute Tuberculosis Diagnosis,Acute Tuberculosis Cure,Acute Tuberculosis Test
Renal Tuberculosis Symptoms,Renal Tuberculosis Symptoms Treatment,Renal Tuberculosis Symptoms Diagnosis,Renal Tuberculosis Symptoms Cure,Renal Tuberculosis Symptoms Test
Different Types Of Tuberculosis,Different Types Of Tuberculosis Treatment,Different Types Of Tuberculosis Diagnosis,Different Types Of Tuberculosis Cure,Different Types Of Tuberculosis Test
Tuberculosis Screening Near Me,Tuberculosis Screening Near Me Treatment,Tuberculosis Screening Near Me Diagnosis,Tuberculosis Screening Near Me Cure,Tuberculosis Screening Near Me Test
Signs And Symptoms Of Tuberculosis In Lungs,Signs And Symptoms Of Tuberculosis In Lungs Treatment,Signs And Symptoms Of Tuberculosis In Lungs Diagnosis,Signs And Symptoms Of Tuberculosis In Lungs Cure,Signs And Symptoms Of Tuberculosis In Lungs Test
Oral Tuberculosis,Oral Tuberculosis Treatment,Oral Tuberculosis Diagnosis,Oral Tuberculosis Cure,Oral Tuberculosis Test
Tuberculosis Stage 3 Treatment,Tuberculosis Stage 3 Treatment Treatment,Tuberculosis Stage 3 Treatment Diagnosis,Tuberculosis Stage 3 Treatment Cure,Tuberculosis Stage 3 Treatment Test
Sign Of Tuberculosis Cough,Sign Of Tuberculosis Cough Treatment,Sign Of Tuberculosis Cough Diagnosis,Sign Of Tuberculosis Cough Cure,Sign Of Tuberculosis Cough Test
Infiltrative Tuberculosis,Infiltrative Tuberculosis Treatment,Infiltrative Tuberculosis Diagnosis,Infiltrative Tuberculosis Cure,Infiltrative Tuberculosis Test
Pneumonia And Tuberculosis,Pneumonia And Tuberculosis Treatment,Pneumonia And Tuberculosis Diagnosis,Pneumonia And Tuberculosis Cure,Pneumonia And Tuberculosis Test
Extra Pulmonary Tuberculosis Treatment,Extra Pulmonary Tuberculosis Treatment Treatment,Extra Pulmonary Tuberculosis Treatment Diagnosis,Extra Pulmonary Tuberculosis Treatment Cure,Extra Pulmonary Tuberculosis Treatment Test
The Causative Of Tuberculosis Is,The Causative Of Tuberculosis Is Treatment,The Causative Of Tuberculosis Is Diagnosis,The Causative Of Tuberculosis Is Cure,The Causative Of Tuberculosis Is Test
Tuberculosis Symptoms Treatment And Prevention,Tuberculosis Symptoms Treatment And Prevention Treatment,Tuberculosis Symptoms Treatment And Prevention Diagnosis,Tuberculosis Symptoms Treatment And Prevention Cure,Tuberculosis Symptoms Treatment And Prevention Test
Ziehl Neelsen Tuberculosis,Ziehl Neelsen Tuberculosis Treatment,Ziehl Neelsen Tuberculosis Diagnosis,Ziehl Neelsen Tuberculosis Cure,Ziehl Neelsen Tuberculosis Test
Micro Bacteria Tuberculosis,Micro Bacteria Tuberculosis Treatment,Micro Bacteria Tuberculosis Diagnosis,Micro Bacteria Tuberculosis Cure,Micro Bacteria Tuberculosis Test
Fallopian Tube Blockage Due Tuberculosis,Fallopian Tube Blockage Due Tuberculosis Treatment,Fallopian Tube Blockage Due Tuberculosis Diagnosis,Fallopian Tube Blockage Due Tuberculosis Cure,Fallopian Tube Blockage Due Tuberculosis Test
Evening Fever In Tuberculosis,Evening Fever In Tuberculosis Treatment,Evening Fever In Tuberculosis Diagnosis,Evening Fever In Tuberculosis Cure,Evening Fever In Tuberculosis Test
Osteoarticular Tuberculosis,Osteoarticular Tuberculosis Treatment,Osteoarticular Tuberculosis Diagnosis,Osteoarticular Tuberculosis Cure,Osteoarticular Tuberculosis Test
Bcg Vaccine Tuberculosis,Bcg Vaccine Tuberculosis Treatment,Bcg Vaccine Tuberculosis Diagnosis,Bcg Vaccine Tuberculosis Cure,Bcg Vaccine Tuberculosis Test
The Pathogens That Cause Tuberculosis,The Pathogens That Cause Tuberculosis Treatment,The Pathogens That Cause Tuberculosis Diagnosis,The Pathogens That Cause Tuberculosis Cure,The Pathogens That Cause Tuberculosis Test
Types Of Mycobacterium Tuberculosis,Types Of Mycobacterium Tuberculosis Treatment,Types Of Mycobacterium Tuberculosis Diagnosis,Types Of Mycobacterium Tuberculosis Cure,Types Of Mycobacterium Tuberculosis Test
Intestinal Tuberculosis Diagnosis,Intestinal Tuberculosis Diagnosis Treatment,Intestinal Tuberculosis Diagnosis Diagnosis,Intestinal Tuberculosis Diagnosis Cure,Intestinal Tuberculosis Diagnosis Test
National Tuberculosis Day,National Tuberculosis Day Treatment,National Tuberculosis Day Diagnosis,National Tuberculosis Day Cure,National Tuberculosis Day Test
Early Symptoms Of Tuberculosis,Early Symptoms Of Tuberculosis Treatment,Early Symptoms Of Tuberculosis Diagnosis,Early Symptoms Of Tuberculosis Cure,Early Symptoms Of Tuberculosis Test
Benadon 40 Mg In Tuberculosis,Benadon 40 Mg In Tuberculosis Treatment,Benadon 40 Mg In Tuberculosis Diagnosis,Benadon 40 Mg In Tuberculosis Cure,Benadon 40 Mg In Tuberculosis Test
Tuberculosis Skin Test Near Me,Tuberculosis Skin Test Near Me Treatment,Tuberculosis Skin Test Near Me Diagnosis,Tuberculosis Skin Test Near Me Cure,Tuberculosis Skin Test Near Me Test
Tuberculosis Coughing Blood,Tuberculosis Coughing Blood Treatment,Tuberculosis Coughing Blood Diagnosis,Tuberculosis Coughing Blood Cure,Tuberculosis Coughing Blood Test
Asymptomatic Tuberculosis,Asymptomatic Tuberculosis Treatment,Asymptomatic Tuberculosis Diagnosis,Asymptomatic Tuberculosis Cure,Asymptomatic Tuberculosis Test
Tuberculosis In Telugu,Tuberculosis In Telugu Treatment,Tuberculosis In Telugu Diagnosis,Tuberculosis In Telugu Cure,Tuberculosis In Telugu Test
Brain Tuberculosis Symptoms,Brain Tuberculosis Symptoms Treatment,Brain Tuberculosis Symptoms Diagnosis,Brain Tuberculosis Symptoms Cure,Brain Tuberculosis Symptoms Test
Non Pulmonary Tuberculosis,Non Pulmonary Tuberculosis Treatment,Non Pulmonary Tuberculosis Diagnosis,Non Pulmonary Tuberculosis Cure,Non Pulmonary Tuberculosis Test
Tuberculosis Exposure,Tuberculosis Exposure Treatment,Tuberculosis Exposure Diagnosis,Tuberculosis Exposure Cure,Tuberculosis Exposure Test
Tuberculosis Is Infectious Disease,Tuberculosis Is Infectious Disease Treatment,Tuberculosis Is Infectious Disease Diagnosis,Tuberculosis Is Infectious Disease Cure,Tuberculosis Is Infectious Disease Test
Cb Naat Test For Tuberculosis,Cb Naat Test For Tuberculosis Treatment,Cb Naat Test For Tuberculosis Diagnosis,Cb Naat Test For Tuberculosis Cure,Cb Naat Test For Tuberculosis Test
Incidence Of Tuberculosis,Incidence Of Tuberculosis Treatment,Incidence Of Tuberculosis Diagnosis,Incidence Of Tuberculosis Cure,Incidence Of Tuberculosis Test
Mycobacterium Tuberculosis Treatment And Prevention,Mycobacterium Tuberculosis Treatment And Prevention Treatment,Mycobacterium Tuberculosis Treatment And Prevention Diagnosis,Mycobacterium Tuberculosis Treatment And Prevention Cure,Mycobacterium Tuberculosis Treatment And Prevention Test
The Cause Of Tuberculosis Is,The Cause Of Tuberculosis Is Treatment,The Cause Of Tuberculosis Is Diagnosis,The Cause Of Tuberculosis Is Cure,The Cause Of Tuberculosis Is Test
Lymph Node Tuberculosis Spread,Lymph Node Tuberculosis Spread Treatment,Lymph Node Tuberculosis Spread Diagnosis,Lymph Node Tuberculosis Spread Cure,Lymph Node Tuberculosis Spread Test
Gland Tuberculosis,Gland Tuberculosis Treatment,Gland Tuberculosis Diagnosis,Gland Tuberculosis Cure,Gland Tuberculosis Test
Laboratory Diagnosis Of Mycobacterium Tuberculosis,Laboratory Diagnosis Of Mycobacterium Tuberculosis Treatment,Laboratory Diagnosis Of Mycobacterium Tuberculosis Diagnosis,Laboratory Diagnosis Of Mycobacterium Tuberculosis Cure,Laboratory Diagnosis Of Mycobacterium Tuberculosis Test
Abdominal Tuberculosis Diagnosis,Abdominal Tuberculosis Diagnosis Treatment,Abdominal Tuberculosis Diagnosis Diagnosis,Abdominal Tuberculosis Diagnosis Cure,Abdominal Tuberculosis Diagnosis Test
Multidrug Resistant Tuberculosis Treatment,Multidrug Resistant Tuberculosis Treatment Treatment,Multidrug Resistant Tuberculosis Treatment Diagnosis,Multidrug Resistant Tuberculosis Treatment Cure,Multidrug Resistant Tuberculosis Treatment Test
Types Of Extrapulmonary Tuberculosis,Types Of Extrapulmonary Tuberculosis Treatment,Types Of Extrapulmonary Tuberculosis Diagnosis,Types Of Extrapulmonary Tuberculosis Cure,Types Of Extrapulmonary Tuberculosis Test
Tuberculosis Prevention Vaccine,Tuberculosis Prevention Vaccine Treatment,Tuberculosis Prevention Vaccine Diagnosis,Tuberculosis Prevention Vaccine Cure,Tuberculosis Prevention Vaccine Test
Apa Itu Tuberculosis,Apa Itu Tuberculosis Treatment,Apa Itu Tuberculosis Diagnosis,Apa Itu Tuberculosis Cure,Apa Itu Tuberculosis Test
Secondary Prevention Of Tuberculosis,Secondary Prevention Of Tuberculosis Treatment,Secondary Prevention Of Tuberculosis Diagnosis,Secondary Prevention Of Tuberculosis Cure,Secondary Prevention Of Tuberculosis Test
Tuberculosis Nakakahawa Ba,Tuberculosis Nakakahawa Ba Treatment,Tuberculosis Nakakahawa Ba Diagnosis,Tuberculosis Nakakahawa Ba Cure,Tuberculosis Nakakahawa Ba Test
Testicular Tuberculosis,Testicular Tuberculosis Treatment,Testicular Tuberculosis Diagnosis,Testicular Tuberculosis Cure,Testicular Tuberculosis Test
Mycobacterium Tuberculosis Infection,Mycobacterium Tuberculosis Infection Treatment,Mycobacterium Tuberculosis Infection Diagnosis,Mycobacterium Tuberculosis Infection Cure,Mycobacterium Tuberculosis Infection Test
Tuberculosis En Español,Tuberculosis En Español Treatment,Tuberculosis En Español Diagnosis,Tuberculosis En Español Cure,Tuberculosis En Español Test
Ltbi Tuberculosis,Ltbi Tuberculosis Treatment,Ltbi Tuberculosis Diagnosis,Ltbi Tuberculosis Cure,Ltbi Tuberculosis Test
Confirmatory Test For Tuberculosis,Confirmatory Test For Tuberculosis Treatment,Confirmatory Test For Tuberculosis Diagnosis,Confirmatory Test For Tuberculosis Cure,Confirmatory Test For Tuberculosis Test
Bovine Tuberculosis Treatment,Bovine Tuberculosis Treatment Treatment,Bovine Tuberculosis Treatment Diagnosis,Bovine Tuberculosis Treatment Cure,Bovine Tuberculosis Treatment Test
Latent Tuberculosis Contagious,Latent Tuberculosis Contagious Treatment,Latent Tuberculosis Contagious Diagnosis,Latent Tuberculosis Contagious Cure,Latent Tuberculosis Contagious Test
Pulmonary Tuberculosis X Ray,Pulmonary Tuberculosis X Ray Treatment,Pulmonary Tuberculosis X Ray Diagnosis,Pulmonary Tuberculosis X Ray Cure,Pulmonary Tuberculosis X Ray Test
Cavernous Tuberculosis,Cavernous Tuberculosis Treatment,Cavernous Tuberculosis Diagnosis,Cavernous Tuberculosis Cure,Cavernous Tuberculosis Test
Mdr Tuberculosis Treatment,Mdr Tuberculosis Treatment Treatment,Mdr Tuberculosis Treatment Diagnosis,Mdr Tuberculosis Treatment Cure,Mdr Tuberculosis Treatment Test
Tuberculosis Cough Treatment,Tuberculosis Cough Treatment Treatment,Tuberculosis Cough Treatment Diagnosis,Tuberculosis Cough Treatment Cure,Tuberculosis Cough Treatment Test
Tuberculosis And Pregnancy,Tuberculosis And Pregnancy Treatment,Tuberculosis And Pregnancy Diagnosis,Tuberculosis And Pregnancy Cure,Tuberculosis And Pregnancy Test
Vaccine For Tuberculosis Is Known As,Vaccine For Tuberculosis Is Known As Treatment,Vaccine For Tuberculosis Is Known As Diagnosis,Vaccine For Tuberculosis Is Known As Cure,Vaccine For Tuberculosis Is Known As Test
Mild Tuberculosis,Mild Tuberculosis Treatment,Mild Tuberculosis Diagnosis,Mild Tuberculosis Cure,Mild Tuberculosis Test
Mac Tuberculosis,Mac Tuberculosis Treatment,Mac Tuberculosis Diagnosis,Mac Tuberculosis Cure,Mac Tuberculosis Test
Tuberculosis And Pneumonia Together,Tuberculosis And Pneumonia Together Treatment,Tuberculosis And Pneumonia Together Diagnosis,Tuberculosis And Pneumonia Together Cure,Tuberculosis And Pneumonia Together Test
Old Healed Tuberculosis,Old Healed Tuberculosis Treatment,Old Healed Tuberculosis Diagnosis,Old Healed Tuberculosis Cure,Old Healed Tuberculosis Test
Bone Tuberculosis Treatment,Bone Tuberculosis Treatment Treatment,Bone Tuberculosis Treatment Diagnosis,Bone Tuberculosis Treatment Cure,Bone Tuberculosis Treatment Test
Tuberculosis Causes Symptoms And Prevention,Tuberculosis Causes Symptoms And Prevention Treatment,Tuberculosis Causes Symptoms And Prevention Diagnosis,Tuberculosis Causes Symptoms And Prevention Cure,Tuberculosis Causes Symptoms And Prevention Test
Tuberculosis Complex,Tuberculosis Complex Treatment,Tuberculosis Complex Diagnosis,Tuberculosis Complex Cure,Tuberculosis Complex Test
Focal Tuberculosis,Focal Tuberculosis Treatment,Focal Tuberculosis Diagnosis,Focal Tuberculosis Cure,Focal Tuberculosis Test
Tuberculosis Clinic,Tuberculosis Clinic Treatment,Tuberculosis Clinic Diagnosis,Tuberculosis Clinic Cure,Tuberculosis Clinic Test
Urogenital Tuberculosis,Urogenital Tuberculosis Treatment,Urogenital Tuberculosis Diagnosis,Urogenital Tuberculosis Cure,Urogenital Tuberculosis Test
Causes Of Tuberculosis In Pregnancy,Causes Of Tuberculosis In Pregnancy Treatment,Causes Of Tuberculosis In Pregnancy Diagnosis,Causes Of Tuberculosis In Pregnancy Cure,Causes Of Tuberculosis In Pregnancy Test
Tertiary Prevention Of Tuberculosis,Tertiary Prevention Of Tuberculosis Treatment,Tertiary Prevention Of Tuberculosis Diagnosis,Tertiary Prevention Of Tuberculosis Cure,Tertiary Prevention Of Tuberculosis Test
Tuberculosis Airborne,Tuberculosis Airborne Treatment,Tuberculosis Airborne Diagnosis,Tuberculosis Airborne Cure,Tuberculosis Airborne Test
Urinary Tract Tuberculosis Symptoms,Urinary Tract Tuberculosis Symptoms Treatment,Urinary Tract Tuberculosis Symptoms Diagnosis,Urinary Tract Tuberculosis Symptoms Cure,Urinary Tract Tuberculosis Symptoms Test
Granulomatous Inflammation Tuberculosis,Granulomatous Inflammation Tuberculosis Treatment,Granulomatous Inflammation Tuberculosis Diagnosis,Granulomatous Inflammation Tuberculosis Cure,Granulomatous Inflammation Tuberculosis Test
Eye Tuberculosis,Eye Tuberculosis Treatment,Eye Tuberculosis Diagnosis,Eye Tuberculosis Cure,Eye Tuberculosis Test
Sanhi Ng Tuberculosis,Sanhi Ng Tuberculosis Treatment,Sanhi Ng Tuberculosis Diagnosis,Sanhi Ng Tuberculosis Cure,Sanhi Ng Tuberculosis Test
Extrapulmonary Tuberculosis Lymph Nodes,Extrapulmonary Tuberculosis Lymph Nodes Treatment,Extrapulmonary Tuberculosis Lymph Nodes Diagnosis,Extrapulmonary Tuberculosis Lymph Nodes Cure,Extrapulmonary Tuberculosis Lymph Nodes Test
Tuberculosis Therapy,Tuberculosis Therapy Treatment,Tuberculosis Therapy Diagnosis,Tuberculosis Therapy Cure,Tuberculosis Therapy Test
Lymphatic Tuberculosis,Lymphatic Tuberculosis Treatment,Lymphatic Tuberculosis Diagnosis,Lymphatic Tuberculosis Cure,Lymphatic Tuberculosis Test
Tuberculosis Is Most Commonly Found In,Tuberculosis Is Most Commonly Found In Treatment,Tuberculosis Is Most Commonly Found In Diagnosis,Tuberculosis Is Most Commonly Found In Cure,Tuberculosis Is Most Commonly Found In Test
Abdominal Tuberculosis Types,Abdominal Tuberculosis Types Treatment,Abdominal Tuberculosis Types Diagnosis,Abdominal Tuberculosis Types Cure,Abdominal Tuberculosis Types Test
Urinary Tuberculosis,Urinary Tuberculosis Treatment,Urinary Tuberculosis Diagnosis,Urinary Tuberculosis Cure,Urinary Tuberculosis Test
Symptoms Of Active Tuberculosis Include,Symptoms Of Active Tuberculosis Include Treatment,Symptoms Of Active Tuberculosis Include Diagnosis,Symptoms Of Active Tuberculosis Include Cure,Symptoms Of Active Tuberculosis Include Test
Non Contagious Tuberculosis,Non Contagious Tuberculosis Treatment,Non Contagious Tuberculosis Diagnosis,Non Contagious Tuberculosis Cure,Non Contagious Tuberculosis Test
Tuberculosis Weight Loss,Tuberculosis Weight Loss Treatment,Tuberculosis Weight Loss Diagnosis,Tuberculosis Weight Loss Cure,Tuberculosis Weight Loss Test
Extra Pulmonary Tuberculosis Spread,Extra Pulmonary Tuberculosis Spread Treatment,Extra Pulmonary Tuberculosis Spread Diagnosis,Extra Pulmonary Tuberculosis Spread Cure,Extra Pulmonary Tuberculosis Spread Test
Tuberculosis Airborne Disease,Tuberculosis Airborne Disease Treatment,Tuberculosis Airborne Disease Diagnosis,Tuberculosis Airborne Disease Cure,Tuberculosis Airborne Disease Test
Pleural Thickening Tuberculosis,Pleural Thickening Tuberculosis Treatment,Pleural Thickening Tuberculosis Diagnosis,Pleural Thickening Tuberculosis Cure,Pleural Thickening Tuberculosis Test
Joint Tuberculosis,Joint Tuberculosis Treatment,Joint Tuberculosis Diagnosis,Joint Tuberculosis Cure,Joint Tuberculosis Test
Etiology Of Pulmonary Tuberculosis,Etiology Of Pulmonary Tuberculosis Treatment,Etiology Of Pulmonary Tuberculosis Diagnosis,Etiology Of Pulmonary Tuberculosis Cure,Etiology Of Pulmonary Tuberculosis Test
Bawal Sa May Tuberculosis,Bawal Sa May Tuberculosis Treatment,Bawal Sa May Tuberculosis Diagnosis,Bawal Sa May Tuberculosis Cure,Bawal Sa May Tuberculosis Test
Tuberculosis Cancer,Tuberculosis Cancer Treatment,Tuberculosis Cancer Diagnosis,Tuberculosis Cancer Cure,Tuberculosis Cancer Test
Differential Diagnosis Of Tuberculosis And Pneumonia,Differential Diagnosis Of Tuberculosis And Pneumonia Treatment,Differential Diagnosis Of Tuberculosis And Pneumonia Diagnosis,Differential Diagnosis Of Tuberculosis And Pneumonia Cure,Differential Diagnosis Of Tuberculosis And Pneumonia Test
Typhoid And Tuberculosis Are Caused By,Typhoid And Tuberculosis Are Caused By Treatment,Typhoid And Tuberculosis Are Caused By Diagnosis,Typhoid And Tuberculosis Are Caused By Cure,Typhoid And Tuberculosis Are Caused By Test
Tuberculosis Is What Type Of Disease,Tuberculosis Is What Type Of Disease Treatment,Tuberculosis Is What Type Of Disease Diagnosis,Tuberculosis Is What Type Of Disease Cure,Tuberculosis Is What Type Of Disease Test
Spinal Tuberculosis Causes,Spinal Tuberculosis Causes Treatment,Spinal Tuberculosis Causes Diagnosis,Spinal Tuberculosis Causes Cure,Spinal Tuberculosis Causes Test
Colon Tuberculosis,Colon Tuberculosis Treatment,Colon Tuberculosis Diagnosis,Colon Tuberculosis Cure,Colon Tuberculosis Test
Fish Tuberculosis Symptoms,Fish Tuberculosis Symptoms Treatment,Fish Tuberculosis Symptoms Diagnosis,Fish Tuberculosis Symptoms Cure,Fish Tuberculosis Symptoms Test
Neck Tuberculosis,Neck Tuberculosis Treatment,Neck Tuberculosis Diagnosis,Neck Tuberculosis Cure,Neck Tuberculosis Test
Extrapulmonary Tuberculosis Treatment,Extrapulmonary Tuberculosis Treatment Treatment,Extrapulmonary Tuberculosis Treatment Diagnosis,Extrapulmonary Tuberculosis Treatment Cure,Extrapulmonary Tuberculosis Treatment Test
Mycobacterium Tuberculosis Diagnosis,Mycobacterium Tuberculosis Diagnosis Treatment,Mycobacterium Tuberculosis Diagnosis Diagnosis,Mycobacterium Tuberculosis Diagnosis Cure,Mycobacterium Tuberculosis Diagnosis Test
All About Tuberculosis,All About Tuberculosis Treatment,All About Tuberculosis Diagnosis,All About Tuberculosis Cure,All About Tuberculosis Test
Herbal Treatment For Tuberculosis,Herbal Treatment For Tuberculosis Treatment,Herbal Treatment For Tuberculosis Diagnosis,Herbal Treatment For Tuberculosis Cure,Herbal Treatment For Tuberculosis Test
Tuberculosis Microorganism,Tuberculosis Microorganism Treatment,Tuberculosis Microorganism Diagnosis,Tuberculosis Microorganism Cure,Tuberculosis Microorganism Test
Pathogen That Causes Tuberculosis,Pathogen That Causes Tuberculosis Treatment,Pathogen That Causes Tuberculosis Diagnosis,Pathogen That Causes Tuberculosis Cure,Pathogen That Causes Tuberculosis Test
Clofazimine Tuberculosis,Clofazimine Tuberculosis Treatment,Clofazimine Tuberculosis Diagnosis,Clofazimine Tuberculosis Cure,Clofazimine Tuberculosis Test
Tuberculosis Leprosy,Tuberculosis Leprosy Treatment,Tuberculosis Leprosy Diagnosis,Tuberculosis Leprosy Cure,Tuberculosis Leprosy Test
Primary Tuberculosis Symptoms,Primary Tuberculosis Symptoms Treatment,Primary Tuberculosis Symptoms Diagnosis,Primary Tuberculosis Symptoms Cure,Primary Tuberculosis Symptoms Test
Adrenal Tuberculosis,Adrenal Tuberculosis Treatment,Adrenal Tuberculosis Diagnosis,Adrenal Tuberculosis Cure,Adrenal Tuberculosis Test
Apa Itu Mycobacterium Tuberculosis,Apa Itu Mycobacterium Tuberculosis Treatment,Apa Itu Mycobacterium Tuberculosis Diagnosis,Apa Itu Mycobacterium Tuberculosis Cure,Apa Itu Mycobacterium Tuberculosis Test
Prevention Of Pulmonary Tuberculosis,Prevention Of Pulmonary Tuberculosis Treatment,Prevention Of Pulmonary Tuberculosis Diagnosis,Prevention Of Pulmonary Tuberculosis Cure,Prevention Of Pulmonary Tuberculosis Test
Mycobacterium Other Than Tuberculosis,Mycobacterium Other Than Tuberculosis Treatment,Mycobacterium Other Than Tuberculosis Diagnosis,Mycobacterium Other Than Tuberculosis Cure,Mycobacterium Other Than Tuberculosis Test
Tuberculosis Lung X Ray,Tuberculosis Lung X Ray Treatment,Tuberculosis Lung X Ray Diagnosis,Tuberculosis Lung X Ray Cure,Tuberculosis Lung X Ray Test
Anti Tuberculosis Treatment,Anti Tuberculosis Treatment Treatment,Anti Tuberculosis Treatment Diagnosis,Anti Tuberculosis Treatment Cure,Anti Tuberculosis Treatment Test
Prevention And Cure Of Tuberculosis,Prevention And Cure Of Tuberculosis Treatment,Prevention And Cure Of Tuberculosis Diagnosis,Prevention And Cure Of Tuberculosis Cure,Prevention And Cure Of Tuberculosis Test
Tuberculosis Caused By Smoking,Tuberculosis Caused By Smoking Treatment,Tuberculosis Caused By Smoking Diagnosis,Tuberculosis Caused By Smoking Cure,Tuberculosis Caused By Smoking Test
Transmission Prevention And Control Of Tuberculosis,Transmission Prevention And Control Of Tuberculosis Treatment,Transmission Prevention And Control Of Tuberculosis Diagnosis,Transmission Prevention And Control Of Tuberculosis Cure,Transmission Prevention And Control Of Tuberculosis Test
Xpert Tuberculosis,Xpert Tuberculosis Treatment,Xpert Tuberculosis Diagnosis,Xpert Tuberculosis Cure,Xpert Tuberculosis Test
Pulmonary And Extrapulmonary Tuberculosis,Pulmonary And Extrapulmonary Tuberculosis Treatment,Pulmonary And Extrapulmonary Tuberculosis Diagnosis,Pulmonary And Extrapulmonary Tuberculosis Cure,Pulmonary And Extrapulmonary Tuberculosis Test
Tuberculosis Plague,Tuberculosis Plague Treatment,Tuberculosis Plague Diagnosis,Tuberculosis Plague Cure,Tuberculosis Plague Test
Tuberculosis Gram,Tuberculosis Gram Treatment,Tuberculosis Gram Diagnosis,Tuberculosis Gram Cure,Tuberculosis Gram Test
Secondary Pulmonary Tuberculosis,Secondary Pulmonary Tuberculosis Treatment,Secondary Pulmonary Tuberculosis Diagnosis,Secondary Pulmonary Tuberculosis Cure,Secondary Pulmonary Tuberculosis Test
Mycobacterium Tuberculosis Vaccine,Mycobacterium Tuberculosis Vaccine Treatment,Mycobacterium Tuberculosis Vaccine Diagnosis,Mycobacterium Tuberculosis Vaccine Cure,Mycobacterium Tuberculosis Vaccine Test
Signs Of Pulmonary Tuberculosis,Signs Of Pulmonary Tuberculosis Treatment,Signs Of Pulmonary Tuberculosis Diagnosis,Signs Of Pulmonary Tuberculosis Cure,Signs Of Pulmonary Tuberculosis Test
Tuberculosis Worldwide,Tuberculosis Worldwide Treatment,Tuberculosis Worldwide Diagnosis,Tuberculosis Worldwide Cure,Tuberculosis Worldwide Test
Tuberculosis Medical Term,Tuberculosis Medical Term Treatment,Tuberculosis Medical Term Diagnosis,Tuberculosis Medical Term Cure,Tuberculosis Medical Term Test
Mycobacterium Tuberculosis Ziehl Neelsen,Mycobacterium Tuberculosis Ziehl Neelsen Treatment,Mycobacterium Tuberculosis Ziehl Neelsen Diagnosis,Mycobacterium Tuberculosis Ziehl Neelsen Cure,Mycobacterium Tuberculosis Ziehl Neelsen Test
Positive Tuberculosis,Positive Tuberculosis Treatment,Positive Tuberculosis Diagnosis,Positive Tuberculosis Cure,Positive Tuberculosis Test
Tuberculosis Infectious,Tuberculosis Infectious Treatment,Tuberculosis Infectious Diagnosis,Tuberculosis Infectious Cure,Tuberculosis Infectious Test
Spinal Tuberculosis Contagious,Spinal Tuberculosis Contagious Treatment,Spinal Tuberculosis Contagious Diagnosis,Spinal Tuberculosis Contagious Cure,Spinal Tuberculosis Contagious Test
Resistant Tuberculosis,Resistant Tuberculosis Treatment,Resistant Tuberculosis Diagnosis,Resistant Tuberculosis Cure,Resistant Tuberculosis Test
Glandular Tuberculosis,Glandular Tuberculosis Treatment,Glandular Tuberculosis Diagnosis,Glandular Tuberculosis Cure,Glandular Tuberculosis Test
Tuberculosis In Eye Symptoms,Tuberculosis In Eye Symptoms Treatment,Tuberculosis In Eye Symptoms Diagnosis,Tuberculosis In Eye Symptoms Cure,Tuberculosis In Eye Symptoms Test
Neck Tuberculosis Symptoms,Neck Tuberculosis Symptoms Treatment,Neck Tuberculosis Symptoms Diagnosis,Neck Tuberculosis Symptoms Cure,Neck Tuberculosis Symptoms Test
Mycobacterium Tuberculosis Test,Mycobacterium Tuberculosis Test Treatment,Mycobacterium Tuberculosis Test Diagnosis,Mycobacterium Tuberculosis Test Cure,Mycobacterium Tuberculosis Test Test
Mtbc Tuberculosis,Mtbc Tuberculosis Treatment,Mtbc Tuberculosis Diagnosis,Mtbc Tuberculosis Cure,Mtbc Tuberculosis Test
Tuberculosis Blood Test Near Me,Tuberculosis Blood Test Near Me Treatment,Tuberculosis Blood Test Near Me Diagnosis,Tuberculosis Blood Test Near Me Cure,Tuberculosis Blood Test Near Me Test
Tuberculosis Transmission Prevention And Control,Tuberculosis Transmission Prevention And Control Treatment,Tuberculosis Transmission Prevention And Control Diagnosis,Tuberculosis Transmission Prevention And Control Cure,Tuberculosis Transmission Prevention And Control Test
Pulmonary Tuberculosis Meaning,Pulmonary Tuberculosis Meaning Treatment,Pulmonary Tuberculosis Meaning Diagnosis,Pulmonary Tuberculosis Meaning Cure,Pulmonary Tuberculosis Meaning Test
Tuberculosis In Kidney Symptoms,Tuberculosis In Kidney Symptoms Treatment,Tuberculosis In Kidney Symptoms Diagnosis,Tuberculosis In Kidney Symptoms Cure,Tuberculosis In Kidney Symptoms Test
Tuberculosis Without Cough,Tuberculosis Without Cough Treatment,Tuberculosis Without Cough Diagnosis,Tuberculosis Without Cough Cure,Tuberculosis Without Cough Test
Latent Tuberculosis,Latent Tuberculosis Treatment,Latent Tuberculosis Diagnosis,Latent Tuberculosis Cure,Latent Tuberculosis Test
Symptoms Of Tuberculosis In Throat,Symptoms Of Tuberculosis In Throat Treatment,Symptoms Of Tuberculosis In Throat Diagnosis,Symptoms Of Tuberculosis In Throat Cure,Symptoms Of Tuberculosis In Throat Test
Tuberculosis Bacteria,Tuberculosis Bacteria Treatment,Tuberculosis Bacteria Diagnosis,Tuberculosis Bacteria Cure,Tuberculosis Bacteria Test
Tuberculosis In Hindi,Tuberculosis In Hindi Treatment,Tuberculosis In Hindi Diagnosis,Tuberculosis In Hindi Cure,Tuberculosis In Hindi Test
Tuberculosis Disease,Tuberculosis Disease Treatment,Tuberculosis Disease Diagnosis,Tuberculosis Disease Cure,Tuberculosis Disease Test
World Tuberculosis Day,World Tuberculosis Day Treatment,World Tuberculosis Day Diagnosis,World Tuberculosis Day Cure,World Tuberculosis Day Test
Abdominal Tuberculosis,Abdominal Tuberculosis Treatment,Abdominal Tuberculosis Diagnosis,Abdominal Tuberculosis Cure,Abdominal Tuberculosis Test
Signs Of Tuberculosis,Signs Of Tuberculosis Treatment,Signs Of Tuberculosis Diagnosis,Signs Of Tuberculosis Cure,Signs Of Tuberculosis Test
Bone Tuberculosis,Bone Tuberculosis Treatment,Bone Tuberculosis Diagnosis,Bone Tuberculosis Cure,Bone Tuberculosis Test
Mga Bawal Na Pagkain Sa Tuberculosis,Mga Bawal Na Pagkain Sa Tuberculosis Treatment,Mga Bawal Na Pagkain Sa Tuberculosis Diagnosis,Mga Bawal Na Pagkain Sa Tuberculosis Cure,Mga Bawal Na Pagkain Sa Tuberculosis Test
Intestinal Tuberculosis,Intestinal Tuberculosis Treatment,Intestinal Tuberculosis Diagnosis,Intestinal Tuberculosis Cure,Intestinal Tuberculosis Test
Tuberculosis Is Caused By Which Microorganism,Tuberculosis Is Caused By Which Microorganism Treatment,Tuberculosis Is Caused By Which Microorganism Diagnosis,Tuberculosis Is Caused By Which Microorganism Cure,Tuberculosis Is Caused By Which Microorganism Test
Ano Ang Mga Bawal Sa May Tuberculosis,Ano Ang Mga Bawal Sa May Tuberculosis Treatment,Ano Ang Mga Bawal Sa May Tuberculosis Diagnosis,Ano Ang Mga Bawal Sa May Tuberculosis Cure,Ano Ang Mga Bawal Sa May Tuberculosis Test
Tuberculosis Cure,Tuberculosis Cure Treatment,Tuberculosis Cure Diagnosis,Tuberculosis Cure Cure,Tuberculosis Cure Test
Mycobacterium Tuberculosis Gram,Mycobacterium Tuberculosis Gram Treatment,Mycobacterium Tuberculosis Gram Diagnosis,Mycobacterium Tuberculosis Gram Cure,Mycobacterium Tuberculosis Gram Test
Tuberculosis Diagnosis,Tuberculosis Diagnosis Treatment,Tuberculosis Diagnosis Diagnosis,Tuberculosis Diagnosis Cure,Tuberculosis Diagnosis Test
Tuberculosis Day,Tuberculosis Day Treatment,Tuberculosis Day Diagnosis,Tuberculosis Day Cure,Tuberculosis Day Test
Spinal Tuberculosis,Spinal Tuberculosis Treatment,Spinal Tuberculosis Diagnosis,Spinal Tuberculosis Cure,Spinal Tuberculosis Test
Tuberculosis Test Near Me,Tuberculosis Test Near Me Treatment,Tuberculosis Test Near Me Diagnosis,Tuberculosis Test Near Me Cure,Tuberculosis Test Near Me Test
Tuberculosis Blood Test,Tuberculosis Blood Test Treatment,Tuberculosis Blood Test Diagnosis,Tuberculosis Blood Test Cure,Tuberculosis Blood Test Test
Primary Tuberculosis,Primary Tuberculosis Treatment,Primary Tuberculosis Diagnosis,Primary Tuberculosis Cure,Primary Tuberculosis Test
Extrapulmonary Tuberculosis,Extrapulmonary Tuberculosis Treatment,Extrapulmonary Tuberculosis Diagnosis,Extrapulmonary Tuberculosis Cure,Extrapulmonary Tuberculosis Test
Signs And Symptoms Of Tuberculosis,Signs And Symptoms Of Tuberculosis Treatment,Signs And Symptoms Of Tuberculosis Diagnosis,Signs And Symptoms Of Tuberculosis Cure,Signs And Symptoms Of Tuberculosis Test
Pulmonary Tuberculosis Symptoms,Pulmonary Tuberculosis Symptoms Treatment,Pulmonary Tuberculosis Symptoms Diagnosis,Pulmonary Tuberculosis Symptoms Cure,Pulmonary Tuberculosis Symptoms Test
Red Tuberculosis,Red Tuberculosis Treatment,Red Tuberculosis Diagnosis,Red Tuberculosis Cure,Red Tuberculosis Test
Tuberculosis Antibiotics,Tuberculosis Antibiotics Treatment,Tuberculosis Antibiotics Diagnosis,Tuberculosis Antibiotics Cure,Tuberculosis Antibiotics Test
Tuberculosis X Ray,Tuberculosis X Ray Treatment,Tuberculosis X Ray Diagnosis,Tuberculosis X Ray Cure,Tuberculosis X Ray Test
Extra Pulmonary Tuberculosis,Extra Pulmonary Tuberculosis Treatment,Extra Pulmonary Tuberculosis Diagnosis,Extra Pulmonary Tuberculosis Cure,Extra Pulmonary Tuberculosis Test
Non Tuberculosis Mycobacterium,Non Tuberculosis Mycobacterium Treatment,Non Tuberculosis Mycobacterium Diagnosis,Non Tuberculosis Mycobacterium Cure,Non Tuberculosis Mycobacterium Test
Mycobacterium Tuberculosis Complex,Mycobacterium Tuberculosis Complex Treatment,Mycobacterium Tuberculosis Complex Diagnosis,Mycobacterium Tuberculosis Complex Cure,Mycobacterium Tuberculosis Complex Test
Disseminated Tuberculosis,Disseminated Tuberculosis Treatment,Disseminated Tuberculosis Diagnosis,Disseminated Tuberculosis Cure,Disseminated Tuberculosis Test
Tuberculosis Transmission,Tuberculosis Transmission Treatment,Tuberculosis Transmission Diagnosis,Tuberculosis Transmission Cure,Tuberculosis Transmission Test
Tuberculosis Meaning In Marathi,Tuberculosis Meaning In Marathi Treatment,Tuberculosis Meaning In Marathi Diagnosis,Tuberculosis Meaning In Marathi Cure,Tuberculosis Meaning In Marathi Test
Renal Tuberculosis,Renal Tuberculosis Treatment,Renal Tuberculosis Diagnosis,Renal Tuberculosis Cure,Renal Tuberculosis Test
Effects Of Tuberculosis,Effects Of Tuberculosis Treatment,Effects Of Tuberculosis Diagnosis,Effects Of Tuberculosis Cure,Effects Of Tuberculosis Test
Tuberculosis Contagious,Tuberculosis Contagious Treatment,Tuberculosis Contagious Diagnosis,Tuberculosis Contagious Cure,Tuberculosis Contagious Test
Tuberculosis Shot,Tuberculosis Shot Treatment,Tuberculosis Shot Diagnosis,Tuberculosis Shot Cure,Tuberculosis Shot Test
Tuberculosis Is A,Tuberculosis Is A Treatment,Tuberculosis Is A Diagnosis,Tuberculosis Is A Cure,Tuberculosis Is A Test
Tuberculosis Screening,Tuberculosis Screening Treatment,Tuberculosis Screening Diagnosis,Tuberculosis Screening Cure,Tuberculosis Screening Test
Tuberculosis Generally Affects,Tuberculosis Generally Affects Treatment,Tuberculosis Generally Affects Diagnosis,Tuberculosis Generally Affects Cure,Tuberculosis Generally Affects Test
Brain Tuberculosis,Brain Tuberculosis Treatment,Brain Tuberculosis Diagnosis,Brain Tuberculosis Cure,Brain Tuberculosis Test
Etiology Of Tuberculosis,Etiology Of Tuberculosis Treatment,Etiology Of Tuberculosis Diagnosis,Etiology Of Tuberculosis Cure,Etiology Of Tuberculosis Test
Tuberculosis Infection,Tuberculosis Infection Treatment,Tuberculosis Infection Diagnosis,Tuberculosis Infection Cure,Tuberculosis Infection Test
Mdr Tuberculosis,Mdr Tuberculosis Treatment,Mdr Tuberculosis Diagnosis,Mdr Tuberculosis Cure,Mdr Tuberculosis Test
Sintomas Ng Tuberculosis,Sintomas Ng Tuberculosis Treatment,Sintomas Ng Tuberculosis Diagnosis,Sintomas Ng Tuberculosis Cure,Sintomas Ng Tuberculosis Test
Secondary Tuberculosis,Secondary Tuberculosis Treatment,Secondary Tuberculosis Diagnosis,Secondary Tuberculosis Cure,Secondary Tuberculosis Test
Tuberculosis Chest X Ray,Tuberculosis Chest X Ray Treatment,Tuberculosis Chest X Ray Diagnosis,Tuberculosis Chest X Ray Cure,Tuberculosis Chest X Ray Test
Cutaneous Tuberculosis,Cutaneous Tuberculosis Treatment,Cutaneous Tuberculosis Diagnosis,Cutaneous Tuberculosis Cure,Cutaneous Tuberculosis Test
Tuberculosis Is Caused By Which Of The Following Bacteria,Tuberculosis Is Caused By Which Of The Following Bacteria Treatment,Tuberculosis Is Caused By Which Of The Following Bacteria Diagnosis,Tuberculosis Is Caused By Which Of The Following Bacteria Cure,Tuberculosis Is Caused By Which Of The Following Bacteria Test
Multidrug Resistant Tuberculosis,Multidrug Resistant Tuberculosis Treatment,Multidrug Resistant Tuberculosis Diagnosis,Multidrug Resistant Tuberculosis Cure,Multidrug Resistant Tuberculosis Test
Active Tuberculosis,Active Tuberculosis Treatment,Active Tuberculosis Diagnosis,Active Tuberculosis Cure,Active Tuberculosis Test
Lymph Node Tuberculosis,Lymph Node Tuberculosis Treatment,Lymph Node Tuberculosis Diagnosis,Lymph Node Tuberculosis Cure,Lymph Node Tuberculosis Test
Skin Tuberculosis,Skin Tuberculosis Treatment,Skin Tuberculosis Diagnosis,Skin Tuberculosis Cure,Skin Tuberculosis Test
Laboratory Diagnosis Of Tuberculosis,Laboratory Diagnosis Of Tuberculosis Treatment,Laboratory Diagnosis Of Tuberculosis Diagnosis,Laboratory Diagnosis Of Tuberculosis Cure,Laboratory Diagnosis Of Tuberculosis Test
Tuberculosis Prevention And Control,Tuberculosis Prevention And Control Treatment,Tuberculosis Prevention And Control Diagnosis,Tuberculosis Prevention And Control Cure,Tuberculosis Prevention And Control Test
Tuberculosis Lungs,Tuberculosis Lungs Treatment,Tuberculosis Lungs Diagnosis,Tuberculosis Lungs Cure,Tuberculosis Lungs Test
Tb Tuberculosis,Tb Tuberculosis Treatment,Tb Tuberculosis Diagnosis,Tb Tuberculosis Cure,Tb Tuberculosis Test
Tuberculosis Pathogen,Tuberculosis Pathogen Treatment,Tuberculosis Pathogen Diagnosis,Tuberculosis Pathogen Cure,Tuberculosis Pathogen Test
Latent Tuberculosis Symptoms,Latent Tuberculosis Symptoms Treatment,Latent Tuberculosis Symptoms Diagnosis,Latent Tuberculosis Symptoms Cure,Latent Tuberculosis Symptoms Test
Pulmonary Tuberculosis Treatment,Pulmonary Tuberculosis Treatment Treatment,Pulmonary Tuberculosis Treatment Diagnosis,Pulmonary Tuberculosis Treatment Cure,Pulmonary Tuberculosis Treatment Test
Tuberculosis Po Polsku,Tuberculosis Po Polsku Treatment,Tuberculosis Po Polsku Diagnosis,Tuberculosis Po Polsku Cure,Tuberculosis Po Polsku Test
Tuberculosis Spread,Tuberculosis Spread Treatment,Tuberculosis Spread Diagnosis,Tuberculosis Spread Cure,Tuberculosis Spread Test
Fish Tuberculosis,Fish Tuberculosis Treatment,Fish Tuberculosis Diagnosis,Fish Tuberculosis Cure,Fish Tuberculosis Test
Genital Tuberculosis,Genital Tuberculosis Treatment,Genital Tuberculosis Diagnosis,Genital Tuberculosis Cure,Genital Tuberculosis Test
Symptoms Of Tuberculosis In Lungs,Symptoms Of Tuberculosis In Lungs Treatment,Symptoms Of Tuberculosis In Lungs Diagnosis,Symptoms Of Tuberculosis In Lungs Cure,Symptoms Of Tuberculosis In Lungs Test
Tuberculosis Is A Communicable Disease,Tuberculosis Is A Communicable Disease Treatment,Tuberculosis Is A Communicable Disease Diagnosis,Tuberculosis Is A Communicable Disease Cure,Tuberculosis Is A Communicable Disease Test
Bacteria That Causes Tuberculosis,Bacteria That Causes Tuberculosis Treatment,Bacteria That Causes Tuberculosis Diagnosis,Bacteria That Causes Tuberculosis Cure,Bacteria That Causes Tuberculosis Test
Bcg Tuberculosis,Bcg Tuberculosis Treatment,Bcg Tuberculosis Diagnosis,Bcg Tuberculosis Cure,Bcg Tuberculosis Test
Tuberculosis Treatment And Prevention,Tuberculosis Treatment And Prevention Treatment,Tuberculosis Treatment And Prevention Diagnosis,Tuberculosis Treatment And Prevention Cure,Tuberculosis Treatment And Prevention Test
Diagnostic Test For Tuberculosis,Diagnostic Test For Tuberculosis Treatment,Diagnostic Test For Tuberculosis Diagnosis,Diagnostic Test For Tuberculosis Cure,Diagnostic Test For Tuberculosis Test
Spinal Tuberculosis Symptoms,Spinal Tuberculosis Symptoms Treatment,Spinal Tuberculosis Symptoms Diagnosis,Spinal Tuberculosis Symptoms Cure,Spinal Tuberculosis Symptoms Test
Stages Of Tuberculosis,Stages Of Tuberculosis Treatment,Stages Of Tuberculosis Diagnosis,Stages Of Tuberculosis Cure,Stages Of Tuberculosis Test
Pulmonary Tuberculosis Causes,Pulmonary Tuberculosis Causes Treatment,Pulmonary Tuberculosis Causes Diagnosis,Pulmonary Tuberculosis Causes Cure,Pulmonary Tuberculosis Causes Test
Paano Naipapasa Ang Tuberculosis,Paano Naipapasa Ang Tuberculosis Treatment,Paano Naipapasa Ang Tuberculosis Diagnosis,Paano Naipapasa Ang Tuberculosis Cure,Paano Naipapasa Ang Tuberculosis Test
Intestinal Tuberculosis Symptoms,Intestinal Tuberculosis Symptoms Treatment,Intestinal Tuberculosis Symptoms Diagnosis,Intestinal Tuberculosis Symptoms Cure,Intestinal Tuberculosis Symptoms Test
Introduction Of Tuberculosis,Introduction Of Tuberculosis Treatment,Introduction Of Tuberculosis Diagnosis,Introduction Of Tuberculosis Cure,Introduction Of Tuberculosis Test
Tuberculosis Patient,Tuberculosis Patient Treatment,Tuberculosis Patient Diagnosis,Tuberculosis Patient Cure,Tuberculosis Patient Test
Bone Tuberculosis Symptoms,Bone Tuberculosis Symptoms Treatment,Bone Tuberculosis Symptoms Diagnosis,Bone Tuberculosis Symptoms Cure,Bone Tuberculosis Symptoms Test
Abdominal Tuberculosis Symptoms,Abdominal Tuberculosis Symptoms Treatment,Abdominal Tuberculosis Symptoms Diagnosis,Abdominal Tuberculosis Symptoms Cure,Abdominal Tuberculosis Symptoms Test
Anti Tuberculosis,Anti Tuberculosis Treatment,Anti Tuberculosis Diagnosis,Anti Tuberculosis Cure,Anti Tuberculosis Test
Tuberculosis Consumption,Tuberculosis Consumption Treatment,Tuberculosis Consumption Diagnosis,Tuberculosis Consumption Cure,Tuberculosis Consumption Test
Stomach Tuberculosis,Stomach Tuberculosis Treatment,Stomach Tuberculosis Diagnosis,Stomach Tuberculosis Cure,Stomach Tuberculosis Test
Whats Tuberculosis,Whats Tuberculosis Treatment,Whats Tuberculosis Diagnosis,Whats Tuberculosis Cure,Whats Tuberculosis Test
Tuberculosis 2021,Tuberculosis 2021 Treatment,Tuberculosis 2021 Diagnosis,Tuberculosis 2021 Cure,Tuberculosis 2021 Test
Skin Tuberculosis Symptoms,Skin Tuberculosis Symptoms Treatment,Skin Tuberculosis Symptoms Diagnosis,Skin Tuberculosis Symptoms Cure,Skin Tuberculosis Symptoms Test
Tuberculosis Deadly,Tuberculosis Deadly Treatment,Tuberculosis Deadly Diagnosis,Tuberculosis Deadly Cure,Tuberculosis Deadly Test
Tuberculosis Vaccine,Tuberculosis Vaccine Treatment,Tuberculosis Vaccine Diagnosis,Tuberculosis Vaccine Cure,Tuberculosis Vaccine Test
Tuberculosis Treatment,Tuberculosis Treatment Treatment,Tuberculosis Treatment Diagnosis,Tuberculosis Treatment Cure,Tuberculosis Treatment Test
Pulmonary Tuberculosis,Pulmonary Tuberculosis Treatment,Pulmonary Tuberculosis Diagnosis,Pulmonary Tuberculosis Cure,Pulmonary Tuberculosis Test
Tuberculosis Test,Tuberculosis Test Treatment,Tuberculosis Test Diagnosis,Tuberculosis Test Cure,Tuberculosis Test Test
Tuberculosis Causes,Tuberculosis Causes Treatment,Tuberculosis Causes Diagnosis,Tuberculosis Causes Cure,Tuberculosis Causes Test
Tuberculosis Meaning,Tuberculosis Meaning Treatment,Tuberculosis Meaning Diagnosis,Tuberculosis Meaning Cure,Tuberculosis Meaning Test
Miliary Tuberculosis,Miliary Tuberculosis Treatment,Miliary Tuberculosis Diagnosis,Miliary Tuberculosis Cure,Miliary Tuberculosis Test
Bovine Tuberculosis,Bovine Tuberculosis Treatment,Bovine Tuberculosis Diagnosis,Bovine Tuberculosis Cure,Bovine Tuberculosis Test
Types Of Tuberculosis,Types Of Tuberculosis Treatment,Types Of Tuberculosis Diagnosis,Types Of Tuberculosis Cure,Types Of Tuberculosis Test
Tuberculosis Is Caused By,Tuberculosis Is Caused By Treatment,Tuberculosis Is Caused By Diagnosis,Tuberculosis Is Caused By Cure,Tuberculosis Is Caused By Test
Tuberculosis Prevention,Tuberculosis Prevention Treatment,Tuberculosis Prevention Diagnosis,Tuberculosis Prevention Cure,Tuberculosis Prevention Test
Define Tuberculosis,Define Tuberculosis Treatment,Define Tuberculosis Diagnosis,Define Tuberculosis Cure,Define Tuberculosis Test
Tuberculosis Is,Tuberculosis Is Treatment,Tuberculosis Is Diagnosis,Tuberculosis Is Cure,Tuberculosis Is Test
Tuberculosis Symptoms,Tuberculosis Symptoms Treatment,Tuberculosis Symptoms Diagnosis,Tuberculosis Symptoms Cure,Tuberculosis Symptoms Test
Mycobacterium Tuberculosis,Mycobacterium Tuberculosis Treatment,Mycobacterium Tuberculosis Diagnosis,Mycobacterium Tuberculosis Cure,Mycobacterium Tuberculosis Test
Tuberculosis,Tuberculosis Treatment,Tuberculosis Diagnosis,Tuberculosis Cure,Tuberculosis Test
