city,zip
"International Correspondence School, PH","400, PH"
"Asian Development Bank, PH","401, PH"
"Radio Bible Class, PH","410, PH"
"Bible School on the Air, PH","420, PH"
"Febias College of Bible, PH","550, PH"
"Far East Broadcasting Corporation, PH","560, PH"
"Social Security System, PH","800, PH"
"Camp Crame, PH","801, PH"
"Camp Aguinaldo, PH","802, PH"
"Araneta Center, PH","810, PH"
"Bureau of Internal Revenue, PH","820, PH"
"National Irrigation Administration, PH","830, PH"
"V. Luna Hospital, PH","840, PH"
"Philippine Heart Center, PH","850, PH"
"Quezon City Hall, PH","860, PH"
"Veterans Hospital, PH","870, PH"
"Commission on Audit, PH","880, PH"
"Manila Bulletin, PH","900, PH"
"Adventist University of the Philippines, PH","901, PH"
"Far East Broadcasting Corporation, PH","902, PH"
"Manila Hilton, PH","903, PH"
"Midland Hotel, PH","904, PH"
"Bacacay, PH","905, PH"
"The Philippine Star, PH","905, PH"
"Manila Medical Center, PH","906, PH"
"San Miguel Corporation, PH","907, PH"
"Pan-Filipino Shipping, PH","908, PH"
"Summer Institute of Linguistics, PH","909, PH"
"Department of Labor and Employment, PH","910, PH"
"National Statistics Office, PH","911, PH"
"Bureau of Plant Industry, PH","912, PH"
"Manila Hotel, PH","913, PH"
"Philippine Refining Company, PH","914, PH"
"International Correspondence Institute, PH","915, PH"
"Radio Veritas, PH","916, PH"
"Ateneo de Manila University, PH","917, PH"
"Fil-Japan Shipping Company, PH","918, PH"
"Manila Police District, PH","919, PH"
"Sunbursts Publications, PH","920, PH"
"Philippine Plaza Hotel, PH","921, PH"
"De La Salle University, PH","922, PH"
"Don Stewart Evangelistic Association, PH","923, PH"
"World Map, PH","924, PH"
"Chinabank, PH","925, PH"
"Caltex, PH","926, PH"
"Philippine Veterans Affairs Office, PH","927, PH"
"Philippine Campus Crusade, PH","928, PH"
"Not used, PH","929, PH"
"United States Embassy, PH","930, PH"
"Philippine National Bank, PH","940, PH"
"Manila Midtown Hotel, PH","950, PH"
"International Rice Research Institute, PH","960, PH"
"Department of Justice, PH","970, PH"
"Asian Development Bank, PH","980, PH"
"Philamlife, PH","990, PH"
"Manila Central Post Office, PH","1000, PH"
"Quiapo, PH","1001, PH"
"Intramuros, PH","1002, PH"
"Santa Cruz, PH","1003, PH"
"Malate, PH","1004, PH"
"San Miguel, PH","1005, PH"
"Binondo, PH","1006, PH"
"Paco, PH","1007, PH"
"Sampaloc, PH","1008, PH"
"Santa Ana, PH","1009, PH"
"San Nicolas, PH","1010, PH"
"Pandacan, PH","1011, PH"
"Tondo, PH","1012, PH"
"Tondo, PH","1013, PH"
"Santa Cruz, PH","1014, PH"
"Sampaloc, PH","1015, PH"
"Santa Mesa, PH","1016, PH"
"San Andres, PH","1017, PH"
"Port Area, PH","1018, PH"
"Santa Mesa P.O. Box, PH","1035, PH"
"Santa Cruz P.O. Box, PH","1040, PH"
"Ermita, PH","1045, PH"
"Manila CPO-PO Box# 1000 to 1099, PH","1050, PH"
"Manila CPO-PO Box# 1100 to 1199, PH","1051, PH"
"Manila CPO-PO Box# 1200 to 1299, PH","1052, PH"
"Manila CPO-PO Box# 1300 to 1399, PH","1053, PH"
"Manila CPO-PO Box# 1400 to 1499, PH","1054, PH"
"Manila CPO-PO Box# 1500 to 1599, PH","1055, PH"
"Manila CPO-PO Box# 1600 to 1699, PH","1056, PH"
"Manila CPO-PO Box# 1700 to 1799, PH","1057, PH"
"Manila CPO-PO Box# 1800 to 1899, PH","1058, PH"
"Manila CPO-PO Box# 1900 to 1999, PH","1059, PH"
"Manila CPO-PO Box# 2000 to 2099, PH","1060, PH"
"Manila CPO-PO Box# 2100 to 2199, PH","1061, PH"
"Manila CPO-PO Box# 2200 to 2299, PH","1062, PH"
"Manila CPO-PO Box# 2300 to 2399, PH","1063, PH"
"Manila CPO-PO Box# 2400 to 2499, PH","1064, PH"
"Manila CPO-PO Box# 2500 to 2599, PH","1065, PH"
"Manila CPO-PO Box# 2600 to 2699, PH","1066, PH"
"Manila CPO-PO Box# 2700 to 2799, PH","1067, PH"
"Manila CPO-PO Box# 2800 to 2899, PH","1068, PH"
"Manila CPO-PO Box# 2900 to 2999, PH","1069, PH"
"Manila CPO-PO Box# 3000 to 3099, PH","1070, PH"
"Manila CPO-PO Box# 3100 to 3199, PH","1071, PH"
"Manila CPO-PO Box# 3200 to 3299, PH","1072, PH"
"Manila CPO-PO Box# 3300 to 3399, PH","1073, PH"
"Manila CPO-PO Box# 3400 to 3499, PH","1074, PH"
"Manila CPO-PO Box# 3500 to 3599, PH","1075, PH"
"Manila CPO-PO Box# 3600 to 3699, PH","1076, PH"
"Manila CPO-PO Box# 3700 to 3799, PH","1077, PH"
"Manila CPO-PO Box# 3800 to 3899, PH","1078, PH"
"Manila CPO-PO Box# 3900 to 3999, PH","1079, PH"
"Manila CPO-PO Box# 4000 to 4099, PH","1080, PH"
"Manila CPO-PO Box# 4100 to 4199, PH","1081, PH"
"Manila CPO-PO Box# 4200 to 4299, PH","1082, PH"
"Manila CPO-PO Box# 4300 to 4399, PH","1083, PH"
"Manila CPO-PO Box# 4400 to 4499, PH","1084, PH"
"Manila CPO-PO Box# 4500 to 4599, PH","1085, PH"
"Manila CPO-PO Box# 4600 to 4699, PH","1086, PH"
"Manila CPO-PO Box# 4700 to 4799, PH","1087, PH"
"Manila CPO-PO Box# 4800 to 4899, PH","1088, PH"
"Manila CPO-PO Box# 4900 to 4999, PH","1089, PH"
"Manila CPO-PO Box# 5000 to 5099, PH","1090, PH"
"Manila CPO-PO Box# 5100 to 5199, PH","1091, PH"
"Manila CPO-PO Box# 5200 to 5299, PH","1092, PH"
"Manila CPO-PO Box# 5300 to 5399, PH","1093, PH"
"Manila CPO-PO Box# 5400 to 5499, PH","1094, PH"
"Manila CPO-PO Box# 5500 to 5599, PH","1095, PH"
"Manila CPO-PO Box# 5600 to 5699, PH","1096, PH"
"Alcantara, PH","1099, PH"
"Quezon City CPO, PH","1100, PH"
"Central, PH","1100, PH"
"Project 6, PH","1100, PH"
"Piñahan, PH","1100, PH"
"Teachers Village, PH","1101, PH"
"San Vicente, PH","1101, PH"
"University of the Philippines, PH","1101, PH"
"Malaya, PH","1101, PH"
"Sikatuna Village, PH","1101, PH"
"Old Capitol Site, PH","1101, PH"
"University of the Philippines Village, PH","1101, PH"
"Botocan, PH","1101, PH"
"Krus na Ligas, PH","1101, PH"
"Quirino District (Project 2 &amp; 3), PH","1102, PH"
"Silangan, PH","1102, PH"
"Duyan-Duyan, PH","1102, PH"
"Claro, PH","1102, PH"
"Kamias, PH","1102, PH"
"Amihan, PH","1102, PH"
"E. Rodriguez, PH","1102, PH"
"South Triangle, PH","1103, PH"
"Obrero, PH","1103, PH"
"Sacred Heart, PH","1103, PH"
"Roxas District, PH","1103, PH"
"Laging Handa, PH","1103, PH"
"Kamuning, PH","1103, PH"
"Paligsahan, PH","1103, PH"
"Damayan, PH","1104, PH"
"Diliman, PH","1104, PH"
"Talayan, PH","1104, PH"
"Nayon Kaunlaran, PH","1104, PH"
"Paraiso, PH","1104, PH"
"West Triangle, PH","1104, PH"
"Santa Cruz, PH","1104, PH"
"Mariblo, PH","1104, PH"
"Phil-Am, PH","1104, PH"
"Santo Cristo, PH","1105, PH"
"Alicia, PH","1105, PH"
"San Antonio, Quezon City, PH","1105, PH"
"Katipunan, PH","1105, PH"
"Paltok, PH","1105, PH"
"R. Magsaysay, PH","1105, PH"
"Bungad, PH","1105, PH"
"Del Monte, PH","1105, PH"
"Veterans Village, PH","1105, PH"
"Bagong Pag-Asa, PH","1105, PH"
"Project 7, PH","1105, PH"
"Balintawak, PH","1106, PH"
"Bahay Toro, PH","1106, PH"
"Balumbato, PH","1106, PH"
"Apolonio Samson, PH","1106, PH"
"Unang Sigaw, PH","1106, PH"
"Baesa, PH","1106, PH"
"Project 8, PH","1106, PH"
"New Era, PH","1107, PH"
"Pasong Tamo, PH","1107, PH"
"Loyola Heights, PH","1108, PH"
"Pansol, PH","1108, PH"
"Tagumpay, PH","1109, PH"
"Cubao, PH","1109, PH"
"Marilag, PH","1109, PH"
"Masagana, PH","1109, PH"
"San Roque, PH","1109, PH"
"Villa Maria Clara, PH","1109, PH"
"Bayanihan, PH","1109, PH"
"Dioquino Zobel, PH","1109, PH"
"Escopa, PH","1109, PH"
"Project 4, PH","1109, PH"
"Socorro, PH","1109, PH"
"Blue Ridge, PH","1109, PH"
"Mangga, PH","1109, PH"
"Bagong Buhay, PH","1109, PH"
"Milagrosa, PH","1109, PH"
"Ugong Norte, PH","1110, PH"
"Talampas, PH","1110, PH"
"Bagong Bayan, PH","1110, PH"
"Libis, PH","1110, PH"
"St. Ignatius, PH","1110, PH"
"Camp Aguinaldo, PH","1110, PH"
"White Plains, PH","1110, PH"
"Crame, PH","1111, PH"
"Bagong Lipunan, PH","1111, PH"
"Pinagkaisahan, PH","1111, PH"
"St. Martin de Porres, PH","1111, PH"
"Immaculate Concepcion, PH","1111, PH"
"Kaunlaran, PH","1111, PH"
"Mariana, PH","1112, PH"
"Kalusugan, PH","1112, PH"
"Valencia, PH","1112, PH"
"Kristong Hari, PH","1112, PH"
"Horseshoe, PH","1112, PH"
"Damayan Lagi, PH","1112, PH"
"Tatalon, PH","1113, PH"
"Doña Aurora, PH","1113, PH"
"Don Manuel, PH","1113, PH"
"Santol, PH","1113, PH"
"Doña Imelda, PH","1113, PH"
"Doña Josefa, PH","1113, PH"
"San Isidro, PH","1113, PH"
"Santo Niño, PH","1113, PH"
"Lourdes, PH","1114, PH"
"Santa Teresita, PH","1114, PH"
"Salvacion, PH","1114, PH"
"Sienna, PH","1114, PH"
"La Loma, PH","1114, PH"
"Matalahib, PH","1114, PH"
"Maharlika, PH","1114, PH"
"Gintong Silahis, PH","1114, PH"
"Paang Bundok, PH","1114, PH"
"St. Peter, PH","1114, PH"
"San Isidro Labrador, PH","1114, PH"
"Pag-Ibig sa Nayon, PH","1115, PH"
"Damar, PH","1115, PH"
"Balingasa, PH","1115, PH"
"San Jose, PH","1115, PH"
"Masambong, PH","1115, PH"
"Manresa, PH","1115, PH"
"Sangandaan, PH","1116, PH"
"Sauyo, PH","1116, PH"
"Tandang Sora, PH","1116, PH"
"San Bartolome, PH","1116, PH"
"Bagbag, PH","1116, PH"
"Talipapa, PH","1116, PH"
"Santa Lucia, PH","1117, PH"
"Santa Monica, PH","1117, PH"
"San Agustin, PH","1117, PH"
"Gulod, PH","1117, PH"
"Capri, PH","1117, PH"
"Pasong Putik, PH","1118, PH"
"Fairview, PH","1118, PH"
"Matandang Balara, PH","1119, PH"
"Payatas, PH","1119, PH"
"Bagong Silangan, PH","1119, PH"
"BF Homes, PH","1120, PH"
"Violago Homes, PH","1120, PH"
"Fairview [North], PH","1121, PH"
"Commonwealth, PH","1121, PH"
"Fairview [South], PH","1122, PH"
"Novaliches Proper, PH","1123, PH"
"Damong Maliit, PH","1123, PH"
"Kaligayahan, PH","1124, PH"
"Nagkaisang Nayon, PH","1125, PH"
"Doña Faustina Subdivision, PH","1125, PH"
"Batasan Hills, PH","1126, PH"
"Capitol Hills/Park, PH","1126, PH"
"Holy Spirit, PH","1127, PH"
"Vasra, PH","1128, PH"
"Culiat, PH","1128, PH"
"Araneta Center P.O. Boxes, PH","1135, PH"
"Murphy District P.O. Boxes, PH","1138, PH"
"Broadway Center P.O. Boxes, PH","1141, PH"
"University of the Philippines P.O. Boxes, PH","1144, PH"
"Novaliches P.O. Boxes, PH","1147, PH"
"Quezon City CPO - P.O. Box Nos. 1000 to 1099, PH","1150, PH"
"Quezon City CPO - P.O. Box Nos. 1100 to 1199, PH","1151, PH"
"Quezon City CPO - P.O. Box Nos. 1200 to 1299, PH","1152, PH"
"Quezon City CPO - P.O. Box Nos. 1300 to 1399, PH","1153, PH"
"Quezon City CPO - P.O. Box Nos. 1400 to 1499, PH","1154, PH"
"Quezon City CPO - P.O. Box Nos. 1500 to 1599, PH","1155, PH"
"Quezon City CPO - P.O. Box Nos. 1600 to 1699, PH","1156, PH"
"Quezon City CPO - P.O. Box Nos. 1700 to 1799, PH","1157, PH"
"Quezon City CPO - P.O. Box Nos. 1800 to 1899, PH","1158, PH"
"Quezon City CPO - P.O. Box Nos. 1900 to 1999, PH","1159, PH"
"Quezon City CPO - P.O. Box Nos. 2000 to 2099, PH","1160, PH"
"Quezon City CPO - P.O. Box Nos. 2100 to 2199, PH","1161, PH"
"Quezon City CPO - P.O. Box Nos. 2200 to 2299, PH","1162, PH"
"Quezon City CPO - P.O. Box Nos. 2300 to 2399, PH","1163, PH"
"Quezon City CPO - P.O. Box Nos. 2400 to 2499, PH","1164, PH"
"Quezon City CPO - P.O. Box Nos. 2500 to 2599, PH","1165, PH"
"Quezon City CPO - P.O. Box Nos. 2600 to 2699, PH","1166, PH"
"Quezon City CPO - P.O. Box Nos. 2700 to 2799, PH","1167, PH"
"Quezon City CPO - P.O. Box Nos. 2800 to 2899, PH","1168, PH"
"Quezon City CPO - P.O. Box Nos. 2900 to 2999, PH","1169, PH"
"Quezon City CPO - P.O. Box Nos. 3000 to 3099, PH","1170, PH"
"Quezon City CPO - P.O. Box Nos. 3100 to 3199, PH","1171, PH"
"Quezon City CPO - P.O. Box Nos. 3200 to 3299, PH","1172, PH"
"Quezon City CPO - P.O. Box Nos. 3300 to 3399, PH","1173, PH"
"Quezon City CPO - P.O. Box Nos. 3400 to 3499, PH","1174, PH"
"Quezon City CPO - P.O. Box Nos. 3500 to 3599, PH","1175, PH"
"Quezon City CPO - P.O. Box Nos. 3600 to 3699, PH","1176, PH"
"Quezon City CPO - P.O. Box Nos. 3700 to 3799, PH","1177, PH"
"Makati Central Post Office, PH","1200, PH"
"Fort Bonifacio, PH","1201, PH"
"Fort Bonifacio Naval Station, PH","1202, PH"
"San Antonio Village, PH","1203, PH"
"La Paz, Singkamas, and Tejeros, PH","1204, PH"
"Santa Cruz, PH","1205, PH"
"Kasilawan, PH","1206, PH"
"Carmona and Olympia, PH","1207, PH"
"Valenzuela (includes Rizal, San Miguel, and Santiago Villages), PH","1208, PH"
"Bel-Air, PH","1209, PH"
"Poblacion, PH","1210, PH"
"Guadalupe Viejo (includes Palm Village), PH","1211, PH"
"Guadalupe Nuevo (includes Visayan Village), PH","1212, PH"
"Pinagkaisahan - Pitogo, PH","1213, PH"
"Cembo, PH","1214, PH"
"West Rembo, PH","1215, PH"
"East Rembo and Malapad na Bato, PH","1216, PH"
"Comembo, PH","1217, PH"
"Pembo, PH","1218, PH"
"Forbes Park North, PH","1219, PH"
"Forbes Park South, PH","1220, PH"
"Dasmariñas Village North, PH","1221, PH"
"Dasmariñas Village South, PH","1222, PH"
"San Lorenzo Village, PH","1223, PH"
"Makati Commercial Center, PH","1224, PH"
"Urdaneta Village, PH","1225, PH"
"Ayala Avenue-Paseo de Roxas, PH","1226, PH"
"Salcedo Village, PH","1227, PH"
"Greenbelt, PH","1228, PH"
"Legaspi Village, PH","1229, PH"
"Pio del Pilar, PH","1230, PH"
"Pasong Tamo and Ecology Village, PH","1231, PH"
"Magallanes Village, PH","1232, PH"
"Bangkal, PH","1233, PH"
"San Isidro, PH","1234, PH"
"Palanan, PH","1235, PH"
"Makati CPO-PO Box# 1000 to 1099, PH","1250, PH"
"Makati CPO-PO Box# 1100 to 1199, PH","1251, PH"
"Makati CPO-PO Box# 1200 to 1299, PH","1252, PH"
"Makati CPO-PO Box# 1300 to 1399, PH","1253, PH"
"Makati CPO-PO Box# 1400 to 1499, PH","1254, PH"
"Makati CPO-PO Box# 1500 to 1599, PH","1255, PH"
"Makati CPO-PO Box# 1600 to 1699, PH","1256, PH"
"Makati CPO-PO Box# 1700 to 1799, PH","1257, PH"
"Makati CPO-PO Box# 1800 to 1899, PH","1258, PH"
"Makati CPO-PO Box# 1900 to 1999, PH","1259, PH"
"Makati CPO-PO Box# 2000 to 2099, PH","1260, PH"
"Makati CPO-PO Box# 2100 to 2199, PH","1261, PH"
"Makati CPO-PO Box# 2200 to 2299, PH","1262, PH"
"Makati CPO-PO Box# 2300 to 2399, PH","1263, PH"
"Makati CPO-PO Box# 2400 to 2499, PH","1264, PH"
"Makati CPO-PO Box# 2500 to 2599, PH","1265, PH"
"Makati CPO-PO Box# 2600 to 2699, PH","1266, PH"
"Makati CPO-PO Box# 2700 to 2799, PH","1267, PH"
"Makati CPO-PO Box# 2800 to 2899, PH","1268, PH"
"Makati CPO-PO Box# 2900 to 2999, PH","1269, PH"
"Makati CPO-PO Box# 3000 to 3099, PH","1270, PH"
"Makati CPO-PO Box# 3100 to 3199, PH","1271, PH"
"Makati CPO-PO Box# 3200 to 3299, PH","1272, PH"
"Makati CPO-PO Box# 3300 to 3399, PH","1273, PH"
"Makati CPO-PO Box# 3400 to 3499, PH","1274, PH"
"Makati CPO-PO Box# 3500 to 3599, PH","1275, PH"
"Makati CPO-PO Box# 3600 to 3699, PH","1276, PH"
"Makati CPO-PO Box# 3700 to 3799, PH","1277, PH"
"Makati CPO-PO Box# 3800 to 3899, PH","1278, PH"
"Makati CPO-PO Box# 3900 to 3999, PH","1279, PH"
"Makati CPO-PO Box# 4000 to 4099, PH","1280, PH"
"Makati CPO-PO Box# 4100 to 4199, PH","1281, PH"
"Makati CPO-PO Box# 4200 to 4299, PH","1282, PH"
"Makati CPO-PO Box# 4300 to 4399, PH","1283, PH"
"Makati CPO-PO Box# 4400 to 4499, PH","1284, PH"
"Makati CPO-PO Box# 4500 to 4599, PH","1285, PH"
"Makati CPO-PO Box# 4600 to 4699, PH","1286, PH"
"Makati CPO-PO Box# 4700 to 4799, PH","1287, PH"
"Makati CPO-PO Box# 4800 to 4899, PH","1288, PH"
"Makati CPO-PO Box# 4900 to 4999, PH","1289, PH"
"Makati CPO-PO Box# 5000 to 5099, PH","1290, PH"
"Makati CPO-PO Box# 5100 to 5199, PH","1291, PH"
"Makati CPO-PO Box# 5200 to 5299, PH","1292, PH"
"Makati CPO-PO Box# 5300 to 5399, PH","1293, PH"
"Makati CPO-PO Box# 5400 to 5499, PH","1294, PH"
"Makati CPO-PO Box# 5500 to 5599, PH","1295, PH"
"Makati CPO-PO Box# 5600 to 5699, PH","1296, PH"
"Makati CPO-PO Box# 5700 to 5799, PH","1297, PH"
"Makati CPO-PO Box# 5800 to 5899, PH","1298, PH"
"Makati CPO-PO Box# 5900 to 5999, PH","1299, PH"
"Pasay City Central Post Office, PH","1300, PH"
"Domestic Airport P.O., PH","1301, PH"
"San Rafael, PH","1302, PH"
"San Roque, PH","1303, PH"
"Santa Clara, PH","1304, PH"
"San Jose, PH","1305, PH"
"San Isidro, PH","1306, PH"
"Philippine International Convention Center, PH","1307, PH"
"Bay City, PH","1308, PH"
"Villamor Airbase, PH","1309, PH"
"Pasay City CPO - P.O. Box Nos. 1000 to 1099, PH","1350, PH"
"Pasay City CPO - P.O. Box Nos. 1100 to 1199, PH","1351, PH"
"Pasay City CPO - P.O. Box Nos. 1200 to 1299, PH","1352, PH"
"Pasay City CPO - P.O. Box Nos. 1300 to 1399, PH","1353, PH"
"Pasay City CPO - P.O. Box Nos. 1400 to 1499, PH","1354, PH"
"Domestic Airport P.O. - P.O. Box Nos. 1000 to 1099, PH","1375, PH"
"Domestic Airport P.O. - P.O. Box Nos. 1100 to 1199, PH","1376, PH"
"Domestic Airport P.O. - P.O. Box Nos. 1200 to 1299, PH","1377, PH"
"Domestic Airport P.O. - P.O. Box Nos. 1300 to 1399, PH","1378, PH"
"Domestic Airport P.O. - P.O. Box Nos. 1400 to 1499, PH","1379, PH"
"Domestic Airport P.O. - P.O. Box Nos. 1500 to 1599, PH","1380, PH"
"Domestic Airport P.O. - P.O. Box Nos. 1600 to 1699, PH","1381, PH"
"Caloocan City Central Post Office, PH","1400, PH"
"Baesa, PH","1401, PH"
"Santa Quiteria, PH","1402, PH"
"Grace Park East, PH","1403, PH"
"San Jose, PH","1404, PH"
"First Avenue to Seventh Avenue West, PH","1405, PH"
"Grace Park West, PH","1406, PH"
"University Hills, PH","1407, PH"
"Sangandaan, PH","1408, PH"
"Kaunlaran Village, PH","1409, PH"
"Kaunlaran Village (shared with Malabon City and Navotas), PH","1409, PH"
"Kaunlaran Village (shared with Caloocan City and Navotas), PH","1409, PH"
"Maypajo, PH","1410, PH"
"Fish Market (shared with Navotas), PH","1411, PH"
"Fish Market, PH","1411, PH"
"Isla de Cocomo, PH","1412, PH"
"Kapitbahayan [East], PH","1413, PH"
"Kapitbayahan, PH","1413, PH"
"Kaybiga/Deparo, PH","1420, PH"
"Bagumbong/Pag-asa, PH","1421, PH"
"Novaliches North, PH","1422, PH"
"Lilles Ville Subdivision, PH","1423, PH"
"Captol Parkland Subdivision, PH","1424, PH"
"Amparo Subdivision, PH","1425, PH"
"Bankers Village, PH","1426, PH"
"Tala Leprosarium and Victory Heights, PH","1427, PH"
"Cefels Park Subdivision, PH","1427, PH"
"Bagong Silang, PH","1428, PH"
"Valenzuela Central Post Office - Malinta, PH","1440, PH"
"Karuhatan, PH","1441, PH"
"General T. de Leon, PH","1442, PH"
"Fortune Village, PH","1442, PH"
"Paso de Blas, PH","1442, PH"
"Dalandanan - West Canumay, PH","1443, PH"
"Polo, PH","1444, PH"
"Arkong Bato, PH","1444, PH"
"Mabolo, PH","1444, PH"
"Malanday, PH","1444, PH"
"Rincon, PH","1444, PH"
"Pasolo, PH","1444, PH"
"Balangkas - Caloong, PH","1445, PH"
"Lingunan, PH","1446, PH"
"East Canumay - Lawang Bato Punturin, PH","1447, PH"
"Mapulang Lupa, PH","1448, PH"
"Valenzuela P.O. Boxes, PH","1469, PH"
"Tinajeros, PH","1470, PH"
"Malabon, PH","1470, PH"
"Flores, PH","1471, PH"
"Longos, PH","1472, PH"
"Tonsuya, PH","1473, PH"
"Acacia, PH","1474, PH"
"Potrero, PH","1475, PH"
"Araneta Subdivision, PH","1476, PH"
"Maysilo, PH","1477, PH"
"Santolan, PH","1478, PH"
"Muzon, PH","1479, PH"
"Dampalit, PH","1480, PH"
"Navotas, PH","1485, PH"
"Tangos, PH","1489, PH"
"Tanza, PH","1490, PH"
"San Juan Central Post Office, PH","1500, PH"
"Greenhills Post Office, PH","1502, PH"
"Greenhills [North], PH","1503, PH"
"Eisenhower - Crame, PH","1504, PH"
"Greenhills P.O. Box Nos. 1000 to 1099, PH","1530, PH"
"Greenhills P.O. Box Nos. 1100 to 1199, PH","1531, PH"
"Greenhills P.O. Box Nos. 1200 to 1299, PH","1532, PH"
"Greenhills P.O. Box Nos. 1300 to 1399, PH","1533, PH"
"Greenhills P.O. Box Nos. 1400 to 1499, PH","1534, PH"
"Greenhills P.O. Box Nos. 1500 to 1599, PH","1535, PH"
"Greenhills P.O. Box Nos. 1600 to 1699, PH","1536, PH"
"Mandaluyong Central Post Office, PH","1550, PH"
"Vergara, PH","1551, PH"
"Shaw Boulevard, PH","1552, PH"
"National Center for Mental Health, PH","1553, PH"
"East EDSA, PH","1554, PH"
"Wack Wack, PH","1555, PH"
"Greenhills South, PH","1556, PH"
"Pasig Central Post Office, PH","1600, PH"
"San Joaquin, PH","1601, PH"
"Pinagbuhatan, PH","1602, PH"
"Kapitolyo, PH","1603, PH"
"Ugong, PH","1604, PH"
"Ortigas Post Office, PH","1605, PH"
"Caniogan, PH","1606, PH"
"Maybunga, PH","1607, PH"
"Santa Lucia, PH","1608, PH"
"Rosario, PH","1609, PH"
"Santolan, PH","1610, PH"
"Manggahan, PH","1611, PH"
"Green Park, PH","1612, PH"
"Aguho, PH","1620, PH"
"Santa Ana, PH","1621, PH"
"Western Bicutan (including Food Terminal, Inc., PH","1630, PH"
"Bicutan, PH","1631, PH"
"ususan, PH","1632, PH"
"Upper Bicutan, PH","1633, PH"
"Nichols - McKinley, PH","1634, PH"
"Bay Breeze Executive Village, PH","1636, PH"
"Tuktukan, PH","1637, PH"
"Ligid, PH","1638, PH"
"Pasig Ortigas CTR-PO Box# 1000 to 1099, PH","1650, PH"
"Pasig Ortigas CTR-PO Box# 1100 to 1199, PH","1651, PH"
"Pasig Ortigas CTR-PO Box# 1200 to 1299, PH","1652, PH"
"Pasig Ortigas CTR-PO Box# 1300 to 1399, PH","1653, PH"
"Pasig Ortigas CTR-PO Box# 1400 to 1499, PH","1654, PH"
"Pasig Ortigas CTR-PO Box# 1500 to 1599, PH","1655, PH"
"Pasig Ortigas CTR-PO Box# 1600 to 1699, PH","1656, PH"
"Pasig Ortigas CTR-PO Box# 1700 to 1799, PH","1657, PH"
"Pasig Ortigas CTR-PO Box# 1800 to 1899, PH","1658, PH"
"Pasig Ortigas CTR-PO Box# 1900 to 1999, PH","1659, PH"
"Pasig Ortigas CTR-PO Box# 2000 to 2099, PH","1660, PH"
"Pasig Ortigas CTR-PO Box# 2100 to 2199, PH","1661, PH"
"Pasig Ortigas CTR-PO Box# 2200 to 2299, PH","1662, PH"
"Pasig Ortigas CTR-PO Box# 2300 to 2399, PH","1663, PH"
"Pasig Ortigas CTR-PO Box# 2400 to 2499, PH","1664, PH"
"Pasig Ortigas CTR-PO Box# 2500 to 2599, PH","1665, PH"
"Pasig Ortigas CTR-PO Box# 2600 to 2699, PH","1666, PH"
"Pasig Ortigas CTR-PO Box# 2700 to 2799, PH","1667, PH"
"Pasig Ortigas CTR-PO Box# 2800 to 2899, PH","1668, PH"
"Pasig Ortigas CTR-PO Box# 2900 to 2999, PH","1669, PH"
"Pasig Ortigas CTR-PO Box# 3000 to 3099, PH","1670, PH"
"Pasig Ortigas CTR-PO Box# 3100 to 3199, PH","1671, PH"
"Pasig Ortigas CTR-PO Box# 3200 to 3299, PH","1672, PH"
"Pasig Ortigas CTR-PO Box# 3300 to 3399, PH","1673, PH"
"Pasig Ortigas CTR-PO Box# 3400 to 3499, PH","1674, PH"
"Pasig Ortigas CTR-PO Box# 3500 to 3599, PH","1675, PH"
"Pasig Ortigas CTR-PO Box# 3600 to 3699, PH","1676, PH"
"Pasig Ortigas CTR-PO Box# 3700 to 3799, PH","1677, PH"
"Pasig Ortigas CTR-PO Box# 3800 to 3899, PH","1678, PH"
"Pasig Ortigas CTR-PO Box# 3900 to 3999, PH","1679, PH"
"Pasig Ortigas CTR-PO Box# 4000 to 4099, PH","1680, PH"
"Pasig Ortigas CTR-PO Box# 4100 to 4199, PH","1681, PH"
"Pasig Ortigas CTR-PO Box# 4200 to 4299, PH","1682, PH"
"Pasig Ortigas CTR-PO Box# 4300 to 4399, PH","1683, PH"
"Pasig Ortigas CTR-PO Box# 4400 to 4499, PH","1684, PH"
"Pasig Ortigas CTR-PO Box# 4500 to 4599, PH","1685, PH"
"Pasig Ortigas CTR-PO Box# 4600 to 4699, PH","1686, PH"
"Pasig Ortigas CTR-PO Box# 4700 to 4799, PH","1687, PH"
"Pasig Ortigas CTR-PO Box# 4800 to 4899, PH","1688, PH"
"Pasig Ortigas CTR-PO Box# 4900 to 4999, PH","1689, PH"
"Pasig Ortigas CTR-PO Box# 5000 to 5099, PH","1690, PH"
"Pasig Ortigas CTR-PO Box# 5100 to 5199, PH","1691, PH"
"Pasig Ortigas CTR-PO Box# 5200 to 5299, PH","1692, PH"
"Pasig Ortigas CTR-PO Box# 5300 to 5399, PH","1693, PH"
"Pasig Ortigas CTR-PO Box# 5400 to 5499, PH","1694, PH"
"Pasig Ortigas CTR-PO Box# 5500 to 5599, PH","1695, PH"
"Pasig Ortigas CTR-PO Box# 5600 to 5699, PH","1696, PH"
"Pasig Ortigas CTR-PO Box# 5700 to 5799, PH","1697, PH"
"Pasig Ortigas CTR-PO Box# 5800 to 5899, PH","1698, PH"
"Pasig Ortigas CTR-PO Box# 5900 to 5999, PH","1699, PH"
"Parañaque CPO, PH","1700, PH"
"Tambo, PH","1701, PH"
"Baclaran, PH","1702, PH"
"Marina Subdivision (Reclamation), PH","1703, PH"
"Santo Niño, PH","1704, PH"
"Ninoy Aquino International Airport, PH","1705, PH"
"Pulo, PH","1706, PH"
"San Antonio Valley 11 &amp; 12, PH","1707, PH"
"Multinational Village, PH","1708, PH"
"South Admiral Village, Merville Park &amp; Moonwalk Subdivision, PH","1709, PH"
"Executive Heights Subdivision, PH","1710, PH"
"Better Living Subdivision, PH","1711, PH"
"Miramar Subdivision, PH","1712, PH"
"United Parañaque Subdivision, PH","1713, PH"
"Aeropark Subdivision, PH","1714, PH"
"Ireneville Subdivision II, PH","1714, PH"
"San Antonio Valley 1, PH","1715, PH"
"Maywood Village II, PH","1716, PH"
"Manila Memorial Park, PH","1717, PH"
"BF Homes 2, PH","1718, PH"
"Ireneville Subdivision I &amp; III, PH","1719, PH"
"Maywood Village I, PH","1719, PH"
"BF Homes 1, PH","1720, PH"
"Las Piñas Central Post Office, PH","1740, PH"
"Greymarville Subdivision, PH","1741, PH"
"Pulang Lupa and Zapote, PH","1742, PH"
"Cut-cut, PH","1743, PH"
"Manuyo, PH","1744, PH"
"Gatchalian Subdivision, PH","1745, PH"
"Verdant Acres Subdivision, PH","1746, PH"
"Moonwalk Subdivision and Talon, PH","1747, PH"
"Manila Doctors Village, PH","1748, PH"
"Angela Village, PH","1749, PH"
"Almanza, PH","1750, PH"
"T.S. Cruz Subdivision, PH","1751, PH"
"Soldiers Hills Subdivision, PH","1752, PH"
"Muntinlupa Central Post Office, PH","1770, PH"
"Buli/Cupang, PH","1771, PH"
"Soldiers' Hills, PH","1772, PH"
"Bayanan/Putatan, PH","1772, PH"
"Tunasan, PH","1773, PH"
"Susana Heights, PH","1774, PH"
"Pearl Heights, PH","1775, PH"
"Poblacion, PH","1776, PH"
"Pleasant Village, PH","1777, PH"
"Ayala Alabang Subdivision, PH","1780, PH"
"Ayala Alabang P.O. Boxes, PH","1799, PH"
"Marikina Central Post Office, PH","1800, PH"
"San Roque-Calumpang, PH","1801, PH"
"Industrial Valley, PH","1802, PH"
"Barangka and Tañong, PH","1803, PH"
"J. De La Peña, PH","1804, PH"
"Malanday, PH","1805, PH"
"Northern and Western Marikina River, PH","1806, PH"
"Concepcion tarlac, PH","1807, PH"
"Nangka, PH","1808, PH"
"Parang, PH","1809, PH"
"Marikina Heights, PH","1810, PH"
"Concepcion 2, PH","1811, PH"
"819: Not used, PH","1812, PH"
"Bagong Nayon, Cupang, Mambagat, and Mayamot, PH","1820, PH"
"San Mateo, PH","1850, PH"
"Rodriguez, PH","1860, PH"
"Antipolo City, PH","1870, PH"
"Teresa, PH","1880, PH"
"Jalajala, PH","1900, PH"
"Cainta, PH","1900, PH"
"Pililla, PH","1910, PH"
"Taytay, PH","1920, PH"
"Angono, PH","1930, PH"
"Binangonan, PH","1940, PH"
"Cardona, PH","1950, PH"
"Morong, PH","1960, PH"
"Baras, PH","1970, PH"
"Tanay, PH","1980, PH"
"City of San Fernando, PH","2000, PH"
"Bacolor, PH","2001, PH"
"Santa Rita, PH","2002, PH"
"Guagua, PH","2003, PH"
"Sasmuan (Sexmoan), PH","2004, PH"
"Lubao, PH","2005, PH"
"Floridablanca, PH","2006, PH"
"Basa Airbase, PH","2007, PH"
"Porac, PH","2008, PH"
"Angeles City, PH","2009, PH"
"Mabalacat, PH","2010, PH"
"Magalang, PH","2011, PH"
"Arayat, PH","2012, PH"
"Candaba, PH","2013, PH"
"San Luis, PH","2014, PH"
"San Simon, PH","2015, PH"
"Apalit, PH","2016, PH"
"Masantol, PH","2017, PH"
"Macabebe, PH","2018, PH"
"Minalin, PH","2019, PH"
"Santo Tomas, PH","2020, PH"
"Mexico, PH","2021, PH"
"Santa Ana, PH","2022, PH"
"Balanga City, PH","2100, PH"
"Pilar, PH","2101, PH"
"Orion, PH","2102, PH"
"Limay, PH","2103, PH"
"Lamao, PH","2104, PH"
"Mariveles, PH","2105, PH"
"Mariveles, PH","2106, PH"
"Bagac, PH","2107, PH"
"Morong, PH","2108, PH"
"Morong, PH","2109, PH"
"Dinalupihan, PH","2110, PH"
"Hermosa, PH","2111, PH"
"Orani, PH","2112, PH"
"Samal, PH","2113, PH"
"Abucay, PH","2114, PH"
"3 Santa Cruz, PH","2133, PH"
"Olongapo City, PH","2200, PH"
"Iba, PH","2201, PH"
"Botolan, PH","2202, PH"
"Cabangan, PH","2203, PH"
"San Felipe, PH","2204, PH"
"San Narciso, PH","2205, PH"
"San Antonio, PH","2206, PH"
"San Marcelino, PH","2207, PH"
"Castillejos, PH","2208, PH"
"Subic, PH","2209, PH"
"Palauig &amp; Scarborough Shoal, PH","2210, PH"
"Masinloc, PH","2211, PH"
"Candelaria, PH","2212, PH"
"Santa Cruz, PH","2213, PH"
"Subic Bay Freeport Zone, PH","2222, PH"
"Tarlac City, PH","2300, PH"
"San Jose, PH","2301, PH"
"Gerona, PH","2302, PH"
"Santa Ignacia, PH","2303, PH"
"Mayantoc, PH","2304, PH"
"San Clemente, PH","2305, PH"
"Camiling, PH","2306, PH"
"[Paniqui], PH","2307, PH"
"San Manuel, PH","2309, PH"
"Anao, PH","2310, PH"
"Ramos, PH","2311, PH"
"Pura, PH","2312, PH"
"Victoria, PH","2313, PH"
"La Paz, PH","2314, PH"
"Concepcion, PH","2316, PH"
"Bamban, PH","2317, PH"
"Capas, PH","2333, PH"
"Moncada, PH","2334, PH"
"Dagupan City, PH","2400, PH"
"Lingayen, PH","2401, PH"
"Labrador, PH","2402, PH"
"Sual, PH","2403, PH"
"Alaminos, PH","2404, PH"
"Anda, PH","2405, PH"
"Bolinao, PH","2406, PH"
"Bani, PH","2407, PH"
"Agno, PH","2408, PH"
"Mabini, PH","2409, PH"
"Burgos, PH","2410, PH"
"Dasol, PH","2411, PH"
"Infanta, PH","2412, PH"
"Mangatarem, PH","2413, PH"
"Urbiztondo, PH","2414, PH"
"Aguilar, PH","2415, PH"
"Bugallon, PH","2416, PH"
"Binmaley, PH","2417, PH"
"Calasiao, PH","2418, PH"
"Santa Barbara, PH","2419, PH"
"San Carlos City, PH","2420, PH"
"Malasiqui, PH","2421, PH"
"Basista, PH","2422, PH"
"Bayambang, PH","2423, PH"
"Bautista, PH","2424, PH"
"Alcala, PH","2425, PH"
"Santo Tomas, PH","2426, PH"
"Villasis, PH","2427, PH"
"Urdaneta, PH","2428, PH"
"Mapandan, PH","2429, PH"
"Manaoag, PH","2430, PH"
"San Jacinto, PH","2431, PH"
"Mangaldan, PH","2432, PH"
"San Fabian, PH","2433, PH"
"Sison, PH","2434, PH"
"Pozorrubio, PH","2435, PH"
"Binalonan, PH","2436, PH"
"Laoac, PH","2437, PH"
"San Manuel, PH","2438, PH"
"Asingan, PH","2439, PH"
"Santa Maria, PH","2440, PH"
"Rosales, PH","2441, PH"
"Balungao, PH","2442, PH"
"Umingan, PH","2443, PH"
"San Quintin, PH","2444, PH"
"Tayug, PH","2445, PH"
"Natividad, PH","2446, PH"
"San Nicolas, PH","2447, PH"
"San Fernando City, PH","2500, PH"
"Bauang, PH","2501, PH"
"Caba, PH","2502, PH"
"Aringay, PH","2503, PH"
"Agoo, PH","2504, PH"
"Santo Tomas, PH","2505, PH"
"Rosario, PH","2506, PH"
"Damortis, PH","2507, PH"
"Pugo, PH","2508, PH"
"Tubao, PH","2509, PH"
"Burgos, PH","2510, PH"
"Naguillan, PH","2511, PH"
"Bagulin, PH","2512, PH"
"San Gabriel, PH","2513, PH"
"San Juan, PH","2514, PH"
"Bacnotan, PH","2515, PH"
"Santol, PH","2516, PH"
"Balaoan, PH","2517, PH"
"Luna, PH","2518, PH"
"Bangar, PH","2519, PH"
"Sudepen, PH","2520, PH"
"Alcoy, PH","2566, PH"
"Baguio City, PH","2600, PH"
"La Trinidad, PH","2601, PH"
"Philippine Military Academy, PH","2602, PH"
"Tuba, including Marcos Highway and Kennon Road, PH","2603, PH"
"Itogon, PH","2604, PH"
"Bokod, PH","2605, PH"
"Kabayan, PH","2606, PH"
"Buguias, PH","2607, PH"
"Mankayan, PH","2608, PH"
"Lepanto, Mankayan, PH","2609, PH"
"Bakun, PH","2610, PH"
"Kibungan, PH","2611, PH"
"Atok, PH","2612, PH"
"Kapangan, PH","2613, PH"
"Sablan, PH","2614, PH"
"Tublay, PH","2615, PH"
"Bontoc, PH","2616, PH"
"Sadanga, PH","2617, PH"
"Besao, PH","2618, PH"
"Sagada, PH","2619, PH"
"Tadian, PH","2620, PH"
"Bauko, PH","2621, PH"
"Sabangan, PH","2622, PH"
"Barlig, PH","2623, PH"
"Natonin, PH","2624, PH"
"Paracelis, PH","2625, PH"
"Vigan City, PH","2700, PH"
"Santa Catalina, PH","2701, PH"
"Caoayan, PH","2702, PH"
"Santa, PH","2703, PH"
"Narvacan, PH","2704, PH"
"Santa Maria, PH","2705, PH"
"San Esteban, PH","2706, PH"
"Santiago, PH","2707, PH"
"Banayoyo, PH","2708, PH"
"Galimuyod, PH","2709, PH"
"Candon City, PH","2710, PH"
"Salcedo, PH","2711, PH"
"Santa Lucia, PH","2712, PH"
"Santa Cruz, PH","2713, PH"
"Tagudin, PH","2714, PH"
"Suyo, PH","2715, PH"
"Alilem, PH","2716, PH"
"Sugpon, PH","2717, PH"
"Cervantes, PH","2718, PH"
"Sigay, PH","2719, PH"
"Gregorio del Pilar, PH","2720, PH"
"Quirino, PH","2721, PH"
"San Emilio, PH","2722, PH"
"Lidlidda, PH","2723, PH"
"Burgos, PH","2724, PH"
"Nagbukel, PH","2725, PH"
"San Vicente, PH","2726, PH"
"Bantay, PH","2727, PH"
"San Ildefonso, PH","2728, PH"
"Santo Domingo, PH","2729, PH"
"Magsingal, PH","2730, PH"
"San Juan, PH","2731, PH"
"Cabugao, PH","2732, PH"
"Sinait, PH","2733, PH"
"Bangued, PH","2800, PH"
"Dolores, PH","2801, PH"
"Lagangilang, PH","2802, PH"
"Tayum, PH","2803, PH"
"Peñarrubia, PH","2804, PH"
"Bucay, PH","2805, PH"
"Pidigan, PH","2806, PH"
"Langiden, PH","2807, PH"
"San Quintin, PH","2808, PH"
"San Isidro, PH","2809, PH"
"Manabo, PH","2810, PH"
"Villaviciosa, PH","2811, PH"
"Pilar, PH","2812, PH"
"Luba, PH","2813, PH"
"Tubo, PH","2814, PH"
"Boliney, PH","2815, PH"
"Daguioman, PH","2816, PH"
"Bucloc, PH","2817, PH"
"Sallapadan, PH","2818, PH"
"Licuan (Baay), PH","2819, PH"
"Malibcong, PH","2820, PH"
"Lacub, PH","2821, PH"
"Tineg, PH","2822, PH"
"San Juan, PH","2823, PH"
"Lagayan, PH","2824, PH"
"Danglas, PH","2825, PH"
"La Paz, PH","2826, PH"
"Laoag City, PH","2900, PH"
"San Nicolas, PH","2901, PH"
"Paoay, PH","2902, PH"
"Currimao, PH","2903, PH"
"Badoc, PH","2904, PH"
"Pinili, PH","2905, PH"
"Batac City, PH","2906, PH"
"Marcos, PH","2907, PH"
"Banna, PH","2908, PH"
"Nueva Era, PH","2909, PH"
"Solsona, PH","2910, PH"
"Carasi, PH","2911, PH"
"Piddig, PH","2912, PH"
"Dingras, PH","2913, PH"
"Sarrat, PH","2914, PH"
"Vintar, PH","2915, PH"
"Bacarra, PH","2916, PH"
"Pasuquin, PH","2917, PH"
"Burgos, PH","2918, PH"
"Pagudpud, PH","2919, PH"
"Bangui, PH","2920, PH"
"Dumalneg, PH","2921, PH"
"Adams, PH","2922, PH"
"Malolos City, PH","3000, PH"
"Paombong, PH","3001, PH"
"Hagonoy, PH","3002, PH"
"Calumpit, PH","3003, PH"
"Plaridel, PH","3004, PH"
"Pulilan, PH","3005, PH"
"Baliuag, PH","3006, PH"
"Bustos, PH","3007, PH"
"San Rafael, PH","3008, PH"
"Dona Remedios Trinidad, PH","3009, PH"
"San Ildefonso, PH","3010, PH"
"San Miguel, PH","3011, PH"
"Angat, PH","3012, PH"
"Norzagaray, PH","3013, PH"
"Pandi, PH","3014, PH"
"Guiguinto, PH","3015, PH"
"Balagtas, PH","3016, PH"
"Bulacan, PH","3017, PH"
"Bocaue, PH","3018, PH"
"Marilao, PH","3019, PH"
"Meycauayan City, PH","3020, PH"
"Obando, PH","3021, PH"
"Santa Maria, PH","3022, PH"
"San Jose del Monte City, PH","3023, PH"
"Sapang Palay, San Jose del Monte City, PH","3024, PH"
"Cabanatuan City, PH","3100, PH"
"Santa Rosa, PH","3101, PH"
"San Leonardo, PH","3102, PH"
"Peñaranda, PH","3103, PH"
"General Tinio, PH","3104, PH"
"Gapan City, PH","3105, PH"
"San Isidro, PH","3106, PH"
"Cabiao, PH","3107, PH"
"San Antonio, PH","3108, PH"
"Jaen, PH","3109, PH"
"Zaragoza, PH","3110, PH"
"Aliaga, PH","3111, PH"
"Licab, PH","3112, PH"
"Quezon, PH","3113, PH"
"Talavera, PH","3114, PH"
"Guimba, PH","3115, PH"
"Nampicuan, PH","3116, PH"
"Cuyapo, PH","3117, PH"
"Talugtog, PH","3118, PH"
"Science City of Muñoz, PH","3119, PH"
"Central Luzon State University, PH","3120, PH"
"San Jose City, PH","3121, PH"
"Lupao, PH","3122, PH"
"Carranglan, PH","3123, PH"
"Pantabangan, PH","3124, PH"
"General M. Natividad, PH","3125, PH"
"Llanera, PH","3126, PH"
"Rizal, PH","3127, PH"
"Bongabon, PH","3128, PH"
"Laur, PH","3129, PH"
"Fort Magsaysay, PH","3130, PH"
"Gabaldon, PH","3131, PH"
"Palayan City, PH","3132, PH"
"Santo Domingo, PH","3133, PH"
"Baler, PH","3200, PH"
"San Luis, PH","3201, PH"
"Maria Aurora, PH","3202, PH"
"Dipaculao, PH","3203, PH"
"Casiguran, PH","3204, PH"
"Dilasag, PH","3205, PH"
"Dinalungan, PH","3206, PH"
"Dingalan, PH","3207, PH"
"Ilagan, PH","3300, PH"
"Gamu, PH","3301, PH"
"Naguillan, PH","3302, PH"
"Reina Mercedes, PH","3303, PH"
"Luna, PH","3304, PH"
"Cauayan City, PH","3305, PH"
"Alicia, PH","3306, PH"
"Angadanan, PH","3307, PH"
"San Guillermo, PH","3308, PH"
"Echague, PH","3309, PH"
"San Isidro, PH","3310, PH"
"Santiago City, PH","3311, PH"
"Cordon, PH","3312, PH"
"Jones, PH","3313, PH"
"San Agustin, PH","3314, PH"
"Cabatuan, PH","3315, PH"
"Aurora, PH","3316, PH"
"San Manuel (Callang), PH","3317, PH"
"San Mateo, PH","3318, PH"
"Ramon, PH","3319, PH"
"Roxas, PH","3320, PH"
"Quirino, PH","3321, PH"
"Burgos, PH","3322, PH"
"Mallig, PH","3323, PH"
"Quezon, PH","3324, PH"
"Tumauini, PH","3325, PH"
"Delfin Albano, PH","3326, PH"
"Santo Tomas, PH","3327, PH"
"Cabagan, PH","3328, PH"
"San Pablo, PH","3329, PH"
"Santa Maria, PH","3330, PH"
"Benito Soliven, PH","3331, PH"
"San Mariano, PH","3332, PH"
"Maconacon, PH","3333, PH"
"Palanan, PH","3334, PH"
"Divilacan, PH","3335, PH"
"Dinapigui, PH","3336, PH"
"Cabarroguis, PH","3400, PH"
"Diffun, PH","3401, PH"
"Saguday, PH","3402, PH"
"Aglipay, PH","3403, PH"
"Maddela, PH","3404, PH"
"Nagtipunan, PH","3405, PH"
"Tuguegarao City, PH","3500, PH"
"Enrile, PH","3501, PH"
"Peñablanca, PH","3502, PH"
"Solana, PH","3503, PH"
"Iguig, PH","3504, PH"
"Amulung, PH","3505, PH"
"Baggao, PH","3506, PH"
"Alcala, PH","3507, PH"
"Gattaran, PH","3508, PH"
"Lal-Lo, PH","3509, PH"
"Camalaniugan, PH","3510, PH"
"Buguey, PH","3511, PH"
"Santa Teresita, PH","3512, PH"
"Gonzaga, PH","3513, PH"
"Santa Ana, PH","3514, PH"
"Aparri, PH","3515, PH"
"Ballesteros, PH","3516, PH"
"Abulug, PH","3517, PH"
"Sanchez-Mira, PH","3518, PH"
"Claveria, PH","3519, PH"
"Calayan, PH","3520, PH"
"Santa Praxedes, PH","3521, PH"
"Pamplona, PH","3522, PH"
"Allacapan, PH","3523, PH"
"Lasam, PH","3524, PH"
"Santo Niño, PH","3525, PH"
"Rizal, PH","3526, PH"
"Piat, PH","3527, PH"
"Tuao, PH","3528, PH"
"Lagawe, PH","3600, PH"
"Banaue, PH","3601, PH"
"Mayoyao, PH","3602, PH"
"Hungduan, PH","3603, PH"
"Kiangan, PH","3604, PH"
"Lamut, PH","3605, PH"
"Aguinaldo, PH","3606, PH"
"Hingyon, PH","3607, PH"
"Alfonso Lista, PH","3608, PH"
"Tinoc, PH","3609, PH"
"Asipulo, PH","3610, PH"
"Bayombong, PH","3700, PH"
"Ambaguio, PH","3701, PH"
"Bambang, PH","3702, PH"
"Kasibu, PH","3703, PH"
"Aritao, PH","3704, PH"
"Santa Fe (Imugan), PH","3705, PH"
"Dupax del Norte, PH","3706, PH"
"Dupax del Sur, PH","3707, PH"
"Kayapa, PH","3708, PH"
"Solano, PH","3709, PH"
"Villa Verde (Ibung), PH","3710, PH"
"Bagabag, PH","3711, PH"
"Diadi, PH","3712, PH"
"Quezon, PH","3714, PH"
"Alfonso Castañeda, PH","3714, PH"
"Tabuk City, PH","3800, PH"
"Balbalan, PH","3801, PH"
"Lubuagan, PH","3802, PH"
"Pasil, PH","3803, PH"
"Tinglayan, PH","3804, PH"
"Tanudan, PH","3805, PH"
"Pinukpuk, PH","3806, PH"
"Conner, PH","3807, PH"
"Liwan (Rizal), PH","3808, PH"
"Kabugao, PH","3809, PH"
"Flora, PH","3810, PH"
"Santa Marcela, PH","3811, PH"
"Pudtol, PH","3812, PH"
"Luna, PH","3813, PH"
"Calanasan (Bayag), PH","3814, PH"
"Basco, PH","3900, PH"
"Mahatao, PH","3901, PH"
"Ivana, PH","3902, PH"
"Uyugan, PH","3903, PH"
"Sabtang, PH","3904, PH"
"Itbayat, PH","3905, PH"
"San Pablo City, PH","4000, PH"
"Alaminos, PH","4001, PH"
"Nagcarlan, PH","4002, PH"
"Rizal, PH","4003, PH"
"Liliw, PH","4004, PH"
"Majayjay, PH","4005, PH"
"Botocan, Magdalena, PH","4006, PH"
"Magdalena, PH","4007, PH"
"Pagsanjan, PH","4008, PH"
"Santa Cruz, PH","4009, PH"
"Pila, PH","4010, PH"
"Victoria, PH","4011, PH"
"Calauan, PH","4012, PH"
"Cavinti, PH","4013, PH"
"Lumban, PH","4014, PH"
"Kalayaan, PH","4015, PH"
"Paete, PH","4016, PH"
"Pakil, PH","4017, PH"
"Pangil, PH","4018, PH"
"Siniloan, PH","4019, PH"
"Mabitac, PH","4020, PH"
"Famy, PH","4021, PH"
"Santa Maria, PH","4022, PH"
"San Pedro, PH","4023, PH"
"Biñan City, PH","4024, PH"
"Cabuyao, PH","4025, PH"
"Santa Rosa City, PH","4026, PH"
"Calamba City, PH","4027, PH"
"Canlubang, Calamba City, PH","4028, PH"
"Camp Vicente Lim, PH","4029, PH"
"Los Baños, PH","4030, PH"
"University of the Philippines, Los Baños, PH","4031, PH"
"Luisiana, PH","4032, PH"
"Bay, PH","4033, PH"
"Cavite City, PH","4100, PH"
"Sangley Point Naval Base, PH","4101, PH"
"Bacoor, PH","4102, PH"
"Imus, PH","4103, PH"
"Kawit, PH","4104, PH"
"Noveleta, PH","4105, PH"
"Rosario, PH","4106, PH"
"General Trias, PH","4107, PH"
"Tanza, PH","4108, PH"
"Trece Martires City, PH","4109, PH"
"Naic, PH","4110, PH"
"Ternate, PH","4111, PH"
"Maragondon, PH","4112, PH"
"Magallanes, PH","4113, PH"
"Dasmariñas, PH","4114, PH"
"Dasmarinas Resettlement Area, PH","4115, PH"
"Carmona, PH","4116, PH"
"General Mariano Alvarez, PH","4117, PH"
"Silang, PH","4118, PH"
"Amadeo, PH","4119, PH"
"Tagaytay City, PH","4120, PH"
"Mendez, PH","4121, PH"
"Indang, PH","4122, PH"
"Alfonso, PH","4123, PH"
"General Emilio Aguinaldo, PH","4124, PH"
"Corregidor Island, PH","4125, PH"
"Bailen, PH","4133, PH"
"Batangas City, PH","4200, PH"
"Bauan, PH","4201, PH"
"Mabini, PH","4202, PH"
"Tingloy, PH","4203, PH"
"San Pascual, PH","4204, PH"
"Alitagtag, PH","4205, PH"
"Santa Teresita, PH","4206, PH"
"San Nicolas, PH","4207, PH"
"Taal, PH","4208, PH"
"Lemery, PH","4209, PH"
"San Luis, PH","4210, PH"
"Agoncillo, PH","4211, PH"
"Calaca, PH","4212, PH"
"Balayan, PH","4213, PH"
"Tuy, PH","4214, PH"
"Calatagan, PH","4215, PH"
"Lian, PH","4216, PH"
"Lipa City, PH","4217, PH"
"Fernando Airbase, PH","4218, PH"
"Balete, PH","4219, PH"
"Talisay, PH","4220, PH"
"Laurel, PH","4221, PH"
"Cuenca, PH","4222, PH"
"Mataas na Kahoy, PH","4223, PH"
"Padre Garcia, PH","4224, PH"
"Rosario, PH","4225, PH"
"San Juan, PH","4226, PH"
"San Jose, PH","4227, PH"
"Taysan, PH","4228, PH"
"Lobo, PH","4229, PH"
"Ibaan, PH","4230, PH"
"Nasugbu, PH","4231, PH"
"Tanauan City, PH","4232, PH"
"Malvar, PH","4233, PH"
"Santo Tomas, PH","4234, PH"
"Provincial Capitol, Lucena City, PH","4300, PH"
"Lucena City, PH","4301, PH"
"Pagbilao, PH","4302, PH"
"Padre Burgos, PH","4303, PH"
"Agdangan, PH","4304, PH"
"Unisan, PH","4305, PH"
"Plaridel, PH","4306, PH"
"Gumaca, PH","4307, PH"
"Pitogo, PH","4308, PH"
"Macalelon, PH","4309, PH"
"General Antonio Luna, PH","4310, PH"
"Catanauan, PH","4311, PH"
"Mulanay, PH","4312, PH"
"San Narciso, PH","4313, PH"
"San Andres, PH","4314, PH"
"San Francisco (Aurora), PH","4315, PH"
"Lopez, PH","4316, PH"
"Hondagua, PH","4317, PH"
"Calauag, PH","4318, PH"
"Guinayangan, PH","4319, PH"
"Buenavista, PH","4320, PH"
"Tagkawayan, PH","4321, PH"
"Sariaya, PH","4322, PH"
"Candelaria, PH","4323, PH"
"San Antonio, PH","4324, PH"
"Tiaong, PH","4325, PH"
"Dolores, PH","4326, PH"
"Tayabas, PH","4327, PH"
"Lucban, PH","4328, PH"
"Sampaloc, PH","4329, PH"
"Mauban, PH","4330, PH"
"Atimonan, PH","4331, PH"
"Quezon, PH","4332, PH"
"Alabat, PH","4333, PH"
"Perez, PH","4334, PH"
"Real, PH","4335, PH"
"Infanta, PH","4336, PH"
"Panukulan, PH","4337, PH"
"General Nakar, PH","4338, PH"
"Polilio, PH","4339, PH"
"Burdeos, PH","4340, PH"
"Patnanungan, PH","4341, PH"
"Jomalig, PH","4342, PH"
"Naga City, PH","4400, PH"
"Camaligan, PH","4401, PH"
"Canaman, PH","4402, PH"
"Magarao, PH","4403, PH"
"Bombon, PH","4404, PH"
"Calabanga, PH","4405, PH"
"Cabusao, PH","4406, PH"
"Libmanan, PH","4407, PH"
"Sipocot, PH","4408, PH"
"Lupi, PH","4409, PH"
"Ragay, PH","4410, PH"
"Del Gallego, PH","4411, PH"
"Gainza, PH","4412, PH"
"Milaor, PH","4413, PH"
"Minalabac, PH","4414, PH"
"San Fernando, PH","4415, PH"
"Pamplona, PH","4416, PH"
"Pasacao, PH","4417, PH"
"Pili, PH","4418, PH"
"Ocampo, PH","4419, PH"
"Tigaon, PH","4420, PH"
"Sagnay, PH","4421, PH"
"Goa, PH","4422, PH"
"San Jose, PH","4423, PH"
"Presentacion, PH","4424, PH"
"Lagonoy, PH","4425, PH"
"Tinambac, PH","4426, PH"
"Siruma, PH","4427, PH"
"Garchitorena, PH","4428, PH"
"Caramoan, PH","4429, PH"
"Bula, PH","4430, PH"
"Iriga City, PH","4431, PH"
"Baao, PH","4432, PH"
"Buhi, PH","4433, PH"
"Nabua, PH","4434, PH"
"Bato, PH","4435, PH"
"Balatan, PH","4436, PH"
"Legazpi City, PH","4500, PH"
"Daraga (Locsin), PH","4501, PH"
"Camalig, PH","4502, PH"
"Guinobatan, PH","4503, PH"
"Ligao City, PH","4504, PH"
"Oas, PH","4505, PH"
"Polangui, PH","4506, PH"
"Libon, PH","4507, PH"
"Santo Domingo, PH","4508, PH"
"Malilipot, PH","4510, PH"
"Tabaco City, PH","4511, PH"
"Malinao, PH","4512, PH"
"Tiwi, PH","4513, PH"
"Manito, PH","4514, PH"
"Jovellar, PH","4515, PH"
"Pio Duran (Malacbalac), PH","4516, PH"
"Rapu-Rapu, PH","4517, PH"
"Alegria, PH","4532, PH"
"Daet, PH","4600, PH"
"Mercedes, PH","4601, PH"
"Talisay, PH","4602, PH"
"Vinzons, PH","4603, PH"
"Labo, PH","4604, PH"
"Paracale, PH","4605, PH"
"Jose Panganiban, PH","4606, PH"
"Capalonga, PH","4607, PH"
"Basud, PH","4608, PH"
"San Vicente, PH","4609, PH"
"Imelda / San Lorenzo Ruiz, PH","4610, PH"
"Santa Elena, PH","4611, PH"
"Tulay-na-Lupa, PH","4612, PH"
"Sorsogon, PH","4700, PH"
"Bacon, PH","4701, PH"
"Casiguran, PH","4702, PH"
"Juban, PH","4703, PH"
"Bulusan, PH","4704, PH"
"Magallanes, PH","4705, PH"
"Bulan, PH","4706, PH"
"Irosin, PH","4707, PH"
"Matnog, PH","4708, PH"
"Santa Magdalena, PH","4709, PH"
"Gubat, PH","4710, PH"
"Prieto Diaz, PH","4711, PH"
"Barcelona, PH","4712, PH"
"Castilla, PH","4713, PH"
"Pilar, PH","4714, PH"
"Donsol, PH","4715, PH"
"Virac, PH","4800, PH"
"Bato, PH","4801, PH"
"San Miguel, PH","4802, PH"
"Baras, PH","4803, PH"
"Gigmoto, PH","4804, PH"
"Viga, PH","4805, PH"
"Panganiban, PH","4806, PH"
"Bagamanoc, PH","4807, PH"
"Caramoran, PH","4808, PH"
"Pandan, PH","4809, PH"
"San Andres, PH","4810, PH"
"Boac, PH","4900, PH"
"Mogpog, PH","4901, PH"
"Santa Cruz, PH","4902, PH"
"Torrijos, PH","4903, PH"
"Buenavista, PH","4904, PH"
"Gasan, PH","4905, PH"
"Iloilo City, PH","5000, PH"
"Pavia, PH","5001, PH"
"Santa Barbara, PH","5002, PH"
"Leganes, PH","5003, PH"
"Zarraga, PH","5004, PH"
"New Lucena, PH","5005, PH"
"Dumangas, PH","5006, PH"
"Barotoc Nuevo, PH","5007, PH"
"Pototan, PH","5008, PH"
"Anilao, PH","5009, PH"
"Banate, PH","5010, PH"
"Barotoc Viejo, PH","5011, PH"
"Ajuy, PH","5012, PH"
"Concepcion, PH","5013, PH"
"Sara, PH","5014, PH"
"San Dionisio, PH","5015, PH"
"Batad, PH","5016, PH"
"Estancia, PH","5017, PH"
"Balasan, PH","5018, PH"
"Carles, PH","5019, PH"
"Oton, PH","5020, PH"
"Tigbauan, PH","5021, PH"
"Guimbal, PH","5022, PH"
"Miagao, PH","5023, PH"
"San Joaquin, PH","5024, PH"
"San Miguel, PH","5025, PH"
"Leon, PH","5026, PH"
"Tubungan, PH","5027, PH"
"Alimodian, PH","5028, PH"
"Igbaras, PH","5029, PH"
"Maasin, PH","5030, PH"
"Cabatuan, PH","5031, PH"
"Mina, PH","5032, PH"
"Badiangan, PH","5033, PH"
"Janiuay, PH","5034, PH"
"Dingle, PH","5035, PH"
"San Enrique, PH","5036, PH"
"Passi City, PH","5037, PH"
"Duenas, PH","5038, PH"
"San Rafael, PH","5039, PH"
"Calinog, PH","5040, PH"
"Bingawan, PH","5041, PH"
"Lambunao, PH","5042, PH"
"Lemery, PH","5043, PH"
"Buenavista, PH","5044, PH"
"Jordan, PH","5045, PH"
"Nueva Valencia, PH","5046, PH"
"San Lorenzo, PH","5047, PH"
"Sibunag, PH","5048, PH"
"San Jose, PH","5100, PH"
"Magsaysay, PH","5101, PH"
"Calintaan, PH","5102, PH"
"Rizal, PH","5103, PH"
"Sablayan, PH","5104, PH"
"Santa Cruz, PH","5105, PH"
"Mamburao, PH","5106, PH"
"Paluan, PH","5107, PH"
"Abra de Ilog, PH","5108, PH"
"Lubang, PH","5109, PH"
"Tilik, PH","5110, PH"
"Looc, PH","5111, PH"
"Calapan, PH","5200, PH"
"Baco, PH","5201, PH"
"San Teodoro, PH","5202, PH"
"Puerto Galera, PH","5203, PH"
"Naujan, PH","5204, PH"
"Victoria, PH","5205, PH"
"Pola, PH","5206, PH"
"Socorro, PH","5207, PH"
"Pinamalayan, PH","5208, PH"
"Gloria, PH","5209, PH"
"Bansud, PH","5210, PH"
"Bongabon, PH","5211, PH"
"Roxas, PH","5212, PH"
"Mansalay, PH","5213, PH"
"Bulalacao, PH","5214, PH"
"Puerto Princesa, PH","5300, PH"
"Iwahig Penal Colony, PH","5301, PH"
"Aborlan, PH","5302, PH"
"Narra (Panacan), PH","5303, PH"
"Quezon, PH","5304, PH"
"Brooke's Point, PH","5305, PH"
"Bataraza, PH","5306, PH"
"Balabac, PH","5307, PH"
"Roxas, PH","5308, PH"
"San Vicente, PH","5309, PH"
"Dumaran, PH","5310, PH"
"Araceli, PH","5311, PH"
"Taytay, PH","5312, PH"
"El Nido, PH","5313, PH"
"Linapacan, PH","5314, PH"
"Culion, PH","5315, PH"
"Coron, PH","5316, PH"
"Busuanga, PH","5317, PH"
"Cuyo, PH","5318, PH"
"Magsaysay, PH","5319, PH"
"Agutaya, PH","5320, PH"
"Cagayancillo, PH","5321, PH"
"Kalayaan, PH","5322, PH"
"Masbate City, PH","5400, PH"
"Mobo, PH","5401, PH"
"Uson, PH","5402, PH"
"Dimasalang, PH","5403, PH"
"Palanas, PH","5404, PH"
"Cataingan, PH","5405, PH"
"Pio V. Corpuz, PH","5406, PH"
"Esperanza, PH","5407, PH"
"Placer, PH","5408, PH"
"Cawayan, PH","5409, PH"
"Milagros, PH","5410, PH"
"Mandaon, PH","5411, PH"
"Balud, PH","5412, PH"
"Baleno, PH","5413, PH"
"Aroroy, PH","5414, PH"
"Batuan, PH","5415, PH"
"San Fernando, PH","5416, PH"
"San Jacinto, PH","5417, PH"
"Monreal, PH","5418, PH"
"Claveria, PH","5419, PH"
"San Pascual, PH","5420, PH"
"Buenavista, PH","5421, PH"
"Bugasong, PH","5456, PH"
"Romblon, PH","5500, PH"
"San Agustin, PH","5501, PH"
"Imelda, PH","5502, PH"
"Calatrava, PH","5503, PH"
"San Andres, PH","5504, PH"
"Odiongan, PH","5505, PH"
"Ferrol, PH","5506, PH"
"Looc, PH","5507, PH"
"Santa Fe, PH","5508, PH"
"Alcantara, PH","5509, PH"
"San Jose, PH","5510, PH"
"Magdiwang, PH","5511, PH"
"Cajidiocan, PH","5512, PH"
"San Fernando, PH","5513, PH"
"Corcuera, PH","5514, PH"
"Banton (Jones), PH","5515, PH"
"Concepcion, PH","5516, PH"
"Kalibo, PH","5600, PH"
"Banga, PH","5601, PH"
"Libacao, PH","5602, PH"
"Madalag, PH","5603, PH"
"Numancia, PH","5604, PH"
"Lezo, PH","5605, PH"
"Malinao, PH","5606, PH"
"Nabas, PH","5607, PH"
"Malay, PH","5608, PH"
"Buruanga, PH","5609, PH"
"New Washington, PH","5610, PH"
"Makato, PH","5611, PH"
"Tangalan, PH","5612, PH"
"Ibajay, PH","5613, PH"
"Balete, PH","5614, PH"
"Batan, PH","5615, PH"
"Altavas, PH","5616, PH"
"San Jose, PH","5700, PH"
"Belison, PH","5701, PH"
"Patnongon, PH","5702, PH"
"Valderrama, PH","5703, PH"
"Laua-an, PH","5705, PH"
"Barbaza, PH","5706, PH"
"Tibiao, PH","5707, PH"
"Culasi, PH","5708, PH"
"Sebaste, PH","5709, PH"
"Libertad, PH","5710, PH"
"Caluya, PH","5711, PH"
"Pandan, PH","5712, PH"
"Sibalom, PH","5713, PH"
"San Remigio, PH","5714, PH"
"Hamtic, PH","5715, PH"
"Tobias Fornier (Dao), PH","5716, PH"
"Anini-y, PH","5717, PH"
"Roxas City, PH","5800, PH"
"Panay, PH","5801, PH"
"Pontevedra, PH","5802, PH"
"President Roxas, PH","5803, PH"
"Pilar, PH","5804, PH"
"Ivisan, PH","5805, PH"
"Sapian, PH","5806, PH"
"Mambusao, PH","5807, PH"
"Jamindan, PH","5808, PH"
"Ma-ayon, PH","5809, PH"
"Dao, PH","5810, PH"
"Cuartero, PH","5811, PH"
"Dumarao, PH","5812, PH"
"Dumalag, PH","5813, PH"
"Tapaz, PH","5814, PH"
"Panitan, PH","5815, PH"
"Sigma, PH","5816, PH"
"Cebu City, PH","6000, PH"
"Consolacion, PH","6001, PH"
"Liloan, PH","6002, PH"
"Compostela, PH","6003, PH"
"Danao City, PH","6004, PH"
"Carmen, PH","6005, PH"
"Catmon, PH","6006, PH"
"Sogod, PH","6007, PH"
"Borbon, PH","6008, PH"
"Tabogon, PH","6009, PH"
"Asturias, PH","6010, PH"
"Bogo City, PH","6010, PH"
"San Remigio, PH","6011, PH"
"Badian, PH","6011, PH"
"Medellin, PH","6012, PH"
"Daanbantayan, PH","6013, PH"
"Mandaue City, PH","6014, PH"
"Lapu-Lapu City, PH","6015, PH"
"Mactan Airport, PH","6016, PH"
"Cordova, PH","6017, PH"
"San Fernando, PH","6018, PH"
"Carcar City, PH","6019, PH"
"Sibonga, PH","6020, PH"
"Dalaguete, PH","6022, PH"
"Boljoon, PH","6024, PH"
"Oslob, PH","6025, PH"
"Santander, PH","6026, PH"
"Samboan, PH","6027, PH"
"Ginatilan, PH","6028, PH"
"Malabuyoc, PH","6029, PH"
"Moalboal, PH","6032, PH"
"Ronda, PH","6034, PH"
"Dumanjug, PH","6035, PH"
"Barili, PH","6036, PH"
"Naga, PH","6037, PH"
"Toledo City, PH","6038, PH"
"Pinamungahan, PH","6039, PH"
"Balamban, PH","6041, PH"
"Tuburan, PH","6043, PH"
"Tabuelan, PH","6044, PH"
"Talisay City, PH","6045, PH"
"Minglanilla, PH","6046, PH"
"Santa Fe, PH","6047, PH"
"Pilar, PH","6048, PH"
"Poro, PH","6049, PH"
"San Francisco, PH","6050, PH"
"Tudela, PH","6051, PH"
"Bantayan, PH","6052, PH"
"Madridejos, PH","6053, PH"
"Aloguinsan, PH","6088, PH"
"Argao, PH","6099, PH"
"Bacolod City, PH","6100, PH"
"Bago City, PH","6101, PH"
"Pulupandan, PH","6102, PH"
"Valladolid, PH","6103, PH"
"San Enrique, PH","6104, PH"
"Pontevedra, PH","6105, PH"
"Hinigaran City, PH","6106, PH"
"Binalbagan City, PH","6107, PH"
"Himamaylan City, PH","6108, PH"
"Ilog, PH","6109, PH"
"Candoni, PH","6110, PH"
"Kabankalan City, PH","6111, PH"
"Cauayan, PH","6112, PH"
"Sipalay City, PH","6113, PH"
"Hinoba-an, PH","6114, PH"
"Talisay City, PH","6115, PH"
"Silay City, PH","6116, PH"
"Silay Hawaiian Central, PH","6117, PH"
"Enrique Magalona, PH","6118, PH"
"Victorias City, PH","6119, PH"
"Manapla, PH","6120, PH"
"Cadiz City, PH","6121, PH"
"Sagay City, PH","6122, PH"
"Paraiso (Fabrica), PH","6123, PH"
"Escalante City, PH","6124, PH"
"Toboso, PH","6125, PH"
"Calatrava, PH","6126, PH"
"San Carlos City, PH","6127, PH"
"Isabela, PH","6128, PH"
"Murcia, PH","6129, PH"
"La Carlota City, PH","6130, PH"
"La Castillana, PH","6131, PH"
"Moises Padilla, PH","6132, PH"
"Sibulan, PH","6201, PH"
"San Jose, PH","6202, PH"
"Loay, PH","6202, PH"
"Amlan, PH","6203, PH"
"Tanjay City, PH","6204, PH"
"Salvaña City, PH","6205, PH"
"Pamplona, PH","6205, PH"
"Mabinay, PH","6207, PH"
"Manjuyod, PH","6208, PH"
"Bindoy, PH","6209, PH"
"Ayungon, PH","6210, PH"
"Tayasan, PH","6211, PH"
"Jimalalud, PH","6212, PH"
"La Libertad, PH","6213, PH"
"Guihulngan, PH","6214, PH"
"Valencia, PH","6215, PH"
"Bacong, PH","6216, PH"
"Dauin, PH","6217, PH"
"ais City, PH","6217, PH"
"Siaton, PH","6219, PH"
"Sta. Catalina, PH","6220, PH"
"Bayawan City, PH","6221, PH"
"Basay, PH","6222, PH"
"Canlaon City, PH","6223, PH"
"Valle Hermoso, PH","6224, PH"
"Siquij, PH","6225, PH"
"Larena, PH","6226, PH"
"SM City, PH","6226, PH"
"San Juan, PH","6227, PH"
"Lazi, PH","6228, PH"
"Maria, PH","6229, PH"
"Enrique Villanueva, PH","6230, PH"
"Dumaguete City, PH","6267, PH"
"Tagbilaran City, PH","6300, PH"
"Baclayon, PH","6301, PH"
"Alburquerque, PH","6302, PH"
"Lila, PH","6304, PH"
"Dimiao, PH","6305, PH"
"Valencia, PH","6306, PH"
"Garcia Hernandez, PH","6307, PH"
"Jagna, PH","6308, PH"
"Duero, PH","6309, PH"
"Guindulman, PH","6310, PH"
"Anda, PH","6311, PH"
"Candijay, PH","6312, PH"
"Mabini, PH","6313, PH"
"Alicia, PH","6314, PH"
"Ubay, PH","6315, PH"
"Loboc, PH","6316, PH"
"Bilar, PH","6317, PH"
"Batuan, PH","6318, PH"
"Carmen, PH","6319, PH"
"Sierra Bullones, PH","6320, PH"
"Pilar, PH","6321, PH"
"Dagohoy, PH","6322, PH"
"San Miguel, PH","6323, PH"
"Trinidad, PH","6324, PH"
"Talibon, PH","6325, PH"
"Bien Unido, PH","6326, PH"
"Loon, PH","6327, PH"
"Calape, PH","6328, PH"
"Tubigon, PH","6329, PH"
"Clarin, PH","6330, PH"
"Sagbayan, PH","6331, PH"
"Inabanga, PH","6332, PH"
"Buenavista, PH","6333, PH"
"Jetafe, PH","6334, PH"
"Antequera, PH","6335, PH"
"Maribojoc, PH","6336, PH"
"Corella, PH","6337, PH"
"Sikatuna, PH","6338, PH"
"Dauis, PH","6339, PH"
"Panglao, PH","6340, PH"
"Cortes, PH","6341, PH"
"Balilihan, PH","6342, PH"
"Catigbian, PH","6343, PH"
"Danao, PH","6344, PH"
"San Isidro, PH","6345, PH"
"Pres. Carlos P. Garcia, PH","6346, PH"
"Sevilla, PH","6347, PH"
"Catarman, PH","6400, PH"
"Bobon, PH","6401, PH"
"San Jose, PH","6402, PH"
"Lope de Vega, PH","6403, PH"
"Lavezares, PH","6404, PH"
"Allen, PH","6405, PH"
"Victoria, PH","6406, PH"
"San Antonio, PH","6407, PH"
"Capul, PH","6408, PH"
"San Isidro, PH","6409, PH"
"Biri, PH","6410, PH"
"Laoang, PH","6411, PH"
"Mapanas, PH","6412, PH"
"Pambujan, PH","6413, PH"
"Silvino Lobos, PH","6414, PH"
"San Roque, PH","6415, PH"
"Rosario, PH","6416, PH"
"Mondragon, PH","6417, PH"
"Catubig, PH","6418, PH"
"San Vicente, PH","6419, PH"
"Las Navas, PH","6420, PH"
"Palapag, PH","6421, PH"
"Gamay, PH","6422, PH"
"Lapinig, PH","6423, PH"
"Tacloban City, PH","6500, PH"
"Palo, PH","6501, PH"
"Tanuan, PH","6502, PH"
"Tolosa, PH","6503, PH"
"Tabontabon, PH","6504, PH"
"Dulag, PH","6505, PH"
"Julita, PH","6506, PH"
"Mayorga, PH","6507, PH"
"La Paz, PH","6508, PH"
"Macarthur, PH","6509, PH"
"Abuyog, PH","6510, PH"
"Javier, PH","6511, PH"
"Mahaplag, PH","6512, PH"
"Santa Fe, PH","6513, PH"
"Pastrana, PH","6514, PH"
"Dagami, PH","6515, PH"
"Burauen, PH","6516, PH"
"Alangalang, PH","6517, PH"
"San Miguel, PH","6518, PH"
"Barugo, PH","6519, PH"
"Babatngon, PH","6520, PH"
"Baybay, PH","6521, PH"
"Inopacan, PH","6522, PH"
"Hindang, PH","6523, PH"
"Hilongos, PH","6524, PH"
"Bato, PH","6525, PH"
"Matalom, PH","6526, PH"
"Jaro, PH","6527, PH"
"Tunga, PH","6528, PH"
"Carigara, PH","6529, PH"
"Capoocan, PH","6530, PH"
"Kananga, PH","6531, PH"
"Matag-ob, PH","6532, PH"
"Leyte, PH","6533, PH"
"Calubian, PH","6534, PH"
"San Isidro, PH","6535, PH"
"Tabango, PH","6536, PH"
"Villaba, PH","6537, PH"
"Palompon, PH","6538, PH"
"Isabel, PH","6539, PH"
"Merida, PH","6540, PH"
"Ormoc City, PH","6541, PH"
"Albuera, PH","6542, PH"
"Naval, PH","6543, PH"
"Almeria, PH","6544, PH"
"Kawayan, PH","6545, PH"
"Maripipi, PH","6546, PH"
"Culaba, PH","6547, PH"
"Caibiran, PH","6548, PH"
"Biliran, PH","6549, PH"
"Cabucgayan, PH","6550, PH"
"Maasin, PH","6600, PH"
"Macrohon, PH","6601, PH"
"Padre Burgos, PH","6602, PH"
"Malitbog, PH","6603, PH"
"Bontoc, PH","6604, PH"
"Tomas Oppus, PH","6605, PH"
"Sogod, PH","6606, PH"
"Silago, PH","6607, PH"
"Hinunangan, PH","6608, PH"
"Hinundayan, PH","6609, PH"
"Anahawan, PH","6610, PH"
"San Juan (Cabalian), PH","6611, PH"
"Liloan, PH","6612, PH"
"San Francisco, PH","6613, PH"
"Pintuyan, PH","6614, PH"
"Libagon, PH","6615, PH"
"St. Bernard, PH","6616, PH"
"San Ricardo, PH","6617, PH"
"Char Lang, PH","6666, PH"
"Catbalogan, PH","6700, PH"
"Jiabong, PH","6701, PH"
"Motiong, PH","6702, PH"
"Paranas (Wright), PH","6703, PH"
"Tarangnan, PH","6704, PH"
"Pagsanghan, PH","6705, PH"
"Gandara, PH","6706, PH"
"San Jorge, PH","6707, PH"
"Matuguinao, PH","6708, PH"
"Santa Margarita, PH","6709, PH"
"Calbayog City, PH","6710, PH"
"Santo Niño, PH","6711, PH"
"Tagapul-an, PH","6712, PH"
"Hinabangan, PH","6713, PH"
"San Sebastian, PH","6714, PH"
"Calbiga, PH","6715, PH"
"Pinabacdao, PH","6716, PH"
"Villareal, PH","6717, PH"
"Santa Rita, PH","6718, PH"
"Talalora, PH","6719, PH"
"Basey, PH","6720, PH"
"Marabut, PH","6721, PH"
"Daram, PH","6722, PH"
"San Jose De Buan, PH","6723, PH"
"Almagro, PH","6724, PH"
"Zumarraga, PH","6725, PH"
"Borongan, PH","6800, PH"
"Balangkayan, PH","6801, PH"
"Maydolong, PH","6802, PH"
"Llorente, PH","6803, PH"
"Hernani, PH","6804, PH"
"General MacArthur, PH","6805, PH"
"Can-avid, PH","6806, PH"
"Salcedo, PH","6807, PH"
"Mercedes, PH","6808, PH"
"Guiuan, PH","6809, PH"
"Quinapondan, PH","6810, PH"
"Giporlos, PH","6811, PH"
"Balangiga, PH","6812, PH"
"Lawaan, PH","6813, PH"
"San Julian, PH","6814, PH"
"Sulat, PH","6815, PH"
"Taft, PH","6816, PH"
"Dolores, PH","6817, PH"
"Oras, PH","6818, PH"
"Jipapad, PH","6819, PH"
"Maslog, PH","6820, PH"
"San Policarpo, PH","6821, PH"
"Arteche, PH","6822, PH"
"Zamboanga City, PH","7000, PH"
"Ipil, PH","7001, PH"
"Roseller T. Lim, PH","7002, PH"
"Titay, PH","7003, PH"
"Naga, PH","7004, PH"
"Kumalarang, PH","7005, PH"
"Kabasalan, PH","7005, PH"
"Siay, PH","7006, PH"
"Imelda, PH","7007, PH"
"Payao, PH","7008, PH"
"Buug, PH","7009, PH"
"Mabuhay, PH","7010, PH"
"Bayog, PH","7011, PH"
"Talusan, PH","7012, PH"
"Lakewood, PH","7014, PH"
"Dumalinao, PH","7015, PH"
"Pagadian City, PH","7016, PH"
"Labangan, PH","7017, PH"
"Tungawan, PH","7018, PH"
"Tukuran, PH","7019, PH"
"Aurora, PH","7020, PH"
"Midsalip, PH","7021, PH"
"Sominot, PH","7022, PH"
"Molave, PH","7023, PH"
"Ramon Magsaysay, PH","7024, PH"
"Tambulig, PH","7025, PH"
"Mahayag, PH","7026, PH"
"Josefina, PH","7027, PH"
"Dumingag, PH","7028, PH"
"San Miguel, PH","7029, PH"
"Dinas, PH","7030, PH"
"San Pablo, PH","7031, PH"
"Dimataling, PH","7032, PH"
"Pitogo, PH","7033, PH"
"Tabina, PH","7034, PH"
"Margosatubig, PH","7035, PH"
"Vincenzo A. Sagun, PH","7036, PH"
"Lapuyan, PH","7037, PH"
"Malangas, PH","7038, PH"
"Diplahan, PH","7039, PH"
"Alicia, PH","7040, PH"
"Olutanga, PH","7041, PH"
"Guipos, PH","7042, PH"
"Tigbao, PH","7043, PH"
"Dipolog City, PH","7100, PH"
"Dapitan City, PH","7101, PH"
"Roxas, PH","7102, PH"
"Sibutad, PH","7103, PH"
"Rizal, PH","7104, PH"
"Pinan, PH","7105, PH"
"Polanco, PH","7106, PH"
"Mutia, PH","7107, PH"
"Sergio Osmeña, PH","7108, PH"
"Katipunan, PH","7109, PH"
"Manukan, PH","7110, PH"
"Jose Dalman (Ponot), PH","7111, PH"
"Sindangan (Leon B. Postigo), PH","7112, PH"
"Siayan, PH","7113, PH"
"Salug, PH","7114, PH"
"Liloy, PH","7115, PH"
"Tampilisan, PH","7116, PH"
"Labason, PH","7117, PH"
"Gutalac, PH","7118, PH"
"La Libertad, PH","7119, PH"
"Siocon, PH","7120, PH"
"Siraway, PH","7121, PH"
"Sibuco, PH","7122, PH"
"Baliguian, PH","7123, PH"
"Kalawit, PH","7124, PH"
"Ozamis City, PH","7200, PH"
"Clarin, PH","7201, PH"
"Tudela, PH","7202, PH"
"Sinacaban, PH","7203, PH"
"Jimenez, PH","7204, PH"
"Panaon, PH","7205, PH"
"Aloran, PH","7206, PH"
"Oroquieta City, PH","7207, PH"
"Lopez Jaena, PH","7208, PH"
"Plaridel, PH","7209, PH"
"Calamba, PH","7210, PH"
"Baliangao, PH","7211, PH"
"Sapang Dalaga, PH","7212, PH"
"Concepcion, PH","7213, PH"
"Tangub City, PH","7214, PH"
"Bonifacio, PH","7215, PH"
"Isabela City, PH","7300, PH"
"Lantawan, PH","7301, PH"
"Lamitan City, PH","7302, PH"
"Maluso, PH","7303, PH"
"Tipo-Tipo, PH","7304, PH"
"Sumisip, PH","7305, PH"
"Tuburan, PH","7306, PH"
"Froilie, PH","7308, PH"
"Jolo, PH","7400, PH"
"Patikul, PH","7401, PH"
"Panamao, PH","7402, PH"
"Talipao, PH","7403, PH"
"Luuk, PH","7404, PH"
"Pata, PH","7405, PH"
"Tongkil, PH","7406, PH"
"Indanan, PH","7407, PH"
"Parang, PH","7408, PH"
"Maimbung, PH","7409, PH"
"Tapul, PH","7410, PH"
"Lugus, PH","7411, PH"
"Siasi, PH","7412, PH"
"Marungas, PH","7413, PH"
"Panguntaran, PH","7414, PH"
"Panglima Estino, PH","7415, PH"
"Kalingalan Kalauang, PH","7416, PH"
"Bongao, PH","7500, PH"
"Panglima Sugala (Balimbing), PH","7501, PH"
"Tandubas, PH","7502, PH"
"Sapa-Sapa, PH","7503, PH"
"South Ubian, PH","7504, PH"
"Simunul, PH","7505, PH"
"Sitangkai, PH","7506, PH"
"Turtle Island (Taganak), PH","7507, PH"
"Mapun (Cagayan de Sulu), PH","7508, PH"
"Languyan, PH","7509, PH"
"Davao City, PH","8000, PH"
"Digos City, PH","8002, PH"
"Matanao, PH","8003, PH"
"Magsaysay, PH","8004, PH"
"Bansalan, PH","8005, PH"
"Hagonoy, PH","8006, PH"
"Padada, PH","8007, PH"
"Kiblawan, PH","8008, PH"
"Sulop, PH","8009, PH"
"Malalag, PH","8010, PH"
"Santa Maria, PH","8011, PH"
"Malita, PH","8012, PH"
"Don Marcelino, PH","8013, PH"
"Jose Abad Santos, PH","8014, PH"
"Sarangani, PH","8015, PH"
"Ateneo de Davao University, PH","8016, PH"
"Tagum City, PH","8100, PH"
"Carmen, PH","8101, PH"
"Asuncion, PH","8102, PH"
"Laak (San Vicente), PH","8103, PH"
"New Corella, PH","8104, PH"
"Panabo City, PH","8105, PH"
"Nabunturan, PH","8106, PH"
"Montevista, PH","8107, PH"
"Mawab, PH","8108, PH"
"Compostela, PH","8109, PH"
"New Bataan, PH","8110, PH"
"Monkayo, PH","8111, PH"
"Santo Tomas, PH","8112, PH"
"Kapalong, PH","8113, PH"
"Maco, PH","8114, PH"
"Mabini (Doña Alicia), PH","8115, PH"
"Maragusan (San Mariano), PH","8116, PH"
"Pantukan, PH","8117, PH"
"Babak, PH","8118, PH"
"Island Garden City of Samal, PH","8119, PH"
"Kaputian, PH","8120, PH"
"Mati, PH","8200, PH"
"Tarragona, PH","8201, PH"
"San Isidro, PH","8209, PH"
"Tandag, PH","8300, PH"
"San Miguel, PH","8301, PH"
"Tago, PH","8302, PH"
"Bayabas, PH","8303, PH"
"Cagwait, PH","8304, PH"
"San Agustin, PH","8305, PH"
"Marihatag, PH","8306, PH"
"Lianga, PH","8307, PH"
"Tagbina, PH","8308, PH"
"Barobo, PH","8309, PH"
"Hinatuan, PH","8310, PH"
"Bislig, PH","8311, PH"
"Lingig, PH","8312, PH"
"Cortez, PH","8313, PH"
"Lanuza, PH","8314, PH"
"Carmen, PH","8315, PH"
"Madrid, PH","8316, PH"
"Cantillan, PH","8317, PH"
"Carrascal, PH","8318, PH"
"Surigao City, PH","8400, PH"
"San Francisco, PH","8401, PH"
"Malimano, PH","8402, PH"
"Tagana-an, PH","8403, PH"
"Sison, PH","8404, PH"
"Placer, PH","8405, PH"
"Tubod, PH","8406, PH"
"Mainit, PH","8407, PH"
"Bacuag, PH","8408, PH"
"Gigaquit, PH","8409, PH"
"Claver, PH","8410, PH"
"Cagdianao, PH","8411, PH"
"Dinagat, PH","8412, PH"
"Basilisa (Rizal), PH","8413, PH"
"Libjo (Albor), PH","8414, PH"
"Loreto, PH","8415, PH"
"Socorro, PH","8416, PH"
"Dapa, PH","8417, PH"
"Del Carmen, PH","8418, PH"
"Gen. Luna, PH","8419, PH"
"Pilar, PH","8420, PH"
"San Isidro, PH","8421, PH"
"Santa Monica, PH","8422, PH"
"San Benito, PH","8423, PH"
"Burgos, PH","8424, PH"
"Alegria, PH","8425, PH"
"Tubajon, PH","8426, PH"
"San Jose, PH","8427, PH"
"San Francisco, PH","8501, PH"
"Bayugan, PH","8502, PH"
"Sibagat, PH","8503, PH"
"Rosario, PH","8504, PH"
"Trento, PH","8505, PH"
"Bunawan, PH","8506, PH"
"Loreto, PH","8507, PH"
"La Paz, PH","8508, PH"
"Veruela, PH","8509, PH"
"Talacogon, PH","8510, PH"
"San Luis, PH","8511, PH"
"Santa Josefa, PH","8512, PH"
"Esperanza, PH","8513, PH"
"Butuan City, PH","8600, PH"
"Buenavista, PH","8601, PH"
"Nasipit, PH","8602, PH"
"Carmen, PH","8603, PH"
"Magallanes, PH","8604, PH"
"Cabadbaran City, PH","8605, PH"
"Tubay, PH","8606, PH"
"Jabonga, PH","8607, PH"
"Santiago, PH","8608, PH"
"Kitcharao, PH","8609, PH"
"Las Nieves, PH","8610, PH"
"Remedios T. Romualdez, PH","8611, PH"
"Malaybalay City, PH","8700, PH"
"Sumilao, PH","8701, PH"
"Impasugong, PH","8702, PH"
"Manolo Fortich, PH","8703, PH"
"Malitbog, PH","8704, PH"
"Phillips, PH","8705, PH"
"Libona, PH","8706, PH"
"Baungon, PH","8707, PH"
"Talakag, PH","8708, PH"
"Valencia City, PH","8709, PH"
"Musuan, PH","8710, PH"
"San Fernando, PH","8711, PH"
"Don Carlos, PH","8712, PH"
"Kadingilan, PH","8713, PH"
"Maramag, PH","8714, PH"
"Quezon, PH","8715, PH"
"Kitaotao, PH","8716, PH"
"Pangantucan, PH","8717, PH"
"Kalilangan, PH","8718, PH"
"Dangcagan, PH","8719, PH"
"Kibawe, PH","8720, PH"
"Damulog, PH","8721, PH"
"Lantapan, PH","8722, PH"
"Cabanglasan, PH","8723, PH"
"Cagayan de Oro City, PH","9000, PH"
"Tagoloan, PH","9001, PH"
"Villanueva, PH","9002, PH"
"Jasaan, PH","9003, PH"
"Claveria, PH","9004, PH"
"Balingasag, PH","9005, PH"
"Lagonglong, PH","9006, PH"
"Salay, PH","9007, PH"
"Binuangan, PH","9008, PH"
"Sugbungcogon, PH","9009, PH"
"Kinogitan, PH","9010, PH"
"Balinguan, PH","9011, PH"
"Talisayan, PH","9012, PH"
"Medina, PH","9013, PH"
"Gingoog City, PH","9014, PH"
"Magsaysay, PH","9015, PH"
"Opol, PH","9016, PH"
"El Salvador, PH","9017, PH"
"Alubijid, PH","9018, PH"
"Laguindingan, PH","9019, PH"
"Gitagum, PH","9020, PH"
"Libertad, PH","9021, PH"
"Initao, PH","9022, PH"
"Naawan, PH","9023, PH"
"Manticao, PH","9024, PH"
"Lugait, PH","9025, PH"
"Mambajao, PH","9100, PH"
"Mahinog, PH","9101, PH"
"Guinsiliban, PH","9102, PH"
"Sagay, PH","9103, PH"
"Catarman, PH","9104, PH"
"Iligan City, PH","9200, PH"
"Linamon, PH","9201, PH"
"Kauswagan, PH","9202, PH"
"Matungao, PH","9203, PH"
"Poona Piagapo, PH","9204, PH"
"Bacolod, PH","9205, PH"
"Maigo, PH","9206, PH"
"Kolambogan, PH","9207, PH"
"Pantao Ragat, PH","9208, PH"
"Tubod, PH","9209, PH"
"Baroy, PH","9210, PH"
"Lala, PH","9211, PH"
"Salvador, PH","9212, PH"
"Sapad, PH","9213, PH"
"Kapatagan, PH","9214, PH"
"Karomatan, PH","9215, PH"
"Nunungan, PH","9216, PH"
"Baloi, PH","9217, PH"
"Pantar, PH","9218, PH"
"Munai, PH","9219, PH"
"Tangkal, PH","9220, PH"
"Magsaysay, PH","9221, PH"
"Tagoloan, PH","9222, PH"
"Malabang, PH","9300, PH"
"Picong(Sultan Gumander), PH","9301, PH"
"Balabagan, PH","9302, PH"
"Marogong, PH","9303, PH"
"Tubaran, PH","9304, PH"
"Butig, PH","9305, PH"
"Lumbayanague, PH","9306, PH"
"Lumbatan, PH","9307, PH"
"Macadar Andong, PH","9308, PH"
"Bayang, PH","9309, PH"
"Binidayan, PH","9310, PH"
"Ganassi, PH","9311, PH"
"Pagayawan, PH","9312, PH"
"Pualas, PH","9313, PH"
"Madamba, PH","9314, PH"
"Madalum, PH","9315, PH"
"Bacolod Kalawi, PH","9316, PH"
"Tugaya, PH","9317, PH"
"Balindong, PH","9318, PH"
"Calanogas, PH","9319, PH"
"Bumbaran, PH","9320, PH"
"Tagoloan-II, PH","9321, PH"
"Kidapawan City, PH","9400, PH"
"Makilala, PH","9401, PH"
"M'Lang, PH","9402, PH"
"Tulunan, PH","9403, PH"
"Magpet, PH","9404, PH"
"President Roxas, PH","9405, PH"
"Matalam, PH","9406, PH"
"Kabacan, PH","9407, PH"
"Carmen, PH","9408, PH"
"Pikit, PH","9409, PH"
"Midsayap, PH","9410, PH"
"Libungan, PH","9411, PH"
"Pigkawayan, PH","9412, PH"
"Alamada, PH","9413, PH"
"Antipas, PH","9414, PH"
"Aleosan, PH","9415, PH"
"Banisilan, PH","9416, PH"
"Arakan, PH","9417, PH"
"General Santos City, PH","9500, PH"
"Alabel, PH","9501, PH"
"Maasim, PH","9502, PH"
"Malungon, PH","9503, PH"
"Polomolok, PH","9504, PH"
"Tupi, PH","9505, PH"
"Koronadal City, PH","9506, PH"
"Tampakan, PH","9507, PH"
"Norala, PH","9508, PH"
"Sto. Niño, PH","9509, PH"
"Tantangan, PH","9510, PH"
"Banga, PH","9511, PH"
"Surallah, PH","9512, PH"
"T'Boli, PH","9513, PH"
"Kiamba, PH","9514, PH"
"Maitum, PH","9515, PH"
"Malapatan, PH","9516, PH"
"Glan, PH","9517, PH"
"Cotabato City, PH","9600, PH"
"Datu Odin Sinsuat (Dinaig), PH","9601, PH"
"Upi/Datu Blah T. Sinsuat, PH","9602, PH"
"Ampatuan City, PH","9603, PH"
"South Upi, PH","9603, PH"
"Parang, PH","9604, PH"
"Sultan Kudarat/Sultan Mastura, PH","9605, PH"
"Kabuntalan/Northern Kabuntalan, PH","9606, PH"
"Datu Piang, PH","9607, PH"
"Sarip Aguak (Maganoy), PH","9608, PH"
"Ampatuan, PH","9609, PH"
"Pagalungan, PH","9610, PH"
"Sultan sa Barongis, PH","9611, PH"
"Talayan, PH","9612, PH"
"Matanog, PH","9613, PH"
"Barira, PH","9614, PH"
"Buldon, PH","9615, PH"
"Buluan, PH","9616, PH"
"Datu Paglas, PH","9617, PH"
"Gen. S.K. Pendatun, PH","9618, PH"
"Marawi City, PH","9700, PH"
"Saguiaran, PH","9701, PH"
"Mulondo, PH","9702, PH"
"Lumba Bayabao, PH","9703, PH"
"Tamparan, PH","9704, PH"
"Poona Bayabao, PH","9705, PH"
"Masui, PH","9706, PH"
"Bubong, PH","9708, PH"
"Kapai, PH","9709, PH"
"Piagapo, PH","9710, PH"
"Marantao, PH","9711, PH"
"Taraka, PH","9712, PH"
"Ramain-Ditsaan, PH","9713, PH"
"Buadiposo Buntong, PH","9714, PH"
"Maguing, PH","9715, PH"
"Wao, PH","9716, PH"
"Tacurong, PH","9800, PH"
"Columbio, PH","9801, PH"
"Mariano Marcos, PH","9802, PH"
"Lutayan, PH","9803, PH"
"Pres. Quirino, PH","9804, PH"
"Isulan, PH","9805, PH"
"Esperanza (Ampatuan), PH","9806, PH"
"Lebak (Salaman), PH","9807, PH"
"Kalamansig, PH","9808, PH"
"Palimbang, PH","9809, PH"
"Bagumbayan, PH","9810, PH"
"Sen. Ninoy Aquino, PH","9811, PH"
