name,solution,strategy,plan,idea,agency,company,firm,service,price
Advanced SEO,Advanced SEO Solutions,Advanced SEO Strategies,Advanced SEO Plans,Advanced SEO Ideas,Advanced SEO Agency,Advanced SEO Company,Advanced SEO Firm,Advanced SEO Services,Advanced SEO Price
Advertising SEO,Advertising SEO Solutions,Advertising SEO Strategies,Advertising SEO Plans,Advertising SEO Ideas,Advertising SEO Agency,Advertising SEO Company,Advertising SEO Firm,Advertising SEO Services,Advertising SEO Price
Affordable SEO,Affordable SEO Solutions,Affordable SEO Strategies,Affordable SEO Plans,Affordable SEO Ideas,Affordable SEO Agency,Affordable SEO Company,Affordable SEO Firm,Affordable SEO Services,Affordable SEO Price
Agencies SEO,Agencies SEO Solutions,Agencies SEO Strategies,Agencies SEO Plans,Agencies SEO Ideas,Agencies SEO Agency,Agencies SEO Company,Agencies SEO Firm,Agencies SEO Services,Agencies SEO Price
AI SEO,AI SEO Solutions,AI SEO Strategies,AI SEO Plans,AI SEO Ideas,AI SEO Agency,AI SEO Company,AI SEO Firm,AI SEO Services,AI SEO Price
Alexa SEO,Alexa SEO Solutions,Alexa SEO Strategies,Alexa SEO Plans,Alexa SEO Ideas,Alexa SEO Agency,Alexa SEO Company,Alexa SEO Firm,Alexa SEO Services,Alexa SEO Price
Allinone SEO,Allinone SEO Solutions,Allinone SEO Strategies,Allinone SEO Plans,Allinone SEO Ideas,Allinone SEO Agency,Allinone SEO Company,Allinone SEO Firm,Allinone SEO Services,Allinone SEO Price
AMP SEO,AMP SEO Solutions,AMP SEO Strategies,AMP SEO Plans,AMP SEO Ideas,AMP SEO Agency,AMP SEO Company,AMP SEO Firm,AMP SEO Services,AMP SEO Price
Basic SEO,Basic SEO Solutions,Basic SEO Strategies,Basic SEO Plans,Basic SEO Ideas,Basic SEO Agency,Basic SEO Company,Basic SEO Firm,Basic SEO Services,Basic SEO Price
Bing SEO,Bing SEO Solutions,Bing SEO Strategies,Bing SEO Plans,Bing SEO Ideas,Bing SEO Agency,Bing SEO Company,Bing SEO Firm,Bing SEO Services,Bing SEO Price
Black Hat SEO,Black Hat SEO Solutions,Black Hat SEO Strategies,Black Hat SEO Plans,Black Hat SEO Ideas,Black Hat SEO Agency,Black Hat SEO Company,Black Hat SEO Firm,Black Hat SEO Services,Black Hat SEO Price
Business SEO,Business SEO Solutions,Business SEO Strategies,Business SEO Plans,Business SEO Ideas,Business SEO Agency,Business SEO Company,Business SEO Firm,Business SEO Services,Business SEO Price
Cheap SEO,Cheap SEO Solutions,Cheap SEO Strategies,Cheap SEO Plans,Cheap SEO Ideas,Cheap SEO Agency,Cheap SEO Company,Cheap SEO Firm,Cheap SEO Services,Cheap SEO Price
Content Marketing SEO,Content Marketing SEO Solutions,Content Marketing SEO Strategies,Content Marketing SEO Plans,Content Marketing SEO Ideas,Content Marketing SEO Agency,Content Marketing SEO Company,Content Marketing SEO Firm,Content Marketing SEO Services,Content Marketing SEO Price
Content SEO,Content SEO Solutions,Content SEO Strategies,Content SEO Plans,Content SEO Ideas,Content SEO Agency,Content SEO Company,Content SEO Firm,Content SEO Services,Content SEO Price
Digital SEO,Digital SEO Solutions,Digital SEO Strategies,Digital SEO Plans,Digital SEO Ideas,Digital SEO Agency,Digital SEO Company,Digital SEO Firm,Digital SEO Services,Digital SEO Price
Duplicate Content SEO,Duplicate Content SEO Solutions,Duplicate Content SEO Strategies,Duplicate Content SEO Plans,Duplicate Content SEO Ideas,Duplicate Content SEO Agency,Duplicate Content SEO Company,Duplicate Content SEO Firm,Duplicate Content SEO Services,Duplicate Content SEO Price
eCommerce SEO,eCommerce SEO Solutions,eCommerce SEO Strategies,eCommerce SEO Plans,eCommerce SEO Ideas,eCommerce SEO Agency,eCommerce SEO Company,eCommerce SEO Firm,eCommerce SEO Services,eCommerce SEO Price
Enterprise SEO,Enterprise SEO Solutions,Enterprise SEO Strategies,Enterprise SEO Plans,Enterprise SEO Ideas,Enterprise SEO Agency,Enterprise SEO Company,Enterprise SEO Firm,Enterprise SEO Services,Enterprise SEO Price
Etsy SEO,Etsy SEO Solutions,Etsy SEO Strategies,Etsy SEO Plans,Etsy SEO Ideas,Etsy SEO Agency,Etsy SEO Company,Etsy SEO Firm,Etsy SEO Services,Etsy SEO Price
Fiverr SEO,Fiverr SEO Solutions,Fiverr SEO Strategies,Fiverr SEO Plans,Fiverr SEO Ideas,Fiverr SEO Agency,Fiverr SEO Company,Fiverr SEO Firm,Fiverr SEO Services,Fiverr SEO Price
Franchise SEO,Franchise SEO Solutions,Franchise SEO Strategies,Franchise SEO Plans,Franchise SEO Ideas,Franchise SEO Agency,Franchise SEO Company,Franchise SEO Firm,Franchise SEO Services,Franchise SEO Price
GoDaddy SEO,GoDaddy SEO Solutions,GoDaddy SEO Strategies,GoDaddy SEO Plans,GoDaddy SEO Ideas,GoDaddy SEO Agency,GoDaddy SEO Company,GoDaddy SEO Firm,GoDaddy SEO Services,GoDaddy SEO Price
Good SEO,Good SEO Solutions,Good SEO Strategies,Good SEO Plans,Good SEO Ideas,Good SEO Agency,Good SEO Company,Good SEO Firm,Good SEO Services,Good SEO Price
Google Maps SEO,Google Maps SEO Solutions,Google Maps SEO Strategies,Google Maps SEO Plans,Google Maps SEO Ideas,Google Maps SEO Agency,Google Maps SEO Company,Google Maps SEO Firm,Google Maps SEO Services,Google Maps SEO Price
Google My Business SEO,Google My Business SEO Solutions,Google My Business SEO Strategies,Google My Business SEO Plans,Google My Business SEO Ideas,Google My Business SEO Agency,Google My Business SEO Company,Google My Business SEO Firm,Google My Business SEO Services,Google My Business SEO Price
Google Places SEO,Google Places SEO Solutions,Google Places SEO Strategies,Google Places SEO Plans,Google Places SEO Ideas,Google Places SEO Agency,Google Places SEO Company,Google Places SEO Firm,Google Places SEO Services,Google Places SEO Price
Google SEO,Google SEO Solutions,Google SEO Strategies,Google SEO Plans,Google SEO Ideas,Google SEO Agency,Google SEO Company,Google SEO Firm,Google SEO Services,Google SEO Price
Google Sites SEO,Google Sites SEO Solutions,Google Sites SEO Strategies,Google Sites SEO Plans,Google Sites SEO Ideas,Google Sites SEO Agency,Google Sites SEO Company,Google Sites SEO Firm,Google Sites SEO Services,Google Sites SEO Price
Hubspot SEO,Hubspot SEO Solutions,Hubspot SEO Strategies,Hubspot SEO Plans,Hubspot SEO Ideas,Hubspot SEO Agency,Hubspot SEO Company,Hubspot SEO Firm,Hubspot SEO Services,Hubspot SEO Price
Improve SEO,Improve SEO Solutions,Improve SEO Strategies,Improve SEO Plans,Improve SEO Ideas,Improve SEO Agency,Improve SEO Company,Improve SEO Firm,Improve SEO Services,Improve SEO Price
In Page SEO,In Page SEO Solutions,In Page SEO Strategies,In Page SEO Plans,In Page SEO Ideas,In Page SEO Agency,In Page SEO Company,In Page SEO Firm,In Page SEO Services,In Page SEO Price
International SEO,International SEO Solutions,International SEO Strategies,International SEO Plans,International SEO Ideas,International SEO Agency,International SEO Company,International SEO Firm,International SEO Services,International SEO Price
Local SEO,Local SEO Solutions,Local SEO Strategies,Local SEO Plans,Local SEO Ideas,Local SEO Agency,Local SEO Company,Local SEO Firm,Local SEO Services,Local SEO Price
Location SEO,Location SEO Solutions,Location SEO Strategies,Location SEO Plans,Location SEO Ideas,Location SEO Agency,Location SEO Company,Location SEO Firm,Location SEO Services,Location SEO Price
Low Cost SEO,Low Cost SEO Solutions,Low Cost SEO Strategies,Low Cost SEO Plans,Low Cost SEO Ideas,Low Cost SEO Agency,Low Cost SEO Company,Low Cost SEO Firm,Low Cost SEO Services,Low Cost SEO Price
Magento SEO,Magento SEO Solutions,Magento SEO Strategies,Magento SEO Plans,Magento SEO Ideas,Magento SEO Agency,Magento SEO Company,Magento SEO Firm,Magento SEO Services,Magento SEO Price
Marketplace SEO,Marketplace SEO Solutions,Marketplace SEO Strategies,Marketplace SEO Plans,Marketplace SEO Ideas,Marketplace SEO Agency,Marketplace SEO Company,Marketplace SEO Firm,Marketplace SEO Services,Marketplace SEO Price
Mobile SEO,Mobile SEO Solutions,Mobile SEO Strategies,Mobile SEO Plans,Mobile SEO Ideas,Mobile SEO Agency,Mobile SEO Company,Mobile SEO Firm,Mobile SEO Services,Mobile SEO Price
Moz SEO,Moz SEO Solutions,Moz SEO Strategies,Moz SEO Plans,Moz SEO Ideas,Moz SEO Agency,Moz SEO Company,Moz SEO Firm,Moz SEO Services,Moz SEO Price
Multi Location SEO,Multi Location SEO Solutions,Multi Location SEO Strategies,Multi Location SEO Plans,Multi Location SEO Ideas,Multi Location SEO Agency,Multi Location SEO Company,Multi Location SEO Firm,Multi Location SEO Services,Multi Location SEO Price
Nap SEO,Nap SEO Solutions,Nap SEO Strategies,Nap SEO Plans,Nap SEO Ideas,Nap SEO Agency,Nap SEO Company,Nap SEO Firm,Nap SEO Services,Nap SEO Price
Near Me SEO,Near Me SEO Solutions,Near Me SEO Strategies,Near Me SEO Plans,Near Me SEO Ideas,Near Me SEO Agency,Near Me SEO Company,Near Me SEO Firm,Near Me SEO Services,Near Me SEO Price
Neilpatel SEO,Neilpatel SEO Solutions,Neilpatel SEO Strategies,Neilpatel SEO Plans,Neilpatel SEO Ideas,Neilpatel SEO Agency,Neilpatel SEO Company,Neilpatel SEO Firm,Neilpatel SEO Services,Neilpatel SEO Price
Off Page SEO,Off Page SEO Solutions,Off Page SEO Strategies,Off Page SEO Plans,Off Page SEO Ideas,Off Page SEO Agency,Off Page SEO Company,Off Page SEO Firm,Off Page SEO Services,Off Page SEO Price
Off Site SEO,Off Site SEO Solutions,Off Site SEO Strategies,Off Site SEO Plans,Off Site SEO Ideas,Off Site SEO Agency,Off Site SEO Company,Off Site SEO Firm,Off Site SEO Services,Off Site SEO Price
On Page SEO,On Page SEO Solutions,On Page SEO Strategies,On Page SEO Plans,On Page SEO Ideas,On Page SEO Agency,On Page SEO Company,On Page SEO Firm,On Page SEO Services,On Page SEO Price
On Site SEO,On Site SEO Solutions,On Site SEO Strategies,On Site SEO Plans,On Site SEO Ideas,On Site SEO Agency,On Site SEO Company,On Site SEO Firm,On Site SEO Services,On Site SEO Price
Online SEO,Online SEO Solutions,Online SEO Strategies,Online SEO Plans,Online SEO Ideas,Online SEO Agency,Online SEO Company,Online SEO Firm,Online SEO Services,Online SEO Price
Organic SEO,Organic SEO Solutions,Organic SEO Strategies,Organic SEO Plans,Organic SEO Ideas,Organic SEO Agency,Organic SEO Company,Organic SEO Firm,Organic SEO Services,Organic SEO Price
Product SEO,Product SEO Solutions,Product SEO Strategies,Product SEO Plans,Product SEO Ideas,Product SEO Agency,Product SEO Company,Product SEO Firm,Product SEO Services,Product SEO Price
Professional SEO,Professional SEO Solutions,Professional SEO Strategies,Professional SEO Plans,Professional SEO Ideas,Professional SEO Agency,Professional SEO Company,Professional SEO Firm,Professional SEO Services,Professional SEO Price
Real Estate SEO,Real Estate SEO Solutions,Real Estate SEO Strategies,Real Estate SEO Plans,Real Estate SEO Ideas,Real Estate SEO Agency,Real Estate SEO Company,Real Estate SEO Firm,Real Estate SEO Services,Real Estate SEO Price
Reddit SEO,Reddit SEO Solutions,Reddit SEO Strategies,Reddit SEO Plans,Reddit SEO Ideas,Reddit SEO Agency,Reddit SEO Company,Reddit SEO Firm,Reddit SEO Services,Reddit SEO Price
SaaS SEO,SaaS SEO Solutions,SaaS SEO Strategies,SaaS SEO Plans,SaaS SEO Ideas,SaaS SEO Agency,SaaS SEO Company,SaaS SEO Firm,SaaS SEO Services,SaaS SEO Price
Semrush SEO,Semrush SEO Solutions,Semrush SEO Strategies,Semrush SEO Plans,Semrush SEO Ideas,Semrush SEO Agency,Semrush SEO Company,Semrush SEO Firm,Semrush SEO Services,Semrush SEO Price
SERP SEO,SERP SEO Solutions,SERP SEO Strategies,SERP SEO Plans,SERP SEO Ideas,SERP SEO Agency,SERP SEO Company,SERP SEO Firm,SERP SEO Services,SERP SEO Price
Shop SEO,Shop SEO Solutions,Shop SEO Strategies,Shop SEO Plans,Shop SEO Ideas,Shop SEO Agency,Shop SEO Company,Shop SEO Firm,Shop SEO Services,Shop SEO Price
Shopify SEO,Shopify SEO Solutions,Shopify SEO Strategies,Shopify SEO Plans,Shopify SEO Ideas,Shopify SEO Agency,Shopify SEO Company,Shopify SEO Firm,Shopify SEO Services,Shopify SEO Price
Small Business SEO,Small Business SEO Solutions,Small Business SEO Strategies,Small Business SEO Plans,Small Business SEO Ideas,Small Business SEO Agency,Small Business SEO Company,Small Business SEO Firm,Small Business SEO Services,Small Business SEO Price
Small SEO,Small SEO Solutions,Small SEO Strategies,Small SEO Plans,Small SEO Ideas,Small SEO Agency,Small SEO Company,Small SEO Firm,Small SEO Services,Small SEO Price
Social Media SEO,Social Media SEO Solutions,Social Media SEO Strategies,Social Media SEO Plans,Social Media SEO Ideas,Social Media SEO Agency,Social Media SEO Company,Social Media SEO Firm,Social Media SEO Services,Social Media SEO Price
Squarespace SEO,Squarespace SEO Solutions,Squarespace SEO Strategies,Squarespace SEO Plans,Squarespace SEO Ideas,Squarespace SEO Agency,Squarespace SEO Company,Squarespace SEO Firm,Squarespace SEO Services,Squarespace SEO Price
Startup SEO,Startup SEO Solutions,Startup SEO Strategies,Startup SEO Plans,Startup SEO Ideas,Startup SEO Agency,Startup SEO Company,Startup SEO Firm,Startup SEO Services,Startup SEO Price
Tech SEO,Tech SEO Solutions,Tech SEO Strategies,Tech SEO Plans,Tech SEO Ideas,Tech SEO Agency,Tech SEO Company,Tech SEO Firm,Tech SEO Services,Tech SEO Price
Technical SEO,Technical SEO Solutions,Technical SEO Strategies,Technical SEO Plans,Technical SEO Ideas,Technical SEO Agency,Technical SEO Company,Technical SEO Firm,Technical SEO Services,Technical SEO Price
Top SEO,Top SEO Solutions,Top SEO Strategies,Top SEO Plans,Top SEO Ideas,Top SEO Agency,Top SEO Company,Top SEO Firm,Top SEO Services,Top SEO Price
Web Design SEO,Web Design SEO Solutions,Web Design SEO Strategies,Web Design SEO Plans,Web Design SEO Ideas,Web Design SEO Agency,Web Design SEO Company,Web Design SEO Firm,Web Design SEO Services,Web Design SEO Price
Web SEO,Web SEO Solutions,Web SEO Strategies,Web SEO Plans,Web SEO Ideas,Web SEO Agency,Web SEO Company,Web SEO Firm,Web SEO Services,Web SEO Price
Webflow SEO,Webflow SEO Solutions,Webflow SEO Strategies,Webflow SEO Plans,Webflow SEO Ideas,Webflow SEO Agency,Webflow SEO Company,Webflow SEO Firm,Webflow SEO Services,Webflow SEO Price
Website SEO,Website SEO Solutions,Website SEO Strategies,Website SEO Plans,Website SEO Ideas,Website SEO Agency,Website SEO Company,Website SEO Firm,Website SEO Services,Website SEO Price
White Hat SEO,White Hat SEO Solutions,White Hat SEO Strategies,White Hat SEO Plans,White Hat SEO Ideas,White Hat SEO Agency,White Hat SEO Company,White Hat SEO Firm,White Hat SEO Services,White Hat SEO Price
White Label SEO,White Label SEO Solutions,White Label SEO Strategies,White Label SEO Plans,White Label SEO Ideas,White Label SEO Agency,White Label SEO Company,White Label SEO Firm,White Label SEO Services,White Label SEO Price
Wix SEO,Wix SEO Solutions,Wix SEO Strategies,Wix SEO Plans,Wix SEO Ideas,Wix SEO Agency,Wix SEO Company,Wix SEO Firm,Wix SEO Services,Wix SEO Price
WooCommerce SEO,WooCommerce SEO Solutions,WooCommerce SEO Strategies,WooCommerce SEO Plans,WooCommerce SEO Ideas,WooCommerce SEO Agency,WooCommerce SEO Company,WooCommerce SEO Firm,WooCommerce SEO Services,WooCommerce SEO Price
WordPress SEO,WordPress SEO Solutions,WordPress SEO Strategies,WordPress SEO Plans,WordPress SEO Ideas,WordPress SEO Agency,WordPress SEO Company,WordPress SEO Firm,WordPress SEO Services,WordPress SEO Price
